# Blender 5.0.1
# www.blender.org
mtllib Squirtle.mtl
o SHIGGY_low.001
v -0.002231 -0.133088 0.000511
v -0.002253 -0.096797 0.000850
v -0.100989 -0.027263 0.045941
v -0.323939 -0.046702 0.115780
v -0.318933 -0.036632 0.198309
v -0.059481 -0.136639 0.165441
v -0.132703 -0.088851 0.118212
v -0.103205 -0.083259 0.076356
v -0.043610 -0.090510 0.068471
v -0.156359 -0.029800 0.113513
v 0.038413 -0.187106 0.001977
v 0.034795 -0.187106 0.008815
v 0.042837 -0.185229 0.008623
v 0.045865 -0.179860 0.016287
v 0.020080 -0.178483 0.027115
v 0.073352 -0.171271 0.009328
v 0.077637 -0.170902 0.006335
v 0.068736 -0.170049 0.013284
v 0.046874 -0.164304 0.000776
v 0.077302 -0.168811 0.002567
v 0.075474 -0.148806 0.001818
v 0.078197 -0.156591 0.015602
v 0.097770 -0.137842 0.005145
v 0.095707 -0.136435 0.001652
v 0.093079 -0.123010 0.018014
v 0.088715 -0.100447 0.000911
v 0.022788 -0.131400 0.160001
v 0.105880 -0.062597 0.103349
v 0.190324 -0.177252 0.250080
v 0.171939 -0.176003 0.258181
v 0.181648 -0.178073 0.256285
v 0.189697 -0.171040 0.257518
v 0.176628 -0.172461 0.288937
v 0.186387 -0.164724 0.260958
v 0.176154 -0.162426 0.295026
v 0.036764 -0.124041 0.242930
v 0.148781 -0.101594 0.340529
v 0.118441 -0.095021 0.216922
v 0.063783 -0.083446 0.333497
v 0.107087 -0.067584 0.295349
v 0.173261 -0.144332 0.300172
v 0.183711 -0.141457 0.296787
v 0.186464 -0.129637 0.286334
v 0.191791 -0.135075 0.292640
v 0.191607 -0.125393 0.260160
v 0.198832 -0.128148 0.254835
v 0.184846 -0.124983 0.265312
v 0.179141 -0.123801 0.281309
v 0.260188 -0.015753 0.355093
v 0.181161 -0.100249 0.416172
v 0.208648 -0.079155 0.451308
v -0.007450 -0.134933 0.000574
v -0.008574 -0.124233 0.000576
v -0.001429 -0.125805 0.000508
v 0.004507 -0.139024 0.000479
v -0.000653 -0.144510 0.000552
v 0.008734 -0.131798 0.000444
v 0.003926 -0.097772 0.000741
v 0.002706 -0.106328 0.000603
v -0.004512 -0.103245 0.000730
v -0.009272 -0.100511 0.000981
v -0.004383 -0.093007 0.001133
v 0.003686 -0.091718 0.000981
v -0.106926 -0.020851 0.040759
v -0.100972 -0.015779 0.034522
v -0.094832 -0.019124 0.036375
v -0.108709 -0.028828 0.048369
v -0.112663 -0.022227 0.044540
v -0.089874 -0.023402 0.034231
v -0.092811 -0.034720 0.042210
v -0.315695 -0.047351 0.106512
v -0.303949 -0.046661 0.125127
v -0.319989 -0.045450 0.130991
v -0.345226 -0.044970 0.113119
v -0.337057 -0.045832 0.092731
v -0.343836 -0.043110 0.136002
v -0.337554 -0.038737 0.186689
v -0.318385 -0.040541 0.177294
v -0.303383 -0.037384 0.195677
v -0.322806 -0.029462 0.210322
v -0.349661 -0.030259 0.197613
v -0.298841 -0.029780 0.211120
v -0.050735 -0.136416 0.154154
v -0.040131 -0.137834 0.167010
v -0.054820 -0.138038 0.175606
v -0.070382 -0.134259 0.163721
v -0.064573 -0.132975 0.145932
v -0.070156 -0.135809 0.178808
v -0.122126 -0.096551 0.112232
v -0.123326 -0.101872 0.127317
v -0.136843 -0.089303 0.129086
v -0.146474 -0.070852 0.122425
v -0.137365 -0.076840 0.109728
v -0.124055 -0.084782 0.097302
v -0.092142 -0.084353 0.070128
v -0.074654 -0.106348 0.076627
v -0.077545 -0.105967 0.082240
v -0.081218 -0.109598 0.088857
v -0.104914 -0.096181 0.088833
v -0.125677 -0.069835 0.086333
v -0.128308 -0.052572 0.079092
v -0.112417 -0.060512 0.067665
v -0.101185 -0.062714 0.064686
v -0.046270 -0.091944 0.073057
v -0.057531 -0.075307 0.071158
v -0.052009 -0.073336 0.068540
v -0.038187 -0.077332 0.066678
v -0.036802 -0.083044 0.061974
v -0.041061 -0.098623 0.064431
v -0.045031 -0.070111 0.065012
v -0.154995 -0.024014 0.106816
v -0.149857 -0.034530 0.100614
v -0.150331 -0.047322 0.111938
v -0.159152 -0.041688 0.126422
v -0.162485 -0.019403 0.122462
v -0.157809 -0.012666 0.110454
v 0.034621 -0.185726 0.001963
v 0.037909 -0.181992 0.000765
v 0.041833 -0.184499 0.001750
v 0.043300 -0.185934 0.004652
v 0.038822 -0.188825 0.004066
v 0.033969 -0.187961 0.005110
v 0.038916 -0.187544 0.008269
v 0.030921 -0.183532 0.014195
v 0.027491 -0.182777 0.009486
v 0.037521 -0.183340 0.016066
v 0.047747 -0.179728 0.009141
v 0.045716 -0.178550 0.031712
v 0.033952 -0.180602 0.030844
v 0.057393 -0.172987 0.019329
v 0.058956 -0.172872 0.031412
v 0.056037 -0.173426 0.012718
v 0.016782 -0.176981 0.015589
v 0.000608 -0.170182 0.026435
v 0.001185 -0.169153 0.016349
v 0.017314 -0.177903 0.046955
v -0.000673 -0.170386 0.042421
v 0.032622 -0.180134 0.049692
v 0.072485 -0.173228 0.005308
v 0.077722 -0.168099 0.008393
v 0.064596 -0.171913 0.006295
v 0.076893 -0.163673 0.011553
v 0.072483 -0.169791 0.001594
v 0.077957 -0.165374 0.003805
v 0.069654 -0.166197 0.019179
v 0.028591 -0.159322 0.000527
v 0.032820 -0.153486 0.000500
v 0.049783 -0.157548 0.000711
v 0.052041 -0.169482 0.001892
v 0.043197 -0.175730 0.001112
v 0.037034 -0.171856 0.000612
v 0.063165 -0.164839 0.001397
v 0.063287 -0.168515 0.002327
v 0.063758 -0.159221 0.001112
v 0.072731 -0.165232 0.001402
v 0.073925 -0.153893 0.002101
v 0.065358 -0.151909 0.001016
v 0.068131 -0.142372 0.000826
v 0.079970 -0.142883 0.001220
v 0.083753 -0.148268 0.005860
v 0.078865 -0.155585 0.007018
v 0.078128 -0.160492 0.005735
v 0.087241 -0.144917 0.013190
v 0.081273 -0.152780 0.027520
v 0.071654 -0.164050 0.029853
v 0.089570 -0.138737 0.023241
v 0.094077 -0.143631 0.005793
v 0.090288 -0.140609 0.000825
v 0.092981 -0.129825 0.003188
v 0.095610 -0.130953 0.007503
v 0.094630 -0.135605 0.010994
v 0.087327 -0.131275 0.001121
v 0.092939 -0.119536 0.009755
v 0.092814 -0.107024 0.009371
v 0.092326 -0.106894 0.016317
v 0.097112 -0.118434 0.033842
v 0.094208 -0.135154 0.038620
v 0.095166 -0.104648 0.030969
v 0.083648 -0.098832 0.000511
v 0.084689 -0.095144 0.003124
v 0.090871 -0.098071 0.003683
v 0.088066 -0.107616 0.000888
v 0.081996 -0.106528 0.000002
v 0.092231 -0.107714 0.004199
v 0.011276 -0.131595 0.163941
v -0.004209 -0.140913 0.146095
v -0.000298 -0.138361 0.143463
v 0.000040 -0.138939 0.141575
v 0.021465 -0.133248 0.155275
v 0.044127 -0.129238 0.156576
v 0.045924 -0.129201 0.161466
v 0.050642 -0.129453 0.171253
v 0.033652 -0.130886 0.174455
v 0.023627 -0.130877 0.177673
v 0.098631 -0.071771 0.098746
v 0.092971 -0.062907 0.087081
v 0.096565 -0.054418 0.087207
v 0.100894 -0.038981 0.087433
v 0.110536 -0.041006 0.100916
v 0.105032 -0.082436 0.115433
v 0.099991 -0.085175 0.110899
v 0.116098 -0.060232 0.118926
v 0.112719 -0.078813 0.125705
v 0.119450 -0.040576 0.115840
v 0.184392 -0.177444 0.247330
v 0.185782 -0.172047 0.245350
v 0.191083 -0.171972 0.249097
v 0.192145 -0.171623 0.253600
v 0.190355 -0.177459 0.254067
v 0.183118 -0.179377 0.251778
v 0.155026 -0.175880 0.254838
v 0.154932 -0.174540 0.245992
v 0.170745 -0.177123 0.249089
v 0.187582 -0.175804 0.257763
v 0.181259 -0.172534 0.262674
v 0.176970 -0.170353 0.268644
v 0.169101 -0.173067 0.266522
v 0.156112 -0.174792 0.264904
v 0.190271 -0.162823 0.254199
v 0.176288 -0.171608 0.283709
v 0.180049 -0.166949 0.283739
v 0.180021 -0.168950 0.290077
v 0.170906 -0.171169 0.291255
v 0.170101 -0.172200 0.285095
v 0.173196 -0.167570 0.294687
v 0.190421 -0.152758 0.254177
v 0.187649 -0.153702 0.260115
v 0.183821 -0.155134 0.267448
v 0.181324 -0.164057 0.268667
v 0.180968 -0.161249 0.290071
v 0.183659 -0.151261 0.289654
v 0.180562 -0.150068 0.294686
v 0.166555 -0.155485 0.300159
v 0.161987 -0.162352 0.298162
v 0.033875 -0.124070 0.226614
v 0.041729 -0.124712 0.221524
v 0.044489 -0.123271 0.230172
v 0.048753 -0.126412 0.237203
v 0.041612 -0.132204 0.250148
v 0.029943 -0.129296 0.248597
v 0.028599 -0.129454 0.230180
v 0.126121 -0.109425 0.346035
v 0.114342 -0.100251 0.336438
v 0.128301 -0.092534 0.329179
v 0.159534 -0.112776 0.360540
v 0.136192 -0.117380 0.361595
v 0.137378 -0.079571 0.320893
v 0.155283 -0.084094 0.327782
v 0.126018 -0.083940 0.214435
v 0.127363 -0.080974 0.228501
v 0.123098 -0.087249 0.230524
v 0.116315 -0.096491 0.222218
v 0.103660 -0.108079 0.214797
v 0.103850 -0.108961 0.209934
v 0.121219 -0.089163 0.232408
v 0.072078 -0.083333 0.335388
v 0.053898 -0.081470 0.343091
v 0.045967 -0.082037 0.340165
v 0.042178 -0.087157 0.332680
v 0.046924 -0.088583 0.330303
v 0.066798 -0.083844 0.329782
v 0.032522 -0.085147 0.336306
v 0.098762 -0.076341 0.310608
v 0.099206 -0.079738 0.311239
v 0.105585 -0.074921 0.297071
v 0.113422 -0.071579 0.285598
v 0.116951 -0.064912 0.285284
v 0.105020 -0.064778 0.299218
v 0.097340 -0.073835 0.311285
v 0.188217 -0.143395 0.293878
v 0.186463 -0.136837 0.296212
v 0.175188 -0.134555 0.299146
v 0.162237 -0.128774 0.306123
v 0.159169 -0.138630 0.308401
v 0.154220 -0.149028 0.307942
v 0.192568 -0.138625 0.293071
v 0.178230 -0.125462 0.289751
v 0.187341 -0.130942 0.290431
v 0.192284 -0.134239 0.289448
v 0.189942 -0.132796 0.284945
v 0.185804 -0.129941 0.278024
v 0.186838 -0.133005 0.293975
v 0.192917 -0.138271 0.288642
v 0.193574 -0.124112 0.255845
v 0.183702 -0.121849 0.255841
v 0.194642 -0.130107 0.261508
v 0.197890 -0.128944 0.257908
v 0.189708 -0.131676 0.267552
v 0.196851 -0.134735 0.251590
v 0.192668 -0.131576 0.247646
v 0.194129 -0.125636 0.251539
v 0.196654 -0.136096 0.256321
v 0.173304 -0.116662 0.256477
v 0.175678 -0.118635 0.267458
v 0.164401 -0.111496 0.283953
v 0.164661 -0.114989 0.293041
v 0.250229 -0.022349 0.351070
v 0.248203 -0.010835 0.346933
v 0.262336 -0.007587 0.354101
v 0.265966 -0.019315 0.360320
v 0.254251 -0.030733 0.357590
v 0.272794 -0.009002 0.358899
v 0.177802 -0.103170 0.413104
v 0.183512 -0.101993 0.405188
v 0.185631 -0.100193 0.412971
v 0.178985 -0.098776 0.425862
v 0.172497 -0.103891 0.425446
v 0.184433 -0.098779 0.424927
v 0.200564 -0.084117 0.457900
v 0.199686 -0.087515 0.447120
v 0.211845 -0.080022 0.441494
v 0.212023 -0.074784 0.456643
v 0.199821 -0.080447 0.466803
v 0.218190 -0.070385 0.444371
v 0.222083 -0.068539 0.430754
v 0.228035 -0.062803 0.434434
v 0.222187 -0.065687 0.449329
v 0.212572 -0.070405 0.462970
v 0.213474 -0.081641 0.428512
v 0.212538 -0.083450 0.416134
v 0.222907 -0.069427 0.418002
v 0.197736 -0.092239 0.433836
v 0.196253 -0.095047 0.420821
v 0.194900 -0.096376 0.409773
v 0.210680 -0.085088 0.406424
v 0.183759 -0.095119 0.440418
v 0.174928 -0.096089 0.440087
v 0.184654 -0.091481 0.453219
v 0.170330 -0.093610 0.452370
v 0.157409 -0.100418 0.449772
v 0.165236 -0.103281 0.438006
v 0.183600 -0.086980 0.463183
v 0.165777 -0.089856 0.463030
v 0.150340 -0.095383 0.460769
v 0.134474 -0.100537 0.456524
v 0.143377 -0.106165 0.445024
v 0.161980 -0.084463 0.471773
v 0.144224 -0.088351 0.471068
v 0.126561 -0.092369 0.467689
v 0.109294 -0.096223 0.461533
v 0.118735 -0.105126 0.449861
v 0.138882 -0.078870 0.480859
v 0.119576 -0.081701 0.478258
v 0.100926 -0.084671 0.472392
v 0.083276 -0.086813 0.463465
v 0.092674 -0.099217 0.452539
v 0.113794 -0.068874 0.487900
v 0.093843 -0.070811 0.481998
v 0.075608 -0.071878 0.472789
v 0.058968 -0.072037 0.461506
v 0.067067 -0.087283 0.452114
v 0.088636 -0.054804 0.489961
v 0.069786 -0.055271 0.480750
v 0.053111 -0.054831 0.468737
v 0.038048 -0.053971 0.454831
v 0.044330 -0.070445 0.447778
v 0.065256 -0.037513 0.486920
v 0.048402 -0.037041 0.474029
v 0.033198 -0.036537 0.459564
v 0.020897 -0.035106 0.443525
v 0.025607 -0.051787 0.439197
v 0.044751 -0.018734 0.477205
v 0.030319 -0.018406 0.461850
v 0.017945 -0.017719 0.445839
v 0.009080 -0.016526 0.430616
v 0.012505 -0.032601 0.428357
v 0.029197 0.000000 0.462534
v 0.016769 0.000000 0.446647
v 0.007404 0.000000 0.431670
v 0.004205 0.000000 0.421778
v 0.006023 -0.015177 0.420684
v 0.002030 0.000000 0.413736
v -0.000292 0.000000 0.407663
v 0.001349 -0.013159 0.407378
v 0.004018 -0.014146 0.413435
v 0.003228 -0.026632 0.405087
v 0.006465 -0.028264 0.411453
v 0.009003 -0.030224 0.418690
v 0.009732 -0.041578 0.407979
v 0.012619 -0.044533 0.415069
v 0.017149 -0.047956 0.424468
v 0.018492 -0.057760 0.408850
v 0.023591 -0.062546 0.418349
v 0.032232 -0.067386 0.432547
v 0.032022 -0.075984 0.409992
v 0.041014 -0.082013 0.423822
v 0.052787 -0.085776 0.438648
v 0.051246 -0.094833 0.413450
v 0.063185 -0.098876 0.427902
v 0.077095 -0.100287 0.441178
v 0.074739 -0.109347 0.415964
v 0.088353 -0.110413 0.429117
v 0.103265 -0.108709 0.440620
v 0.100894 -0.117398 0.416941
v 0.114833 -0.115094 0.428621
v 0.129180 -0.111092 0.438018
v 0.127564 -0.118665 0.417256
v 0.140420 -0.114499 0.426507
v 0.153085 -0.109437 0.433284
v 0.151878 -0.115758 0.415599
v 0.162518 -0.110890 0.421651
v 0.163528 -0.115195 0.405273
v 0.171068 -0.110780 0.409977
v 0.176317 -0.113701 0.396297
v 0.180479 -0.108442 0.400603
v 0.194564 -0.109039 0.391052
v 0.194441 -0.103671 0.395993
v 0.194104 -0.098766 0.401129
v 0.211177 -0.092072 0.393856
v 0.209727 -0.088109 0.398474
v 0.226147 -0.078749 0.393159
v 0.223466 -0.074507 0.398516
v 0.222319 -0.071577 0.406456
v 0.236064 -0.065812 0.398945
v 0.232378 -0.063938 0.407937
v 0.229855 -0.062897 0.420021
v 0.243776 -0.054253 0.411008
v 0.239298 -0.054239 0.424820
v 0.232532 -0.056018 0.440173
v 0.243241 -0.042237 0.432133
v 0.234144 -0.045952 0.448373
v 0.223063 -0.048872 0.464045
v 0.223511 -0.059487 0.455471
v 0.211169 -0.063300 0.469545
v 0.208123 -0.050369 0.477229
v 0.191114 -0.050759 0.486394
v 0.194508 -0.064562 0.478810
v 0.221920 -0.033731 0.472902
v 0.206263 -0.034630 0.485038
v 0.188907 -0.035025 0.493804
v 0.169787 -0.035414 0.499892
v 0.172262 -0.051204 0.492937
v 0.205483 -0.017598 0.490475
v 0.187452 -0.017898 0.498959
v 0.167991 -0.018074 0.504554
v 0.147363 -0.018236 0.507862
v 0.149229 -0.035707 0.503464
v 0.167225 0.000000 0.506315
v 0.146603 0.000000 0.509548
v 0.124824 0.000000 0.509986
v 0.125677 -0.018429 0.508435
v 0.102740 0.000000 0.507293
v 0.081267 0.000000 0.501181
v 0.082144 -0.018822 0.500071
v 0.103664 -0.018690 0.506004
v 0.084706 -0.037299 0.496194
v 0.105864 -0.036774 0.502112
v 0.127709 -0.036117 0.504289
v 0.109263 -0.053710 0.495849
v 0.130606 -0.052452 0.497972
v 0.151844 -0.051699 0.496957
v 0.134330 -0.066882 0.490093
v 0.154922 -0.065515 0.488969
v 0.175356 -0.064674 0.484753
v 0.158304 -0.076456 0.480268
v 0.178751 -0.075207 0.477491
v 0.197611 -0.074363 0.472151
v 0.181590 -0.081827 0.470750
v 0.062071 -0.018880 0.490667
v 0.060888 0.000000 0.491586
v 0.043450 0.000000 0.478129
v -0.014829 0.000000 0.406778
v -0.014414 -0.012955 0.405682
v -0.005982 -0.012917 0.406698
v -0.011760 -0.027303 0.401879
v -0.003633 -0.026427 0.403047
v -0.006109 -0.040931 0.397866
v 0.000684 -0.039400 0.399600
v 0.006884 -0.039205 0.402056
v 0.008080 -0.051420 0.394888
v 0.013348 -0.051251 0.397876
v 0.015592 -0.054160 0.402687
v 0.021389 -0.062824 0.392060
v 0.023332 -0.066128 0.395946
v 0.026406 -0.070074 0.401017
v 0.032866 -0.076794 0.386745
v 0.035628 -0.081026 0.390841
v 0.041640 -0.088062 0.399777
v 0.045140 -0.089787 0.378719
v 0.052613 -0.097964 0.388337
v 0.062796 -0.105145 0.401751
v 0.065426 -0.105657 0.376627
v 0.076002 -0.113120 0.389714
v 0.087867 -0.116983 0.403706
v 0.093159 -0.118196 0.377791
v 0.103741 -0.121517 0.392103
v 0.115313 -0.121303 0.405626
v 0.122580 -0.122649 0.382582
v 0.131388 -0.122229 0.395789
v 0.141103 -0.119762 0.406867
v 0.148584 -0.120533 0.387946
v 0.155501 -0.118569 0.397602
v 0.168182 -0.117183 0.382662
v 0.171511 -0.116533 0.390076
v 0.191790 -0.112053 0.380714
v 0.193610 -0.111692 0.385947
v 0.212151 -0.099555 0.380549
v 0.212831 -0.098676 0.384677
v 0.212703 -0.096172 0.389012
v 0.228637 -0.084206 0.384277
v 0.227738 -0.082052 0.388134
v 0.241803 -0.070987 0.384265
v 0.240124 -0.069661 0.387827
v 0.238303 -0.068073 0.392308
v 0.251689 -0.055917 0.388735
v 0.250234 -0.055108 0.392760
v 0.247866 -0.054264 0.399796
v 0.261303 -0.040500 0.394337
v 0.258067 -0.039737 0.403074
v 0.251865 -0.039984 0.416338
v 0.265539 -0.025529 0.407261
v 0.256325 -0.027130 0.422993
v 0.245772 -0.029609 0.440012
v 0.258387 -0.013465 0.428077
v 0.247371 -0.014809 0.446283
v 0.235520 -0.016216 0.463824
v 0.234898 -0.032102 0.457445
v 0.221613 -0.017080 0.478767
v 0.221434 0.000000 0.480994
v 0.205171 0.000000 0.492531
v -0.031083 0.000000 0.389981
v -0.021661 0.000000 0.401244
v -0.029682 -0.013471 0.389497
v -0.020612 -0.013252 0.400264
v -0.025942 -0.027272 0.387512
v -0.017870 -0.027444 0.397327
v -0.020473 -0.041260 0.384193
v -0.012276 -0.041598 0.392962
v -0.013918 -0.054223 0.380004
v -0.004329 -0.053918 0.388078
v 0.002096 -0.053288 0.393267
v 0.003970 -0.064620 0.381735
v 0.010612 -0.064300 0.386932
v 0.016690 -0.061965 0.388405
v 0.020579 -0.072095 0.377852
v 0.026157 -0.070087 0.380392
v 0.030413 -0.072652 0.383656
v 0.036579 -0.074080 0.369509
v 0.039177 -0.078948 0.371660
v 0.041549 -0.084068 0.374323
v 0.049728 -0.084899 0.359800
v 0.052560 -0.090221 0.362516
v 0.057391 -0.096911 0.367355
v 0.069028 -0.095472 0.351352
v 0.075106 -0.102302 0.356038
v 0.083570 -0.110911 0.365092
v 0.095484 -0.103875 0.345653
v 0.104896 -0.112848 0.354296
v 0.114025 -0.119750 0.367739
v 0.142721 -0.120589 0.376450
v 0.165226 -0.116323 0.374333
v 0.185342 -0.105602 0.365424
v 0.189296 -0.109724 0.375284
v 0.206385 -0.094323 0.369820
v 0.210013 -0.098065 0.376396
v 0.224094 -0.081151 0.372796
v 0.227148 -0.084317 0.376829
v 0.228756 -0.085413 0.380490
v 0.241692 -0.071212 0.377457
v 0.242678 -0.071971 0.380797
v 0.254479 -0.057618 0.377768
v 0.254787 -0.057891 0.381268
v 0.253387 -0.056968 0.384891
v 0.265262 -0.042850 0.381883
v 0.263864 -0.042203 0.385666
v 0.262764 -0.041382 0.389290
v 0.275185 -0.026093 0.383264
v 0.273981 -0.025512 0.387952
v 0.271342 -0.025105 0.395269
v 0.280237 -0.010962 0.385925
v 0.276483 -0.011364 0.395879
v 0.268629 -0.012238 0.410836
v 0.259083 0.000000 0.429866
v -0.068390 -0.000000 0.371588
v -0.048541 -0.000000 0.379999
v -0.067354 -0.016900 0.371907
v -0.047079 -0.015181 0.379364
v -0.063545 -0.033354 0.370267
v -0.043611 -0.030100 0.378203
v -0.057013 -0.048963 0.366994
v -0.038067 -0.044628 0.375433
v -0.048333 -0.063192 0.362718
v -0.030415 -0.057963 0.371285
v -0.036788 -0.074961 0.356664
v -0.020338 -0.069167 0.365665
v -0.005636 -0.064977 0.373975
v -0.006994 -0.076766 0.358339
v 0.005279 -0.071769 0.365706
v 0.013882 -0.072460 0.372466
v 0.017792 -0.075123 0.355525
v 0.025278 -0.076317 0.361836
v 0.031843 -0.075209 0.366759
v 0.038155 -0.078145 0.351368
v 0.043330 -0.077762 0.354765
v 0.047129 -0.080200 0.357469
v 0.058866 -0.082663 0.345255
v 0.062507 -0.085966 0.347167
v 0.065753 -0.090187 0.349172
v 0.080621 -0.088483 0.337951
v 0.083988 -0.092123 0.339360
v 0.088405 -0.096808 0.341598
v 0.100643 -0.089321 0.330384
v 0.105506 -0.093537 0.332349
v 0.112565 -0.081929 0.322300
v 0.117803 -0.086014 0.324469
v 0.121765 -0.070988 0.315508
v 0.127383 -0.074547 0.317389
v 0.135237 -0.059640 0.311091
v 0.144453 -0.062814 0.313755
v 0.129665 -0.056904 0.309573
v 0.136547 -0.038790 0.304869
v 0.141757 -0.040809 0.305988
v 0.118265 -0.068420 0.314420
v 0.126128 -0.054636 0.308663
v 0.132806 -0.037024 0.304257
v 0.137269 -0.018441 0.301415
v 0.140863 -0.019287 0.301822
v 0.122855 -0.052595 0.308052
v 0.129638 -0.035609 0.304009
v 0.134195 -0.017696 0.301199
v 0.134940 0.000000 0.299983
v 0.138047 0.000000 0.300171
v 0.126505 -0.034203 0.303848
v 0.131159 -0.016928 0.300950
v 0.128481 -0.016307 0.300194
v 0.129755 0.000000 0.299218
v 0.128557 0.000000 0.297312
v -0.087661 -0.000000 0.361087
v -0.104305 -0.019433 0.347689
v -0.086518 -0.018215 0.360980
v -0.099498 -0.038466 0.346012
v -0.082236 -0.036086 0.359251
v -0.092607 -0.056736 0.343705
v -0.074983 -0.052747 0.355887
v -0.082291 -0.072981 0.339389
v -0.065679 -0.068158 0.351935
v -0.069198 -0.086894 0.333983
v -0.053324 -0.081242 0.346345
v -0.053949 -0.098177 0.327764
v -0.038663 -0.091616 0.339999
v -0.022604 -0.084123 0.349850
v -0.021817 -0.098574 0.333046
v -0.005426 -0.089630 0.342777
v 0.008501 -0.081032 0.349574
v 0.009231 -0.090520 0.335356
v 0.021023 -0.081661 0.341051
v 0.031490 -0.078490 0.346817
v 0.018317 -0.090141 0.329832
v 0.004908 -0.100534 0.320554
v 0.011030 -0.099981 0.316900
v 0.025735 -0.092420 0.327350
v -0.005819 -0.100985 0.326331
v -0.020288 -0.110273 0.314117
v -0.006379 -0.110825 0.307929
v -0.037145 -0.106202 0.320971
v -0.050489 -0.112751 0.307468
v -0.032600 -0.117127 0.300542
v -0.067797 -0.103863 0.313889
v -0.079615 -0.108053 0.298462
v -0.061877 -0.118007 0.292602
v -0.083771 -0.091714 0.319674
v -0.096537 -0.095592 0.304118
v -0.107203 -0.098318 0.287796
v -0.089981 -0.111708 0.282758
v -0.097529 -0.077030 0.324831
v -0.110658 -0.079457 0.308514
v -0.122159 -0.081740 0.291778
v -0.131968 -0.084276 0.274299
v -0.116531 -0.100949 0.271069
v -0.121444 -0.061057 0.311844
v -0.133981 -0.063057 0.294677
v -0.143871 -0.064909 0.275957
v -0.151661 -0.066271 0.256513
v -0.139553 -0.086095 0.255370
v -0.143208 -0.043158 0.296788
v -0.153496 -0.044300 0.277346
v -0.160781 -0.044900 0.257248
v -0.167379 -0.045327 0.236691
v -0.157581 -0.066772 0.236462
v -0.158944 -0.022374 0.278321
v -0.166078 -0.022620 0.257567
v -0.172351 -0.022750 0.236563
v -0.175968 -0.022360 0.214676
v -0.170558 -0.044855 0.215158
v -0.167704 -0.000000 0.257591
v -0.172572 -0.000000 0.236272
v -0.176155 -0.000000 0.214282
v -0.178098 -0.000000 0.191286
v -0.176517 -0.021666 0.191777
v -0.174314 -0.000000 0.168021
v -0.170405 -0.019265 0.144456
v -0.174763 -0.020643 0.168536
v -0.166636 -0.042123 0.148428
v -0.169849 -0.043105 0.171233
v -0.171060 -0.043994 0.193338
v -0.161827 -0.066186 0.174816
v -0.162742 -0.066434 0.195276
v -0.161253 -0.066662 0.215983
v -0.149475 -0.086765 0.196686
v -0.147891 -0.086598 0.216141
v -0.144475 -0.086431 0.235688
v -0.132948 -0.104644 0.215693
v -0.129777 -0.104410 0.234686
v -0.124187 -0.103116 0.253348
v -0.112118 -0.117790 0.232570
v -0.106343 -0.116680 0.250063
v -0.098810 -0.114536 0.266709
v -0.087423 -0.127086 0.245800
v -0.079893 -0.124992 0.261547
v -0.071483 -0.121975 0.277106
v -0.059982 -0.132432 0.256010
v -0.051903 -0.128627 0.271195
v -0.042977 -0.123477 0.286157
v -0.031712 -0.131166 0.265113
v -0.024490 -0.124576 0.279753
v -0.015650 -0.118215 0.294212
v -0.010349 -0.124845 0.275237
v -0.004730 -0.117494 0.289672
v 0.001843 -0.109623 0.303979
v 0.001316 -0.116533 0.286872
v 0.006887 -0.108808 0.301802
v 0.016476 -0.102060 0.315494
v 0.011870 -0.111928 0.301479
v 0.021149 -0.105423 0.315383
v 0.033981 -0.097358 0.324215
v 0.030307 -0.095276 0.325913
v 0.049628 -0.090007 0.328506
v 0.037319 -0.098915 0.322434
v 0.051858 -0.091809 0.327489
v 0.069313 -0.086050 0.327195
v 0.068182 -0.084588 0.327845
v 0.085186 -0.079793 0.321740
v 0.085004 -0.078702 0.322701
v 0.085289 -0.078626 0.324286
v 0.096911 -0.070606 0.314591
v 0.098280 -0.070910 0.316598
v 0.100554 -0.072407 0.318254
v 0.086217 -0.079415 0.326201
v 0.103565 -0.074367 0.319463
v 0.090136 -0.080840 0.327495
v 0.106476 -0.076548 0.320444
v 0.093925 -0.083241 0.328479
v 0.076896 -0.085131 0.336751
v 0.097164 -0.086012 0.329363
v 0.109110 -0.078696 0.321465
v 0.114985 -0.065943 0.313543
v 0.111898 -0.063707 0.312512
v 0.119537 -0.050597 0.307473
v 0.108906 -0.061672 0.311172
v 0.116459 -0.048887 0.306527
v 0.123513 -0.032891 0.303305
v 0.114313 -0.048005 0.303898
v 0.122175 -0.032596 0.300822
v 0.127401 -0.016225 0.298025
v 0.123253 -0.033388 0.297808
v 0.128185 -0.016539 0.295179
v 0.129167 0.000000 0.294576
v 0.129506 -0.016953 0.292153
v 0.130379 0.000000 0.291792
v 0.131724 0.000000 0.288756
v -0.121496 -0.000000 0.332324
v -0.135225 -0.021346 0.316135
v -0.120143 -0.020479 0.332433
v -0.130374 -0.041874 0.314929
v -0.115403 -0.040377 0.331136
v -0.107266 -0.058950 0.327897
v -0.148232 -0.021954 0.297840
v -0.159649 -0.000000 0.278069
v -0.156053 -0.000000 0.091802
v -0.153877 -0.000000 0.091478
v -0.159126 -0.000000 0.093169
v -0.159416 -0.005126 0.092067
v -0.156256 -0.004712 0.090787
v -0.165177 -0.000000 0.097126
v -0.165824 -0.005987 0.096100
v -0.167473 -0.012010 0.093385
v -0.160246 -0.010490 0.089347
v -0.175341 -0.006760 0.104578
v -0.178082 -0.013401 0.101680
v -0.182901 -0.019868 0.096225
v -0.170539 -0.018158 0.088182
v -0.185193 -0.007230 0.115006
v -0.188878 -0.014400 0.111777
v -0.195208 -0.021714 0.105708
v -0.204337 -0.028260 0.096162
v -0.190044 -0.025419 0.087305
v -0.199495 -0.015908 0.123097
v -0.207136 -0.024243 0.116360
v -0.218187 -0.031790 0.106029
v -0.229870 -0.036380 0.092758
v -0.214492 -0.032598 0.083469
v -0.218043 -0.027552 0.128263
v -0.230795 -0.035480 0.117119
v -0.244073 -0.039131 0.102887
v -0.255037 -0.041145 0.086480
v -0.239540 -0.038514 0.077221
v -0.243033 -0.038037 0.128646
v -0.256908 -0.041116 0.113133
v -0.269043 -0.043338 0.096217
v -0.280606 -0.044127 0.077101
v -0.264549 -0.041957 0.068306
v -0.269034 -0.042969 0.123446
v -0.281132 -0.045472 0.106040
v -0.294641 -0.045923 0.086360
v -0.308128 -0.044293 0.065932
v -0.290544 -0.042837 0.056623
v -0.292357 -0.046770 0.116177
v -0.306317 -0.047111 0.096329
v -0.323750 -0.045285 0.077358
v -0.339973 -0.041730 0.062269
v -0.319393 -0.040419 0.047948
v -0.357378 -0.042739 0.083110
v -0.372879 -0.034453 0.075835
v -0.352201 -0.033354 0.051147
v -0.367415 -0.042524 0.110428
v -0.384734 -0.034249 0.107530
v -0.395456 -0.019611 0.105634
v -0.382735 -0.019937 0.071439
v -0.366667 -0.040907 0.139492
v -0.384257 -0.032604 0.141402
v -0.394866 -0.018629 0.142387
v -0.398446 0.000000 0.105025
v -0.372125 -0.031314 0.173046
v -0.381619 -0.017720 0.176915
v -0.356962 -0.017335 0.204240
v -0.299063 0.000000 0.222783
v -0.359860 -0.019136 0.044701
v -0.334883 0.000000 0.025493
v -0.333084 -0.017781 0.027690
v -0.327684 -0.031684 0.035062
v -0.306530 -0.015706 0.018932
v -0.302703 -0.028938 0.026286
v -0.297397 -0.038333 0.038768
v -0.278928 -0.025156 0.021821
v -0.275236 -0.034722 0.032949
v -0.271010 -0.040397 0.049379
v -0.253803 -0.029772 0.029079
v -0.250858 -0.036030 0.043415
v -0.246719 -0.038603 0.060247
v -0.230943 -0.030870 0.038222
v -0.228022 -0.034014 0.053281
v -0.222772 -0.034464 0.068762
v -0.208934 -0.029694 0.046978
v -0.205192 -0.030460 0.061117
v -0.198395 -0.029094 0.075076
v -0.187213 -0.027325 0.054710
v -0.182132 -0.026387 0.067968
v -0.175922 -0.023253 0.079639
v -0.166918 -0.024786 0.063696
v -0.164333 -0.021602 0.075889
v -0.161879 -0.016317 0.084616
v -0.156755 -0.019952 0.074686
v -0.156318 -0.014746 0.083018
v -0.156308 -0.009573 0.087879
v -0.152415 -0.013538 0.082460
v -0.153223 -0.008729 0.087521
v -0.153656 -0.004383 0.090393
v -0.150559 -0.009174 0.088994
v -0.151705 -0.004867 0.092028
v -0.152091 -0.000000 0.093224
v -0.151829 -0.006128 0.094829
v -0.152517 -0.000000 0.096143
v -0.153429 -0.000000 0.098540
v -0.158891 -0.000000 0.111957
v -0.154095 -0.008747 0.100592
v -0.156032 -0.010593 0.105473
v -0.152776 -0.007435 0.097373
v -0.151128 -0.013648 0.094276
v -0.152293 -0.016304 0.097445
v -0.150280 -0.011383 0.091598
v -0.147558 -0.016292 0.085913
v -0.147936 -0.019758 0.088600
v -0.148860 -0.013566 0.083461
v -0.146429 -0.017775 0.074771
v -0.143185 -0.020454 0.077025
v -0.151028 -0.018423 0.074072
v -0.148202 -0.021768 0.063089
v -0.142606 -0.020877 0.064293
v -0.155929 -0.023261 0.062564
v -0.154600 -0.023838 0.049002
v -0.143631 -0.022632 0.050399
v -0.169600 -0.025328 0.050262
v -0.171229 -0.023761 0.039176
v -0.153954 -0.022100 0.037892
v -0.189824 -0.026218 0.042135
v -0.191096 -0.022934 0.031196
v -0.172008 -0.020510 0.030044
v -0.211010 -0.026489 0.033885
v -0.212405 -0.020920 0.023885
v -0.191785 -0.017976 0.023024
v -0.233140 -0.024993 0.026031
v -0.234740 -0.017291 0.017506
v -0.213187 -0.014435 0.017295
v -0.256356 -0.021084 0.019046
v -0.258412 -0.010655 0.012922
v -0.235573 -0.008778 0.012632
v -0.281811 -0.013192 0.014860
v -0.282877 0.000000 0.012543
v -0.259050 0.000000 0.010969
v -0.235842 0.000000 0.010902
v -0.213623 -0.000000 0.011829
v -0.213526 -0.007398 0.013321
v -0.192386 -0.000000 0.013180
v -0.192352 -0.006443 0.014449
v -0.192187 -0.012497 0.017744
v -0.172362 -0.005835 0.016018
v -0.172394 -0.011228 0.018854
v -0.172311 -0.016147 0.023369
v -0.154180 -0.010583 0.020476
v -0.154300 -0.015096 0.024478
v -0.154232 -0.018906 0.029953
v -0.137575 -0.014622 0.026352
v -0.138279 -0.018216 0.031763
v -0.140053 -0.021022 0.039261
v -0.125422 -0.018360 0.035270
v -0.129688 -0.020794 0.043014
v -0.136092 -0.021909 0.052929
v -0.123408 -0.021160 0.046729
v -0.130851 -0.022606 0.055960
v -0.137800 -0.022696 0.066638
v -0.126912 -0.027105 0.058252
v -0.135254 -0.027690 0.068921
v -0.142406 -0.024955 0.079441
v -0.133183 -0.033473 0.071262
v -0.142202 -0.029691 0.082109
v -0.148618 -0.023349 0.091317
v -0.141470 -0.035125 0.085507
v -0.149312 -0.027734 0.094814
v -0.153575 -0.019609 0.101328
v -0.139782 -0.043629 0.091407
v -0.139929 -0.059219 0.099126
v -0.130793 -0.039627 0.074161
v -0.118906 -0.043451 0.062683
v -0.123502 -0.033441 0.059917
v -0.115179 -0.031067 0.051985
v -0.108655 -0.044515 0.057495
v -0.119262 -0.024240 0.049441
v -0.117120 -0.019745 0.040394
v -0.112913 -0.017612 0.035139
v -0.123616 -0.015259 0.029885
v -0.122690 -0.010915 0.025504
v -0.110283 -0.012934 0.029598
v -0.137384 -0.010408 0.022619
v -0.137265 -0.005419 0.020130
v -0.122363 -0.005785 0.022593
v -0.154004 -0.005534 0.017839
v -0.221553 0.000000 0.173157
v -0.210900 0.000000 0.156900
v -0.237231 -0.014164 0.187138
v -0.223584 -0.012207 0.170830
v -0.253401 0.000000 0.204742
v -0.254488 -0.015878 0.202007
v -0.258760 -0.029078 0.193799
v -0.242160 -0.026667 0.179629
v -0.274869 -0.016866 0.213867
v -0.277968 -0.030076 0.204771
v -0.285691 -0.037594 0.189357
v -0.268416 -0.036913 0.180035
v -0.298746 -0.017104 0.220605
v -0.326696 -0.017158 0.218834
v -0.282496 -0.040943 0.162050
v -0.267600 -0.040679 0.151876
v -0.252831 -0.035291 0.167636
v -0.299509 -0.040778 0.170145
v -0.313374 -0.042922 0.150586
v -0.295669 -0.043932 0.143103
v -0.334186 -0.041806 0.157774
v -0.356010 -0.039763 0.166087
v -0.281190 -0.044085 0.133708
v -0.254986 -0.039717 0.140380
v -0.228798 -0.030778 0.141109
v -0.240066 -0.033241 0.154216
v -0.218891 -0.020655 0.149843
v -0.229210 -0.023563 0.164578
v -0.213073 -0.010326 0.155078
v -0.209322 -0.018015 0.135799
v -0.203855 -0.008881 0.140314
v -0.194777 -0.007866 0.127011
v -0.122288 0.000000 0.021517
v -0.109177 -0.006757 0.025401
v -0.097705 -0.008462 0.028535
v -0.088317 0.000000 0.025676
v -0.090052 -0.010027 0.028577
v -0.085679 -0.011693 0.026879
v -0.079756 0.000000 0.027115
v -0.081326 -0.012320 0.028461
v -0.072054 0.000000 0.031657
v -0.073613 -0.012184 0.034313
v -0.077263 -0.012350 0.031411
v -0.076068 -0.024780 0.039576
v -0.079686 -0.025172 0.036193
v -0.084379 -0.025298 0.033297
v -0.081594 -0.038869 0.043347
v -0.086605 -0.038669 0.040617
v -0.082116 -0.052032 0.052405
v -0.086147 -0.052804 0.049247
v -0.091774 -0.051217 0.049323
v -0.082433 -0.066688 0.058595
v -0.087489 -0.067100 0.057674
v -0.091808 -0.066164 0.058869
v -0.096762 -0.047660 0.051731
v -0.096147 -0.064818 0.061166
v -0.101250 -0.045122 0.055454
v -0.082747 -0.085092 0.064800
v -0.086965 -0.085092 0.067004
v -0.068333 -0.105300 0.068274
v -0.072222 -0.106697 0.071032
v -0.052871 -0.124554 0.081751
v -0.055365 -0.124530 0.086400
v -0.056881 -0.123089 0.091576
v -0.040688 -0.133347 0.107853
v -0.041791 -0.130472 0.110777
v -0.043776 -0.128894 0.113921
v -0.058739 -0.121831 0.096300
v -0.046696 -0.129735 0.117386
v -0.061999 -0.122405 0.101315
v -0.050293 -0.131137 0.121919
v -0.065725 -0.123963 0.107965
v -0.083587 -0.114420 0.100363
v -0.105140 -0.105279 0.104204
v -0.072840 -0.125819 0.123017
v -0.088443 -0.119021 0.119217
v -0.106775 -0.111397 0.121784
v -0.094827 -0.122219 0.139331
v -0.110792 -0.115008 0.140408
v -0.126807 -0.103742 0.143149
v -0.114715 -0.116668 0.159078
v -0.130632 -0.104527 0.160281
v -0.146393 -0.087497 0.159543
v -0.142245 -0.088379 0.142968
v -0.158395 -0.065995 0.155089
v -0.153129 -0.066753 0.136752
v -0.148482 -0.086676 0.177663
v -0.133154 -0.104503 0.178284
v -0.133948 -0.104460 0.196810
v -0.117203 -0.117504 0.177582
v -0.117644 -0.117986 0.196026
v -0.115896 -0.118108 0.214451
v -0.100944 -0.127001 0.195121
v -0.098339 -0.127722 0.212612
v -0.093693 -0.127908 0.229518
v -0.079730 -0.134565 0.210279
v -0.074050 -0.135148 0.225700
v -0.067348 -0.134587 0.240927
v -0.052950 -0.139287 0.220863
v -0.045641 -0.138459 0.235319
v -0.039260 -0.135918 0.250282
v -0.025477 -0.138817 0.229821
v -0.020106 -0.136301 0.244956
v -0.014758 -0.131611 0.260262
v -0.005453 -0.135763 0.241315
v -0.004172 -0.131239 0.257535
v -0.002257 -0.124448 0.272452
v 0.004632 -0.131186 0.255857
v 0.005314 -0.125152 0.270862
v 0.007425 -0.118113 0.285628
v 0.011130 -0.130420 0.272177
v 0.011838 -0.123197 0.287036
v 0.016088 -0.115253 0.301737
v 0.017736 -0.125970 0.287564
v 0.021702 -0.116053 0.300558
v 0.030775 -0.108582 0.312542
v 0.025912 -0.107612 0.314425
v 0.040713 -0.100485 0.321384
v 0.034530 -0.109515 0.311348
v 0.043709 -0.102588 0.321736
v 0.056246 -0.096442 0.327956
v 0.054081 -0.093987 0.327176
v 0.071934 -0.090391 0.327786
v 0.070442 -0.088073 0.326989
v 0.086960 -0.083814 0.321529
v 0.085750 -0.081600 0.321210
v 0.096619 -0.071749 0.312648
v 0.104145 -0.061840 0.302184
v 0.104102 -0.059764 0.305806
v 0.114500 -0.048853 0.300312
v 0.106119 -0.060022 0.309108
v 0.115277 -0.050682 0.297461
v 0.116726 -0.052663 0.294113
v 0.126171 -0.036278 0.291487
v 0.124612 -0.035069 0.294731
v 0.130891 -0.017274 0.289067
v 0.128075 -0.037401 0.287091
v 0.132529 -0.017700 0.284806
v 0.133440 0.000000 0.284347
v 0.134780 -0.018358 0.277083
v 0.138509 0.000000 0.265202
v 0.141581 0.000000 0.251982
v -0.062744 0.000000 0.032297
v -0.067754 0.000000 0.032482
v -0.063834 -0.013789 0.035391
v -0.068938 -0.012589 0.035724
v -0.066330 -0.027489 0.040782
v -0.071341 -0.025634 0.041063
v -0.067708 -0.040882 0.047654
v -0.073340 -0.039076 0.048020
v -0.078145 -0.037909 0.047332
v -0.073484 -0.051762 0.055858
v -0.078664 -0.050681 0.056123
v -0.068859 -0.064435 0.063488
v -0.075589 -0.064059 0.064432
v -0.079744 -0.065340 0.061914
v -0.064015 -0.077060 0.072244
v -0.068432 -0.080248 0.068401
v -0.072278 -0.082518 0.064846
v -0.053963 -0.096855 0.069595
v -0.058190 -0.099776 0.066288
v -0.063775 -0.103223 0.065691
v -0.077390 -0.084330 0.063474
v -0.045750 -0.122055 0.074969
v -0.049915 -0.123746 0.077714
v -0.032332 -0.137009 0.094755
v -0.035333 -0.137079 0.098203
v -0.038114 -0.136143 0.102730
v -0.018398 -0.140985 0.121097
v -0.021200 -0.139367 0.124189
v -0.024466 -0.136442 0.127244
v -0.010537 -0.142084 0.147500
v -0.013916 -0.140361 0.149437
v -0.026434 -0.133559 0.129794
v -0.016903 -0.136451 0.151972
v -0.028394 -0.131017 0.132359
v -0.020333 -0.133673 0.154260
v -0.032502 -0.131935 0.135567
v -0.024607 -0.134908 0.156952
v -0.036338 -0.133640 0.139052
v -0.029697 -0.136497 0.160394
v -0.041796 -0.135262 0.144298
v -0.056736 -0.132208 0.130774
v -0.079657 -0.127907 0.141479
v -0.084271 -0.129801 0.160461
v -0.099168 -0.124220 0.158815
v -0.085425 -0.131578 0.178121
v -0.101130 -0.125701 0.177299
v -0.083796 -0.133346 0.194523
v -0.065817 -0.137590 0.192705
v -0.059688 -0.138859 0.206674
v -0.047151 -0.139331 0.187620
v -0.039419 -0.139905 0.201138
v -0.031808 -0.140036 0.215203
v -0.022571 -0.139131 0.195762
v -0.015129 -0.139257 0.210570
v -0.009633 -0.138210 0.225645
v -0.005075 -0.137515 0.207557
v 0.000793 -0.136493 0.222824
v 0.003918 -0.134565 0.239077
v 0.008078 -0.141142 0.221014
v 0.011165 -0.139692 0.237777
v 0.011554 -0.136098 0.255547
v 0.019534 -0.142754 0.236110
v 0.019197 -0.139463 0.254471
v 0.017743 -0.134318 0.272767
v 0.026010 -0.135931 0.251748
v 0.024236 -0.132234 0.271018
v 0.023462 -0.124730 0.285709
v 0.029065 -0.129726 0.269879
v 0.028381 -0.125456 0.285548
v 0.029996 -0.119197 0.299931
v 0.026004 -0.116061 0.299269
v 0.037633 -0.112647 0.312168
v 0.033507 -0.123446 0.301368
v 0.040459 -0.116307 0.313897
v 0.049594 -0.109395 0.324799
v 0.046394 -0.105551 0.322971
v 0.061788 -0.102945 0.330116
v 0.058719 -0.099324 0.328735
v 0.076250 -0.095782 0.329356
v 0.073749 -0.092913 0.328302
v 0.090188 -0.088484 0.323117
v 0.088200 -0.086239 0.322090
v 0.100856 -0.081827 0.312584
v 0.093175 -0.091076 0.323886
v 0.103200 -0.084000 0.313708
v 0.109857 -0.080023 0.301123
v 0.107180 -0.077710 0.299274
v 0.114325 -0.079830 0.288007
v 0.111866 -0.076980 0.286093
v 0.118476 -0.080966 0.273515
v 0.118907 -0.076341 0.273294
v 0.121484 -0.070877 0.273923
v 0.124129 -0.077262 0.258685
v 0.126780 -0.072241 0.258652
v 0.129794 -0.065271 0.258170
v 0.124501 -0.063956 0.274013
v 0.133418 -0.055180 0.257055
v 0.128694 -0.054576 0.273010
v 0.123477 -0.054413 0.283029
v 0.134047 -0.038420 0.269814
v 0.130814 -0.037943 0.279988
v 0.119183 -0.053788 0.290096
v 0.137549 -0.019028 0.266127
v 0.137751 -0.038484 0.254702
v 0.140732 -0.019411 0.252731
v 0.140196 -0.038253 0.237891
v 0.143136 -0.019444 0.236427
v 0.143843 0.000000 0.235943
v 0.144211 -0.019259 0.219546
v 0.144982 0.000000 0.219117
v 0.138130 -0.000000 0.148016
v 0.141600 -0.000000 0.166252
v 0.141366 -0.019319 0.166544
v 0.137525 -0.019572 0.148200
v 0.143962 -0.000000 0.184237
v 0.143631 -0.019167 0.184639
v 0.141271 -0.037650 0.186189
v 0.139098 -0.037879 0.168068
v 0.144507 -0.019148 0.202290
v 0.141903 -0.037605 0.203798
v 0.137829 -0.054888 0.206326
v 0.137344 -0.055046 0.188894
v 0.141384 -0.037839 0.220910
v 0.137445 -0.055020 0.223098
v 0.132706 -0.069209 0.225676
v 0.132503 -0.070347 0.209904
v 0.136205 -0.055262 0.239870
v 0.132112 -0.067517 0.241476
v 0.128360 -0.076119 0.242827
v 0.125594 -0.080867 0.243736
v 0.123291 -0.084227 0.244468
v 0.122109 -0.081526 0.258720
v 0.124334 -0.085056 0.259386
v 0.123865 -0.087984 0.245383
v 0.122252 -0.083252 0.274724
v 0.117785 -0.081712 0.289744
v 0.121640 -0.083892 0.291120
v 0.126380 -0.085268 0.275773
v 0.128212 -0.087082 0.259858
v 0.131220 -0.087958 0.276287
v 0.132055 -0.089205 0.260065
v 0.130991 -0.092217 0.245567
v 0.127213 -0.090034 0.245499
v 0.128569 -0.097209 0.234511
v 0.124368 -0.094403 0.234380
v 0.121375 -0.092217 0.234146
v 0.118698 -0.101818 0.225787
v 0.116155 -0.098997 0.225144
v 0.108004 -0.112842 0.220698
v 0.104713 -0.109402 0.219330
v 0.094425 -0.122499 0.220583
v 0.091096 -0.118130 0.219757
v 0.088659 -0.116268 0.215018
v 0.072947 -0.121059 0.220212
v 0.070068 -0.122810 0.214232
v 0.087355 -0.118022 0.209087
v 0.076023 -0.124754 0.224116
v 0.079521 -0.130537 0.224389
v 0.068293 -0.138577 0.231481
v 0.062269 -0.129897 0.230385
v 0.059374 -0.123764 0.228454
v 0.052797 -0.135031 0.239420
v 0.055100 -0.123700 0.222300
v 0.052037 -0.125332 0.215524
v 0.067245 -0.124479 0.207796
v 0.048726 -0.127506 0.205923
v 0.063820 -0.126260 0.199745
v 0.082849 -0.121804 0.193136
v 0.085807 -0.119852 0.202603
v 0.100503 -0.112982 0.187469
v 0.103069 -0.111005 0.200785
v 0.113677 -0.100670 0.183436
v 0.116595 -0.098131 0.200262
v 0.122722 -0.087199 0.179324
v 0.124665 -0.085788 0.196787
v 0.130272 -0.072055 0.174711
v 0.131769 -0.071215 0.192602
v 0.135559 -0.055411 0.170797
v 0.126976 -0.073346 0.156773
v 0.132091 -0.056217 0.152223
v 0.135479 -0.038438 0.149444
v 0.125173 -0.057766 0.134718
v 0.128218 -0.039376 0.131943
v 0.130169 -0.019922 0.130956
v 0.121705 -0.020279 0.115123
v 0.113233 -0.020358 0.100419
v 0.104059 -0.000000 0.086967
v 0.090803 -0.000000 0.075245
v 0.076299 0.000000 0.063926
v 0.103253 -0.019658 0.087007
v 0.089959 -0.018556 0.075484
v 0.075785 -0.018080 0.064455
v 0.088213 -0.035729 0.076026
v 0.074537 -0.033843 0.065681
v 0.059468 -0.032926 0.057168
v 0.060199 -0.018240 0.055377
v 0.060531 0.000000 0.054561
v 0.043758 -0.018525 0.047803
v -0.045681 -0.000000 0.031283
v -0.056857 0.000000 0.031720
v -0.047071 -0.016321 0.033828
v -0.058268 -0.015048 0.034633
v -0.048489 -0.031665 0.039418
v -0.060451 -0.029513 0.040164
v -0.046919 -0.043704 0.045748
v -0.060643 -0.042718 0.047039
v -0.043025 -0.052445 0.051297
v -0.057656 -0.052988 0.053506
v -0.066931 -0.052702 0.054864
v -0.052439 -0.062361 0.059856
v -0.060813 -0.064090 0.062022
v -0.038650 -0.059320 0.055838
v -0.033412 -0.064938 0.059490
v -0.018612 -0.060432 0.055016
v -0.016035 -0.065020 0.057564
v -0.029096 -0.069897 0.062015
v -0.021690 -0.055648 0.051799
v -0.005302 -0.052939 0.050196
v -0.003470 -0.057703 0.053083
v -0.025229 -0.049788 0.048296
v -0.007632 -0.047545 0.047160
v 0.009950 -0.046833 0.047849
v 0.011264 -0.052217 0.050528
v -0.028373 -0.042589 0.044203
v -0.009913 -0.041119 0.043736
v 0.008753 -0.040855 0.045033
v 0.026551 -0.041137 0.047517
v 0.027145 -0.047584 0.049967
v -0.011030 -0.033076 0.040146
v 0.008114 -0.033363 0.042074
v 0.026178 -0.032904 0.044908
v 0.043324 -0.032603 0.050103
v 0.043225 -0.041385 0.052120
v 0.008517 -0.018950 0.038136
v 0.026474 -0.018794 0.041894
v 0.009258 0.000000 0.036538
v -0.010025 -0.018464 0.035626
v -0.029068 -0.017226 0.034160
v -0.030082 -0.032476 0.039324
v 0.058770 -0.042822 0.058768
v 0.058256 -0.049800 0.060189
v 0.043262 -0.048245 0.054019
v 0.057721 -0.054745 0.061567
v 0.043207 -0.053468 0.055994
v 0.027670 -0.052769 0.052321
v 0.043099 -0.057787 0.057881
v 0.027989 -0.057299 0.054876
v 0.012216 -0.057029 0.053368
v 0.028382 -0.061384 0.054491
v 0.012837 -0.061613 0.054285
v -0.002179 -0.062382 0.055010
v 0.013216 -0.064056 0.050376
v -0.001596 -0.065702 0.051587
v -0.015104 -0.069050 0.054052
v -0.001180 -0.068366 0.047116
v -0.014307 -0.072323 0.049631
v -0.025943 -0.078894 0.053399
v -0.027398 -0.074813 0.058085
v -0.034697 -0.088034 0.057163
v -0.024080 -0.082917 0.047709
v -0.031896 -0.093195 0.050709
v -0.036154 -0.109662 0.053929
v -0.038702 -0.104276 0.060297
v -0.033658 -0.131491 0.060896
v -0.035036 -0.126984 0.067808
v -0.035768 -0.123517 0.071135
v -0.025081 -0.145359 0.081295
v -0.025621 -0.141022 0.086958
v -0.025422 -0.137447 0.090127
v -0.036952 -0.119494 0.074537
v -0.025411 -0.135890 0.091441
v -0.037919 -0.118556 0.075236
v -0.026874 -0.134971 0.092450
v -0.039303 -0.118712 0.075697
v -0.050060 -0.094370 0.073253
v -0.041842 -0.119717 0.075155
v -0.029196 -0.135920 0.093128
v -0.011907 -0.141996 0.114669
v -0.014282 -0.141534 0.116554
v -0.016452 -0.141559 0.118616
v 0.001465 -0.140772 0.138659
v 0.003025 -0.143363 0.136256
v 0.022489 -0.139863 0.148017
v 0.021575 -0.136610 0.151390
v 0.043654 -0.135164 0.148218
v 0.043545 -0.130943 0.152616
v 0.062668 -0.128343 0.143990
v 0.063376 -0.124937 0.148036
v 0.065016 -0.124204 0.152148
v 0.078800 -0.117177 0.141279
v 0.081570 -0.116935 0.145276
v 0.085498 -0.117169 0.150553
v 0.067290 -0.124745 0.157431
v 0.090352 -0.116818 0.158539
v 0.071405 -0.124914 0.165318
v 0.095949 -0.115297 0.172199
v 0.077382 -0.123793 0.179126
v 0.057948 -0.128246 0.185972
v 0.042600 -0.129759 0.190627
v 0.032392 -0.129977 0.193943
v 0.038741 -0.127580 0.209844
v 0.030851 -0.127944 0.212637
v 0.024764 -0.130545 0.196640
v 0.016302 -0.132337 0.181151
v 0.026034 -0.133829 0.215023
v 0.020989 -0.137426 0.198445
v 0.013484 -0.140510 0.182324
v 0.000320 -0.143455 0.167105
v 0.005148 -0.137651 0.165599
v 0.017397 -0.144777 0.200194
v 0.007082 -0.146202 0.184604
v -0.006681 -0.143469 0.170084
v -0.000131 -0.143558 0.187835
v -0.009802 -0.138509 0.172098
v -0.004551 -0.137412 0.189998
v -0.014644 -0.135772 0.174504
v -0.012141 -0.137596 0.192504
v -0.020428 -0.137150 0.176856
v -0.030601 -0.138428 0.181062
v 0.002814 -0.140377 0.205128
v 0.009447 -0.145688 0.203041
v 0.016070 -0.145319 0.219386
v 0.023456 -0.141675 0.217031
v 0.026422 -0.137826 0.233104
v 0.104293 -0.105606 0.151712
v 0.109630 -0.103064 0.166916
v 0.114247 -0.091694 0.145788
v 0.119304 -0.089016 0.162054
v 0.120845 -0.075551 0.139957
v 0.107536 -0.094530 0.133126
v 0.098420 -0.107458 0.141527
v 0.094009 -0.108168 0.136042
v 0.102062 -0.096502 0.126225
v 0.090501 -0.108606 0.132259
v 0.097448 -0.097960 0.121922
v 0.088032 -0.110577 0.128200
v 0.094346 -0.099537 0.118599
v 0.096795 -0.086870 0.108169
v 0.094153 -0.102614 0.114694
v 0.095618 -0.089871 0.104430
v 0.094154 -0.078934 0.094499
v 0.095891 -0.075047 0.097172
v 0.089428 -0.071204 0.085816
v 0.090952 -0.066928 0.086978
v 0.081092 -0.065465 0.077203
v 0.082377 -0.061412 0.077253
v 0.083875 -0.057031 0.076793
v 0.071109 -0.057409 0.068615
v 0.072114 -0.052818 0.067611
v 0.073246 -0.045521 0.066718
v 0.085895 -0.048982 0.076391
v 0.070072 -0.061626 0.069449
v 0.057055 -0.059047 0.062864
v 0.070930 -0.064941 0.067269
v 0.057810 -0.062747 0.060812
v 0.043550 -0.061837 0.056626
v 0.059169 -0.065420 0.057261
v 0.044430 -0.064485 0.052820
v 0.028893 -0.063831 0.050525
v 0.045319 -0.067353 0.048820
v 0.029415 -0.066565 0.046240
v 0.013554 -0.066648 0.045886
v 0.030006 -0.069436 0.041586
v 0.013849 -0.069331 0.041159
v -0.000812 -0.070955 0.042560
v 0.014108 -0.072120 0.034830
v -0.000454 -0.073813 0.035942
v -0.012109 -0.079087 0.036885
v -0.013332 -0.075447 0.044923
v -0.021533 -0.087676 0.038052
v -0.011098 -0.082164 0.024901
v -0.019472 -0.091576 0.024961
v -0.025958 -0.104746 0.026273
v -0.028497 -0.099400 0.039683
v -0.029424 -0.121839 0.029609
v -0.032685 -0.116084 0.042725
v -0.027105 -0.140512 0.034262
v -0.030559 -0.136831 0.048884
v -0.017000 -0.157431 0.038549
v -0.019271 -0.155454 0.055185
v -0.022374 -0.150990 0.070360
v -0.002868 -0.168600 0.060621
v -0.005583 -0.164303 0.078617
v -0.009118 -0.158913 0.094050
v 0.012549 -0.171036 0.084631
v 0.009779 -0.165162 0.102223
v 0.006725 -0.158787 0.116991
v -0.011253 -0.152509 0.104722
v 0.005044 -0.152162 0.126655
v -0.011709 -0.147100 0.110452
v 0.004312 -0.147053 0.132659
v -0.011573 -0.143956 0.113084
v 0.024968 -0.150010 0.135372
v 0.023880 -0.144193 0.143116
v 0.044061 -0.144514 0.137559
v 0.043779 -0.139272 0.143934
v 0.062487 -0.137560 0.134386
v 0.062529 -0.132387 0.140139
v 0.077746 -0.128763 0.127955
v 0.077494 -0.124043 0.133066
v 0.077376 -0.120015 0.136900
v 0.088253 -0.114132 0.124358
v 0.089074 -0.118338 0.119890
v 0.095926 -0.106143 0.110583
v 0.089874 -0.124237 0.111761
v 0.097929 -0.110872 0.104232
v 0.100177 -0.096840 0.095359
v 0.097616 -0.092972 0.100571
v 0.097557 -0.085604 0.086381
v 0.095395 -0.082268 0.091013
v 0.092082 -0.077407 0.078586
v 0.090333 -0.074540 0.082730
v 0.083670 -0.071001 0.071521
v 0.082023 -0.068726 0.074848
v 0.072525 -0.067263 0.064002
v 0.085571 -0.074855 0.065992
v 0.074149 -0.070733 0.059596
v 0.060434 -0.068611 0.053350
v 0.075766 -0.075497 0.052888
v 0.061840 -0.072435 0.048187
v 0.046371 -0.070575 0.044033
v 0.063332 -0.077911 0.038739
v 0.047695 -0.075112 0.035907
v 0.030733 -0.072933 0.034426
v 0.048207 -0.079645 0.024597
v 0.031236 -0.076675 0.024502
v 0.014518 -0.075445 0.024634
v 0.031332 -0.079369 0.016315
v 0.014949 -0.078142 0.015015
v 0.000619 -0.079158 0.013957
v 0.000028 -0.076922 0.024795
v -0.010363 -0.084040 0.013953
v 0.001382 -0.081495 0.007291
v -0.009217 -0.086149 0.006882
v -0.017130 -0.095507 0.007719
v -0.018411 -0.093747 0.014592
v -0.022527 -0.109059 0.008951
v -0.024259 -0.107573 0.015923
v -0.024475 -0.125285 0.009865
v -0.026685 -0.124632 0.017830
v -0.022922 -0.142448 0.009896
v -0.024413 -0.142156 0.020333
v -0.013598 -0.158252 0.012604
v -0.014848 -0.157991 0.023518
v -0.021240 -0.141551 0.004560
v -0.012554 -0.157595 0.005589
v 0.002181 -0.167443 0.008605
v -0.009774 -0.154454 0.001758
v 0.004411 -0.163912 0.002936
v 0.019242 -0.170657 0.002575
v 0.016518 -0.174663 0.007830
v 0.030674 -0.177174 0.001327
v 0.027249 -0.180770 0.004563
v 0.023206 -0.165475 0.000754
v 0.007502 -0.158608 0.000812
v 0.011178 -0.153025 0.000547
v 0.016285 -0.146669 0.000470
v -0.005695 -0.149549 0.000671
v -0.012578 -0.137710 0.000698
v -0.017789 -0.139762 0.001564
v -0.018311 -0.124663 0.001889
v -0.013634 -0.124442 0.000768
v -0.022218 -0.124993 0.005243
v -0.020360 -0.109885 0.004716
v -0.016785 -0.110746 0.001814
v -0.012791 -0.098409 0.001907
v -0.012193 -0.111917 0.000780
v -0.015321 -0.096901 0.004060
v -0.007715 -0.088334 0.003480
v -0.006035 -0.090593 0.001842
v 0.002933 -0.087564 0.001797
v 0.002081 -0.084041 0.003797
v 0.015206 -0.083304 0.004179
v 0.015126 -0.087650 0.001593
v 0.015206 -0.080402 0.008598
v 0.031176 -0.081626 0.009555
v 0.030683 -0.084816 0.004187
v 0.046351 -0.087193 0.003800
v 0.045339 -0.092474 0.000932
v 0.029928 -0.089649 0.001354
v 0.047106 -0.084192 0.009482
v 0.062489 -0.087636 0.008765
v 0.061160 -0.090360 0.003511
v 0.047714 -0.082176 0.016378
v 0.063624 -0.086046 0.015301
v 0.075934 -0.089711 0.014819
v 0.075062 -0.090856 0.007905
v 0.064071 -0.083287 0.025237
v 0.076475 -0.086771 0.027040
v 0.085221 -0.090477 0.028783
v 0.084409 -0.092993 0.015531
v 0.076580 -0.081370 0.041585
v 0.087037 -0.085906 0.043891
v 0.094214 -0.092336 0.045694
v 0.091285 -0.096028 0.029882
v 0.086919 -0.080280 0.056595
v 0.094970 -0.086981 0.059864
v 0.101034 -0.097285 0.063582
v 0.099126 -0.101798 0.047516
v 0.093829 -0.081341 0.071737
v 0.100050 -0.090898 0.078003
v 0.102746 -0.103508 0.084681
v 0.103374 -0.110596 0.068126
v 0.099742 -0.126272 0.073827
v 0.097929 -0.131817 0.055791
v 0.101328 -0.115360 0.050735
v 0.099627 -0.118727 0.091198
v 0.090393 -0.132615 0.096945
v 0.090641 -0.140966 0.079600
v 0.078450 -0.153345 0.084805
v 0.077639 -0.160143 0.065772
v 0.089332 -0.147340 0.061153
v 0.077914 -0.144423 0.102089
v 0.063191 -0.154378 0.106362
v 0.063988 -0.163264 0.088700
v 0.077861 -0.135726 0.117842
v 0.062651 -0.145561 0.122623
v 0.044952 -0.152572 0.124589
v 0.046260 -0.161145 0.108284
v 0.028483 -0.164933 0.106954
v 0.030602 -0.172512 0.088820
v 0.047723 -0.169742 0.090237
v 0.026435 -0.157092 0.123097
v 0.032026 -0.177939 0.069239
v 0.048148 -0.175817 0.070168
v 0.063588 -0.169825 0.068912
v 0.047129 -0.178261 0.050045
v 0.061543 -0.172654 0.048936
v 0.074941 -0.163255 0.046724
v 0.085915 -0.150744 0.043262
v 0.014796 -0.175772 0.065846
v 0.089714 -0.097636 0.016164
v 0.091007 -0.097839 0.008877
v 0.084887 -0.093600 0.007934
v 0.073926 -0.093015 0.003161
v 0.072683 -0.097754 0.000536
v 0.059963 -0.095673 0.000758
v 0.071417 -0.105053 0.000072
v 0.058692 -0.102971 0.000286
v 0.044282 -0.099603 0.000440
v 0.057466 -0.112100 0.000352
v 0.043222 -0.108070 0.000398
v 0.028397 -0.104514 0.000466
v 0.029105 -0.096169 0.000596
v 0.014809 -0.101039 0.000571
v 0.015111 -0.093490 0.000725
v 0.027646 -0.114147 0.000409
v 0.013916 -0.110035 0.000468
v 0.025068 -0.126753 0.000397
v 0.012037 -0.121139 0.000437
v 0.000826 -0.116386 0.000525
v -0.006649 -0.113739 0.000619
v 0.020635 -0.138707 0.000417
v 0.036173 -0.144812 0.000465
v 0.039366 -0.133179 0.000429
v 0.054177 -0.138404 0.000547
v 0.052303 -0.149467 0.000634
v 0.041904 -0.118906 0.000395
v 0.055886 -0.124240 0.000453
v 0.068238 -0.129063 0.000591
v 0.069759 -0.115774 0.000373
v 0.079451 -0.118070 0.000621
v 0.078909 -0.132011 0.000716
v 0.085748 -0.118744 0.001625
v 0.090759 -0.118734 0.004609
v 0.063685 -0.146129 0.241216
v 0.062723 -0.152855 0.255090
v 0.048363 -0.142106 0.253925
v 0.063877 -0.155830 0.271887
v 0.048424 -0.146186 0.272123
v 0.038815 -0.137599 0.270897
v 0.050916 -0.145469 0.289700
v 0.038705 -0.136119 0.288379
v 0.032253 -0.129480 0.286848
v 0.034430 -0.131340 0.267910
v 0.041300 -0.130795 0.303603
v 0.055005 -0.140879 0.305309
v 0.061095 -0.133741 0.318425
v 0.047147 -0.123640 0.316756
v 0.068589 -0.125232 0.327883
v 0.055944 -0.115867 0.326981
v 0.076991 -0.115444 0.331972
v 0.067368 -0.108320 0.331261
v 0.087773 -0.104637 0.330268
v 0.080532 -0.099667 0.329878
v 0.098289 -0.094341 0.324307
v 0.098675 -0.110033 0.330292
v 0.106673 -0.098522 0.324430
v 0.113017 -0.089949 0.315602
v 0.106902 -0.086768 0.314605
v 0.117831 -0.085300 0.304032
v 0.113194 -0.082440 0.302644
v 0.122776 -0.095131 0.315735
v 0.125239 -0.089662 0.305100
v 0.128099 -0.087701 0.291790
v 0.136560 -0.096155 0.304182
v 0.135999 -0.092321 0.291772
v 0.136769 -0.091123 0.276362
v 0.149332 -0.100650 0.288935
v 0.147243 -0.097529 0.274937
v 0.146947 -0.098230 0.259017
v 0.137459 -0.092438 0.260042
v 0.146889 -0.101848 0.245784
v 0.137053 -0.095993 0.245769
v 0.145690 -0.107847 0.236080
v 0.135000 -0.101541 0.235045
v 0.142374 -0.117184 0.229047
v 0.130380 -0.110380 0.227222
v 0.123207 -0.105403 0.226344
v 0.121492 -0.122692 0.222412
v 0.112761 -0.116786 0.221491
v 0.111781 -0.135801 0.222289
v 0.100053 -0.128011 0.221106
v 0.105595 -0.146817 0.225641
v 0.088405 -0.138664 0.224773
v 0.101896 -0.155827 0.231787
v 0.083658 -0.148023 0.231419
v 0.099628 -0.162634 0.240830
v 0.081267 -0.155827 0.241064
v 0.098809 -0.167513 0.253106
v 0.080403 -0.161536 0.254378
v 0.099996 -0.169282 0.268038
v 0.081566 -0.163739 0.270329
v 0.102896 -0.167541 0.283902
v 0.084816 -0.162104 0.286857
v 0.067132 -0.154618 0.289009
v 0.089842 -0.157069 0.301855
v 0.072143 -0.149850 0.304465
v 0.096103 -0.149666 0.314292
v 0.078623 -0.142534 0.317280
v 0.102709 -0.140322 0.323259
v 0.085724 -0.133577 0.326304
v 0.108991 -0.128512 0.327569
v 0.092342 -0.122813 0.330507
v 0.114327 -0.115753 0.327600
v 0.125087 -0.135101 0.322864
v 0.130369 -0.122733 0.323131
v 0.134231 -0.111385 0.319950
v 0.118962 -0.103834 0.323687
v 0.136411 -0.102436 0.313671
v 0.149133 -0.120427 0.313395
v 0.151096 -0.111863 0.307827
v 0.150922 -0.105203 0.299334
v 0.164143 -0.120795 0.301016
v 0.176601 -0.128691 0.295546
v 0.145465 -0.131043 0.316336
v 0.140433 -0.142350 0.315870
v 0.134507 -0.152516 0.311590
v 0.148881 -0.157791 0.304343
v 0.119004 -0.146447 0.318245
v 0.112993 -0.155456 0.309794
v 0.129127 -0.160458 0.304152
v 0.124738 -0.166618 0.294105
v 0.141851 -0.169325 0.289672
v 0.144736 -0.164466 0.298083
v 0.107394 -0.162615 0.298229
v 0.121166 -0.171225 0.280753
v 0.118771 -0.173091 0.265643
v 0.137758 -0.175111 0.264421
v 0.139449 -0.173153 0.277872
v 0.157178 -0.172937 0.276390
v 0.158068 -0.170963 0.286353
v 0.168452 -0.171919 0.276210
v 0.159127 -0.167526 0.293625
v 0.175306 -0.170157 0.276289
v 0.179417 -0.164852 0.276629
v 0.181685 -0.156862 0.276428
v 0.181506 -0.159202 0.283995
v 0.184232 -0.150272 0.283516
v 0.184653 -0.148052 0.276214
v 0.187664 -0.140543 0.276099
v 0.188593 -0.142444 0.283352
v 0.186860 -0.145501 0.267032
v 0.189662 -0.138289 0.267364
v 0.188229 -0.134778 0.276768
v 0.190568 -0.144037 0.260099
v 0.193820 -0.136838 0.261151
v 0.193054 -0.143395 0.254849
v 0.189936 -0.151915 0.248125
v 0.192735 -0.142230 0.249279
v 0.185921 -0.150798 0.243945
v 0.188850 -0.140008 0.245149
v 0.179107 -0.148528 0.240176
v 0.181641 -0.136889 0.241479
v 0.183874 -0.128319 0.244400
v 0.183783 -0.123231 0.249064
v 0.170689 -0.131972 0.236827
v 0.172124 -0.123656 0.240513
v 0.172579 -0.118233 0.247157
v 0.158875 -0.116188 0.237763
v 0.159870 -0.110322 0.246252
v 0.160285 -0.107380 0.257538
v 0.161534 -0.107443 0.270625
v 0.156919 -0.125182 0.232336
v 0.167311 -0.143662 0.234717
v 0.151910 -0.137353 0.229044
v 0.135812 -0.130204 0.224839
v 0.146711 -0.149588 0.229039
v 0.129193 -0.143289 0.224831
v 0.142848 -0.159213 0.231422
v 0.124459 -0.153765 0.227845
v 0.139864 -0.166917 0.236306
v 0.120941 -0.162235 0.233629
v 0.138050 -0.171841 0.243696
v 0.118902 -0.167852 0.241751
v 0.137318 -0.174540 0.252887
v 0.117964 -0.171662 0.252246
v 0.156653 -0.170491 0.239374
v 0.159404 -0.163797 0.235838
v 0.174162 -0.168520 0.240638
v 0.171737 -0.174165 0.243308
v 0.177027 -0.160260 0.240128
v 0.185513 -0.162748 0.244435
v 0.162889 -0.155142 0.234453
v 0.189603 -0.162585 0.248411
v 0.190663 -0.136844 0.283553
v 0.189451 -0.143775 0.288964
v -0.183920 0.000000 0.115946
v 0.141903 0.000000 0.300577
v 0.146936 0.000000 0.301392
v 0.145989 -0.020395 0.302698
v 0.155368 0.000000 0.303305
v 0.154012 -0.021774 0.304572
v 0.150256 -0.043138 0.308223
v 0.164812 -0.022767 0.307445
v 0.162835 -0.045037 0.311854
v 0.159678 -0.065667 0.318710
v 0.178580 -0.045243 0.316938
v 0.178285 -0.065533 0.325078
v 0.178491 -0.083083 0.335974
v 0.195964 -0.061821 0.331724
v 0.198871 -0.077150 0.343320
v 0.202558 -0.088353 0.356949
v 0.179943 -0.096919 0.349252
v 0.215875 -0.068483 0.349850
v 0.220287 -0.076759 0.362250
v 0.231032 -0.058171 0.355639
v 0.235390 -0.064593 0.366262
v 0.238905 -0.068637 0.374681
v 0.249028 -0.052596 0.369553
v 0.252064 -0.055607 0.375279
v 0.261266 -0.039248 0.371143
v 0.263982 -0.041595 0.374794
v 0.265861 -0.042974 0.378187
v 0.275270 -0.026747 0.371836
v 0.276308 -0.026885 0.375574
v 0.275991 -0.026519 0.379385
v 0.283852 -0.011978 0.369065
v 0.283361 -0.011330 0.373538
v 0.282124 -0.010973 0.379107
v 0.285439 0.000000 0.371210
v 0.283946 0.000000 0.377812
v 0.281850 0.000000 0.385422
v 0.165696 0.000000 0.305912
v 0.178882 -0.022988 0.311882
v 0.193401 -0.022070 0.317555
v 0.194291 -0.043040 0.322970
v 0.207573 -0.020122 0.324207
v 0.209225 -0.039128 0.329685
v 0.211992 -0.055721 0.338362
v 0.223284 -0.034085 0.336922
v 0.226549 -0.048114 0.345221
v 0.236871 -0.028458 0.344233
v 0.240334 -0.040036 0.351811
v 0.244990 -0.047785 0.360705
v 0.258242 -0.036107 0.364558
v 0.269667 -0.022506 0.364876
v 0.272808 -0.024971 0.368680
v 0.277868 -0.010954 0.360129
v 0.281174 -0.012481 0.361854
v 0.283319 -0.012626 0.365169
v 0.284617 0.000000 0.357959
v 0.286338 0.000000 0.362127
v 0.286279 0.000000 0.366181
v 0.220594 0.000000 0.329770
v 0.221304 -0.017545 0.331660
v 0.234111 0.000000 0.337824
v 0.234739 -0.014511 0.339483
v 0.262784 0.000000 0.353490
v 0.072917 -0.159662 0.001835
v 0.054353 -0.172639 0.005956
v 0.047111 -0.178260 0.003831
v 0.186824 0.000000 0.500964
v -0.007070 0.000000 0.407399
v 0.235644 0.000000 0.466154
v 0.277878 0.000000 0.396088
v 0.269447 0.000000 0.412104
v 0.247945 0.000000 0.448355
v 0.131973 0.000000 0.299806
v -0.105719 -0.000000 0.347753
v -0.170011 -0.000000 0.144256
v -0.135552 -0.000000 0.315343
v -0.148429 -0.000000 0.297340
v -0.174416 0.000000 0.105544
v -0.397915 0.000000 0.142444
v -0.384211 0.000000 0.177692
v -0.358837 0.000000 0.205353
v -0.327939 0.000000 0.220460
v -0.385506 0.000000 0.070114
v -0.362108 0.000000 0.042887
v -0.156751 -0.000000 0.106618
v -0.154830 -0.000000 0.101889
v -0.307929 0.000000 0.016605
v -0.153945 -0.000000 0.016848
v -0.137159 0.000000 0.019198
v -0.172336 -0.000000 0.014925
v -0.235621 0.000000 0.189934
v -0.274323 0.000000 0.216398
v -0.201867 0.000000 0.141947
v -0.193100 0.000000 0.128265
v -0.108898 0.000000 0.023753
v -0.096692 0.000000 0.025933
v -0.083628 0.000000 0.025031
v -0.075809 0.000000 0.029547
v 0.135816 0.000000 0.275959
v 0.145086 -0.000000 0.201855
v 0.122478 -0.000000 0.115160
v 0.130747 -0.000000 0.130978
v 0.114216 -0.000000 0.100381
v 0.044125 0.000000 0.046833
v 0.026995 0.000000 0.040644
v -0.008842 0.000000 0.033886
v -0.027717 -0.000000 0.032196
v -0.163456 -0.000000 0.122501
v 0.179079 0.000000 0.310079
v 0.193209 0.000000 0.315652
v 0.207047 0.000000 0.322318
v 0.247916 0.000000 0.345841
v 0.280451 0.000000 0.356538
v 0.274982 0.000000 0.357218
v -0.002231 0.133088 0.000511
v -0.002253 0.096797 0.000850
v -0.100989 0.027263 0.045941
v -0.323939 0.046702 0.115780
v -0.318933 0.036632 0.198309
v -0.059481 0.136639 0.165441
v -0.132703 0.088851 0.118212
v -0.103205 0.083259 0.076356
v -0.043610 0.090510 0.068471
v -0.156359 0.029800 0.113513
v 0.038413 0.187106 0.001978
v 0.034795 0.187106 0.008815
v 0.042837 0.185229 0.008624
v 0.045865 0.179860 0.016288
v 0.020080 0.178483 0.027115
v 0.073353 0.171271 0.009330
v 0.077637 0.170902 0.006337
v 0.068736 0.170049 0.013285
v 0.046874 0.164304 0.000777
v 0.077302 0.168811 0.002569
v 0.075474 0.148806 0.001819
v 0.078197 0.156590 0.015602
v 0.097770 0.137842 0.005144
v 0.095707 0.136435 0.001650
v 0.093079 0.123009 0.018012
v 0.088715 0.100447 0.000909
v 0.022788 0.131400 0.160001
v 0.105880 0.062597 0.103349
v 0.190324 0.177252 0.250080
v 0.171939 0.176003 0.258181
v 0.181648 0.178073 0.256285
v 0.189697 0.171040 0.257518
v 0.176628 0.172461 0.288937
v 0.186387 0.164724 0.260958
v 0.176154 0.162426 0.295026
v 0.036764 0.124041 0.242930
v 0.148781 0.101594 0.340529
v 0.118441 0.095021 0.216922
v 0.063884 0.083502 0.333497
v 0.107087 0.067584 0.295349
v 0.173261 0.144332 0.300172
v 0.183711 0.141457 0.296787
v 0.186464 0.129637 0.286334
v 0.191791 0.135075 0.292640
v 0.191607 0.125393 0.260160
v 0.198832 0.128148 0.254835
v 0.184846 0.124983 0.265312
v 0.179141 0.123801 0.281309
v 0.260188 0.015753 0.355093
v 0.181161 0.100249 0.416172
v 0.208648 0.079155 0.451308
v -0.007450 0.134933 0.000574
v -0.008574 0.124233 0.000576
v -0.001429 0.125805 0.000508
v 0.004507 0.139024 0.000479
v -0.000653 0.144510 0.000552
v 0.008734 0.131798 0.000444
v 0.003926 0.097772 0.000741
v 0.002706 0.106328 0.000603
v -0.004512 0.103245 0.000730
v -0.009272 0.100511 0.000981
v -0.004383 0.093007 0.001133
v 0.003686 0.091718 0.000981
v -0.106926 0.020851 0.040759
v -0.100972 0.015779 0.034522
v -0.094832 0.019124 0.036375
v -0.108709 0.028828 0.048369
v -0.112663 0.022227 0.044540
v -0.089874 0.023402 0.034231
v -0.092811 0.034720 0.042210
v -0.315695 0.047351 0.106512
v -0.303949 0.046661 0.125127
v -0.319989 0.045450 0.130991
v -0.345226 0.044970 0.113119
v -0.337057 0.045832 0.092731
v -0.343836 0.043110 0.136002
v -0.337554 0.038737 0.186689
v -0.318385 0.040541 0.177294
v -0.303383 0.037384 0.195677
v -0.322806 0.029462 0.210322
v -0.349661 0.030259 0.197613
v -0.298841 0.029780 0.211120
v -0.050735 0.136416 0.154154
v -0.040131 0.137834 0.167010
v -0.054820 0.138038 0.175606
v -0.070382 0.134259 0.163721
v -0.064573 0.132975 0.145932
v -0.070156 0.135809 0.178808
v -0.122126 0.096551 0.112232
v -0.123326 0.101872 0.127317
v -0.136843 0.089303 0.129086
v -0.146474 0.070852 0.122425
v -0.137365 0.076840 0.109728
v -0.124055 0.084782 0.097302
v -0.092142 0.084353 0.070128
v -0.074654 0.106348 0.076627
v -0.077545 0.105967 0.082240
v -0.081218 0.109598 0.088857
v -0.104914 0.096181 0.088833
v -0.125677 0.069835 0.086333
v -0.128308 0.052572 0.079092
v -0.112417 0.060512 0.067665
v -0.101185 0.062714 0.064686
v -0.046270 0.091944 0.073057
v -0.057531 0.075307 0.071158
v -0.052008 0.073336 0.068540
v -0.038187 0.077332 0.066678
v -0.036802 0.083044 0.061974
v -0.041061 0.098623 0.064431
v -0.045031 0.070111 0.065012
v -0.154995 0.024014 0.106816
v -0.149857 0.034530 0.100614
v -0.150331 0.047322 0.111938
v -0.159152 0.041688 0.126422
v -0.162485 0.019403 0.122462
v -0.157809 0.012666 0.110454
v 0.034621 0.185726 0.001964
v 0.037909 0.181992 0.000766
v 0.041833 0.184500 0.001751
v 0.043300 0.185934 0.004653
v 0.038822 0.188825 0.004067
v 0.033969 0.187961 0.005111
v 0.038916 0.187544 0.008270
v 0.030921 0.183532 0.014196
v 0.027491 0.182777 0.009486
v 0.037521 0.183340 0.016067
v 0.047747 0.179728 0.009142
v 0.045716 0.178550 0.031712
v 0.033952 0.180602 0.030844
v 0.057393 0.172987 0.019330
v 0.058956 0.172872 0.031412
v 0.056038 0.173426 0.012719
v 0.016782 0.176981 0.015589
v 0.000608 0.170182 0.026435
v 0.001185 0.169153 0.016349
v 0.017314 0.177903 0.046955
v -0.000673 0.170386 0.042421
v 0.032622 0.180134 0.049692
v 0.072485 0.173228 0.005309
v 0.077722 0.168099 0.008394
v 0.064596 0.171913 0.006297
v 0.076894 0.163672 0.011554
v 0.072483 0.169791 0.001596
v 0.077958 0.165374 0.003807
v 0.069654 0.166196 0.019180
v 0.028591 0.159322 0.000527
v 0.032820 0.153486 0.000501
v 0.049783 0.157549 0.000711
v 0.052041 0.169482 0.001893
v 0.043197 0.175730 0.001113
v 0.037034 0.171856 0.000613
v 0.063165 0.164839 0.001400
v 0.063287 0.168516 0.002329
v 0.063758 0.159222 0.001114
v 0.072731 0.165232 0.001404
v 0.073925 0.153894 0.002103
v 0.065357 0.151909 0.001018
v 0.068131 0.142372 0.000827
v 0.079969 0.142883 0.001220
v 0.083753 0.148268 0.005861
v 0.078866 0.155585 0.007019
v 0.078128 0.160492 0.005736
v 0.087241 0.144916 0.013190
v 0.081273 0.152779 0.027521
v 0.071654 0.164050 0.029854
v 0.089570 0.138736 0.023241
v 0.094077 0.143630 0.005793
v 0.090288 0.140609 0.000824
v 0.092980 0.129825 0.003186
v 0.095609 0.130953 0.007501
v 0.094631 0.135604 0.010992
v 0.087327 0.131275 0.001119
v 0.092939 0.119535 0.009754
v 0.092814 0.107024 0.009370
v 0.092326 0.106894 0.016316
v 0.097112 0.118434 0.033841
v 0.094208 0.135153 0.038619
v 0.095166 0.104647 0.030968
v 0.083648 0.098832 0.000509
v 0.084688 0.095144 0.003122
v 0.090870 0.098071 0.003681
v 0.088066 0.107616 0.000887
v 0.081995 0.106529 0.000000
v 0.092231 0.107714 0.004197
v 0.011276 0.131595 0.163941
v -0.004209 0.140913 0.146095
v -0.000298 0.138361 0.143463
v 0.000040 0.138939 0.141575
v 0.021465 0.133248 0.155275
v 0.044127 0.129238 0.156576
v 0.045924 0.129201 0.161466
v 0.050642 0.129453 0.171253
v 0.033652 0.130886 0.174455
v 0.023627 0.130877 0.177673
v 0.098631 0.071771 0.098746
v 0.092971 0.062907 0.087081
v 0.096565 0.054418 0.087207
v 0.100894 0.038981 0.087433
v 0.110536 0.041006 0.100916
v 0.105032 0.082436 0.115433
v 0.099991 0.085175 0.110899
v 0.116098 0.060232 0.118926
v 0.112719 0.078813 0.125705
v 0.119450 0.040576 0.115840
v 0.184392 0.177444 0.247330
v 0.185782 0.172047 0.245350
v 0.191083 0.171972 0.249097
v 0.192145 0.171623 0.253600
v 0.190355 0.177459 0.254067
v 0.183118 0.179377 0.251778
v 0.155026 0.175880 0.254838
v 0.154932 0.174540 0.245992
v 0.170745 0.177123 0.249089
v 0.187582 0.175804 0.257763
v 0.181259 0.172534 0.262674
v 0.176970 0.170353 0.268644
v 0.169101 0.173067 0.266522
v 0.156112 0.174792 0.264904
v 0.190271 0.162823 0.254199
v 0.176288 0.171608 0.283709
v 0.180049 0.166949 0.283739
v 0.180021 0.168950 0.290077
v 0.170906 0.171169 0.291255
v 0.170101 0.172200 0.285095
v 0.173196 0.167570 0.294687
v 0.190421 0.152758 0.254177
v 0.187649 0.153702 0.260115
v 0.183821 0.155135 0.267448
v 0.181324 0.164057 0.268667
v 0.180968 0.161249 0.290071
v 0.183659 0.151261 0.289654
v 0.180562 0.150068 0.294686
v 0.166555 0.155485 0.300159
v 0.161987 0.162353 0.298162
v 0.033875 0.124070 0.226614
v 0.041729 0.124712 0.221524
v 0.044489 0.123271 0.230172
v 0.048753 0.126412 0.237203
v 0.041612 0.132204 0.250148
v 0.029943 0.129296 0.248597
v 0.028599 0.129454 0.230180
v 0.126121 0.109425 0.346035
v 0.114351 0.100247 0.336447
v 0.128298 0.092531 0.329172
v 0.159534 0.112776 0.360540
v 0.136192 0.117380 0.361595
v 0.137378 0.079571 0.320893
v 0.155283 0.084094 0.327782
v 0.126018 0.083940 0.214435
v 0.127363 0.080974 0.228501
v 0.123098 0.087249 0.230524
v 0.116315 0.096491 0.222218
v 0.103660 0.108079 0.214797
v 0.103850 0.108961 0.209934
v 0.121219 0.089163 0.232408
v 0.072187 0.083445 0.335361
v 0.054005 0.081585 0.343104
v 0.046008 0.082060 0.340179
v 0.042235 0.087218 0.332563
v 0.046822 0.088573 0.330213
v 0.066865 0.083844 0.329898
v 0.032527 0.085149 0.336302
v 0.098646 0.076354 0.310497
v 0.099282 0.079737 0.311300
v 0.105586 0.074921 0.297072
v 0.113422 0.071579 0.285598
v 0.116951 0.064912 0.285284
v 0.105020 0.064778 0.299218
v 0.097356 0.073854 0.311307
v 0.188217 0.143395 0.293878
v 0.186463 0.136837 0.296212
v 0.175188 0.134555 0.299146
v 0.162237 0.128774 0.306123
v 0.159169 0.138630 0.308401
v 0.154220 0.149028 0.307942
v 0.192568 0.138625 0.293071
v 0.178230 0.125462 0.289751
v 0.187341 0.130942 0.290430
v 0.192284 0.134239 0.289447
v 0.189942 0.132796 0.284945
v 0.185804 0.129941 0.278024
v 0.186838 0.133005 0.293975
v 0.192917 0.138271 0.288642
v 0.193574 0.124112 0.255845
v 0.183702 0.121849 0.255841
v 0.194642 0.130108 0.261508
v 0.197890 0.128944 0.257908
v 0.189708 0.131676 0.267552
v 0.196851 0.134735 0.251590
v 0.192668 0.131576 0.247646
v 0.194129 0.125636 0.251539
v 0.196654 0.136096 0.256321
v 0.173304 0.116662 0.256477
v 0.175678 0.118635 0.267458
v 0.164401 0.111496 0.283953
v 0.164661 0.114989 0.293041
v 0.250229 0.022349 0.351070
v 0.248203 0.010835 0.346933
v 0.262336 0.007587 0.354101
v 0.265966 0.019315 0.360320
v 0.254251 0.030733 0.357590
v 0.272794 0.009002 0.358899
v 0.177802 0.103170 0.413104
v 0.183512 0.101993 0.405188
v 0.185631 0.100193 0.412971
v 0.178985 0.098776 0.425862
v 0.172497 0.103891 0.425446
v 0.184433 0.098779 0.424927
v 0.200564 0.084117 0.457900
v 0.199686 0.087515 0.447120
v 0.211845 0.080022 0.441494
v 0.212023 0.074784 0.456643
v 0.199821 0.080447 0.466803
v 0.218190 0.070385 0.444371
v 0.222083 0.068539 0.430754
v 0.228035 0.062803 0.434434
v 0.222187 0.065687 0.449329
v 0.212572 0.070405 0.462970
v 0.213474 0.081641 0.428512
v 0.212538 0.083450 0.416134
v 0.222907 0.069427 0.418002
v 0.197736 0.092239 0.433836
v 0.196253 0.095047 0.420821
v 0.194900 0.096376 0.409773
v 0.210680 0.085088 0.406424
v 0.183759 0.095119 0.440418
v 0.174928 0.096089 0.440087
v 0.184654 0.091481 0.453219
v 0.170330 0.093610 0.452370
v 0.157409 0.100418 0.449772
v 0.165236 0.103281 0.438006
v 0.183600 0.086980 0.463183
v 0.165777 0.089856 0.463030
v 0.150340 0.095383 0.460769
v 0.134474 0.100537 0.456524
v 0.143377 0.106165 0.445024
v 0.161980 0.084463 0.471773
v 0.144224 0.088351 0.471068
v 0.126561 0.092369 0.467689
v 0.109294 0.096223 0.461533
v 0.118735 0.105126 0.449861
v 0.138882 0.078870 0.480859
v 0.119576 0.081701 0.478258
v 0.100926 0.084671 0.472392
v 0.083276 0.086813 0.463465
v 0.092674 0.099217 0.452539
v 0.113794 0.068874 0.487900
v 0.093843 0.070811 0.481998
v 0.075608 0.071878 0.472789
v 0.058968 0.072037 0.461506
v 0.067067 0.087283 0.452114
v 0.088636 0.054804 0.489961
v 0.069786 0.055271 0.480750
v 0.053111 0.054831 0.468737
v 0.038048 0.053971 0.454831
v 0.044330 0.070445 0.447778
v 0.065256 0.037513 0.486920
v 0.048402 0.037041 0.474029
v 0.033198 0.036537 0.459564
v 0.020897 0.035106 0.443525
v 0.025607 0.051787 0.439197
v 0.044751 0.018734 0.477205
v 0.030319 0.018406 0.461850
v 0.017945 0.017719 0.445839
v 0.009080 0.016526 0.430616
v 0.012505 0.032601 0.428357
v 0.006023 0.015177 0.420684
v 0.001349 0.013159 0.407378
v 0.004018 0.014146 0.413435
v 0.003228 0.026632 0.405087
v 0.006465 0.028264 0.411453
v 0.009003 0.030224 0.418690
v 0.009732 0.041578 0.407979
v 0.012619 0.044533 0.415069
v 0.017149 0.047956 0.424468
v 0.018492 0.057760 0.408850
v 0.023591 0.062546 0.418349
v 0.032232 0.067386 0.432547
v 0.032022 0.075984 0.409992
v 0.041014 0.082013 0.423822
v 0.052787 0.085776 0.438648
v 0.051246 0.094833 0.413450
v 0.063185 0.098876 0.427902
v 0.077095 0.100287 0.441178
v 0.074739 0.109347 0.415964
v 0.088353 0.110413 0.429117
v 0.103265 0.108709 0.440620
v 0.100894 0.117398 0.416941
v 0.114833 0.115094 0.428621
v 0.129180 0.111092 0.438018
v 0.127564 0.118665 0.417256
v 0.140420 0.114499 0.426507
v 0.153085 0.109437 0.433284
v 0.151878 0.115758 0.415599
v 0.162518 0.110890 0.421651
v 0.163528 0.115195 0.405273
v 0.171068 0.110780 0.409977
v 0.176317 0.113701 0.396297
v 0.180479 0.108442 0.400603
v 0.194564 0.109039 0.391052
v 0.194441 0.103671 0.395993
v 0.194104 0.098766 0.401129
v 0.211177 0.092072 0.393856
v 0.209727 0.088109 0.398474
v 0.226147 0.078749 0.393159
v 0.223466 0.074507 0.398516
v 0.222319 0.071577 0.406456
v 0.236064 0.065812 0.398945
v 0.232378 0.063938 0.407937
v 0.229855 0.062897 0.420021
v 0.243776 0.054253 0.411008
v 0.239298 0.054239 0.424820
v 0.232532 0.056018 0.440173
v 0.243241 0.042237 0.432133
v 0.234144 0.045952 0.448373
v 0.223063 0.048872 0.464045
v 0.223511 0.059487 0.455471
v 0.211169 0.063300 0.469545
v 0.208123 0.050369 0.477229
v 0.191114 0.050759 0.486394
v 0.194508 0.064562 0.478810
v 0.221920 0.033731 0.472902
v 0.206263 0.034630 0.485038
v 0.188907 0.035025 0.493804
v 0.169787 0.035414 0.499892
v 0.172262 0.051204 0.492937
v 0.205483 0.017598 0.490475
v 0.187452 0.017898 0.498959
v 0.167991 0.018074 0.504554
v 0.147363 0.018236 0.507862
v 0.149229 0.035707 0.503464
v 0.125677 0.018429 0.508435
v 0.082144 0.018822 0.500071
v 0.103664 0.018690 0.506004
v 0.084706 0.037299 0.496194
v 0.105864 0.036774 0.502112
v 0.127709 0.036117 0.504289
v 0.109263 0.053710 0.495849
v 0.130606 0.052452 0.497972
v 0.151844 0.051699 0.496957
v 0.134330 0.066882 0.490093
v 0.154922 0.065515 0.488969
v 0.175356 0.064674 0.484753
v 0.158304 0.076456 0.480268
v 0.178751 0.075207 0.477491
v 0.197611 0.074363 0.472151
v 0.181590 0.081827 0.470750
v 0.062071 0.018880 0.490667
v -0.014414 0.012955 0.405682
v -0.005982 0.012917 0.406698
v -0.011760 0.027303 0.401879
v -0.003633 0.026427 0.403047
v -0.006109 0.040931 0.397866
v 0.000684 0.039400 0.399600
v 0.006884 0.039205 0.402056
v 0.008080 0.051420 0.394888
v 0.013348 0.051251 0.397876
v 0.015592 0.054160 0.402687
v 0.021389 0.062824 0.392060
v 0.023332 0.066128 0.395946
v 0.026406 0.070074 0.401017
v 0.032866 0.076794 0.386745
v 0.035628 0.081026 0.390841
v 0.041640 0.088062 0.399777
v 0.045140 0.089787 0.378719
v 0.052613 0.097964 0.388337
v 0.062796 0.105145 0.401751
v 0.065430 0.105656 0.376630
v 0.076002 0.113120 0.389714
v 0.087867 0.116983 0.403706
v 0.093159 0.118196 0.377791
v 0.103741 0.121517 0.392103
v 0.115313 0.121303 0.405626
v 0.122580 0.122649 0.382582
v 0.131388 0.122229 0.395789
v 0.141103 0.119762 0.406867
v 0.148584 0.120533 0.387946
v 0.155501 0.118569 0.397602
v 0.168182 0.117183 0.382662
v 0.171511 0.116533 0.390076
v 0.191790 0.112053 0.380714
v 0.193610 0.111692 0.385947
v 0.212151 0.099555 0.380549
v 0.212831 0.098676 0.384677
v 0.212703 0.096172 0.389012
v 0.228637 0.084206 0.384277
v 0.227738 0.082052 0.388134
v 0.241803 0.070987 0.384265
v 0.240124 0.069661 0.387827
v 0.238303 0.068073 0.392308
v 0.251689 0.055917 0.388735
v 0.250234 0.055108 0.392760
v 0.247866 0.054264 0.399796
v 0.261303 0.040500 0.394337
v 0.258067 0.039737 0.403074
v 0.251865 0.039984 0.416338
v 0.265539 0.025529 0.407261
v 0.256325 0.027130 0.422993
v 0.245772 0.029609 0.440012
v 0.258387 0.013465 0.428077
v 0.247371 0.014809 0.446283
v 0.235520 0.016216 0.463824
v 0.234898 0.032102 0.457445
v 0.221613 0.017080 0.478767
v -0.029682 0.013471 0.389497
v -0.020612 0.013252 0.400264
v -0.025942 0.027272 0.387512
v -0.017870 0.027444 0.397327
v -0.020473 0.041260 0.384193
v -0.012276 0.041598 0.392962
v -0.013918 0.054223 0.380004
v -0.004329 0.053918 0.388078
v 0.002096 0.053288 0.393267
v 0.003970 0.064620 0.381735
v 0.010612 0.064300 0.386932
v 0.016690 0.061965 0.388405
v 0.020579 0.072095 0.377852
v 0.026157 0.070087 0.380392
v 0.030413 0.072652 0.383656
v 0.036579 0.074080 0.369509
v 0.039177 0.078948 0.371660
v 0.041549 0.084068 0.374323
v 0.049772 0.084902 0.359812
v 0.052521 0.090213 0.362504
v 0.057390 0.096910 0.367351
v 0.069228 0.095392 0.351540
v 0.074868 0.102386 0.355878
v 0.083563 0.110914 0.365087
v 0.095479 0.103876 0.345647
v 0.104896 0.112848 0.354296
v 0.114025 0.119750 0.367739
v 0.142721 0.120589 0.376450
v 0.165226 0.116323 0.374333
v 0.185342 0.105602 0.365424
v 0.189296 0.109724 0.375284
v 0.206385 0.094323 0.369820
v 0.210013 0.098065 0.376396
v 0.224094 0.081151 0.372796
v 0.227148 0.084317 0.376829
v 0.228756 0.085413 0.380490
v 0.241692 0.071212 0.377457
v 0.242678 0.071971 0.380797
v 0.254479 0.057618 0.377768
v 0.254787 0.057891 0.381268
v 0.253387 0.056968 0.384891
v 0.265262 0.042850 0.381883
v 0.263864 0.042203 0.385666
v 0.262764 0.041382 0.389290
v 0.275185 0.026093 0.383264
v 0.273981 0.025512 0.387952
v 0.271342 0.025105 0.395269
v 0.280237 0.010962 0.385925
v 0.276483 0.011364 0.395879
v 0.268629 0.012238 0.410836
v -0.067354 0.016900 0.371907
v -0.047079 0.015181 0.379364
v -0.063545 0.033354 0.370267
v -0.043611 0.030100 0.378203
v -0.057013 0.048963 0.366994
v -0.038067 0.044628 0.375433
v -0.048333 0.063192 0.362718
v -0.030415 0.057963 0.371285
v -0.036788 0.074961 0.356664
v -0.020338 0.069167 0.365665
v -0.005636 0.064977 0.373975
v -0.006994 0.076766 0.358339
v 0.005279 0.071769 0.365706
v 0.013882 0.072460 0.372466
v 0.017792 0.075123 0.355525
v 0.025278 0.076317 0.361836
v 0.031843 0.075209 0.366759
v 0.038172 0.078195 0.351382
v 0.043323 0.077744 0.354763
v 0.047102 0.080193 0.357461
v 0.058970 0.082594 0.345288
v 0.062430 0.085949 0.347132
v 0.065736 0.090193 0.349173
v 0.080631 0.088405 0.337987
v 0.084008 0.092257 0.339343
v 0.088444 0.096831 0.341606
v 0.100650 0.089332 0.330430
v 0.105573 0.093618 0.332299
v 0.112628 0.081863 0.322428
v 0.117852 0.086130 0.324361
v 0.121796 0.070956 0.315550
v 0.127375 0.074584 0.317355
v 0.135237 0.059640 0.311091
v 0.144453 0.062814 0.313755
v 0.129665 0.056904 0.309573
v 0.136547 0.038790 0.304869
v 0.141757 0.040809 0.305988
v 0.118254 0.068421 0.314412
v 0.126128 0.054636 0.308663
v 0.132806 0.037024 0.304257
v 0.137269 0.018441 0.301415
v 0.140863 0.019287 0.301822
v 0.122855 0.052595 0.308052
v 0.129638 0.035609 0.304009
v 0.134195 0.017696 0.301199
v 0.126505 0.034203 0.303848
v 0.131159 0.016928 0.300950
v 0.128481 0.016307 0.300194
v -0.104305 0.019433 0.347689
v -0.086518 0.018215 0.360980
v -0.099498 0.038466 0.346012
v -0.082236 0.036086 0.359251
v -0.092607 0.056736 0.343705
v -0.074983 0.052747 0.355887
v -0.082291 0.072981 0.339389
v -0.065679 0.068158 0.351935
v -0.069198 0.086893 0.333983
v -0.053324 0.081242 0.346345
v -0.053949 0.098177 0.327764
v -0.038663 0.091616 0.339999
v -0.022604 0.084123 0.349850
v -0.021817 0.098574 0.333046
v -0.005426 0.089630 0.342777
v 0.008501 0.081032 0.349574
v 0.009231 0.090520 0.335356
v 0.021023 0.081661 0.341051
v 0.031490 0.078484 0.346818
v 0.018317 0.090141 0.329832
v 0.004908 0.100534 0.320554
v 0.011030 0.099981 0.316900
v 0.025735 0.092420 0.327349
v -0.005819 0.100985 0.326331
v -0.020288 0.110273 0.314117
v -0.006379 0.110824 0.307929
v -0.037145 0.106202 0.320971
v -0.050489 0.112751 0.307468
v -0.032600 0.117127 0.300542
v -0.067797 0.103863 0.313889
v -0.079615 0.108053 0.298462
v -0.061877 0.118007 0.292602
v -0.083771 0.091714 0.319674
v -0.096537 0.095592 0.304118
v -0.107203 0.098318 0.287796
v -0.089981 0.111708 0.282758
v -0.097529 0.077030 0.324831
v -0.110658 0.079457 0.308514
v -0.122159 0.081740 0.291778
v -0.131968 0.084276 0.274299
v -0.116531 0.100949 0.271069
v -0.121444 0.061057 0.311844
v -0.133981 0.063057 0.294677
v -0.143871 0.064909 0.275957
v -0.151661 0.066271 0.256513
v -0.139553 0.086095 0.255370
v -0.143208 0.043158 0.296788
v -0.153496 0.044300 0.277346
v -0.160781 0.044900 0.257248
v -0.167379 0.045327 0.236691
v -0.157581 0.066772 0.236462
v -0.158944 0.022374 0.278321
v -0.166078 0.022620 0.257567
v -0.172351 0.022750 0.236563
v -0.175968 0.022360 0.214676
v -0.170558 0.044855 0.215158
v -0.176517 0.021666 0.191777
v -0.170405 0.019265 0.144456
v -0.174763 0.020643 0.168536
v -0.166636 0.042123 0.148428
v -0.169849 0.043105 0.171233
v -0.171060 0.043994 0.193338
v -0.161827 0.066186 0.174816
v -0.162742 0.066434 0.195276
v -0.161253 0.066662 0.215983
v -0.149475 0.086765 0.196686
v -0.147891 0.086598 0.216141
v -0.144475 0.086431 0.235688
v -0.132948 0.104644 0.215693
v -0.129777 0.104410 0.234686
v -0.124187 0.103116 0.253348
v -0.112118 0.117790 0.232570
v -0.106343 0.116680 0.250063
v -0.098810 0.114536 0.266709
v -0.087423 0.127086 0.245800
v -0.079893 0.124992 0.261547
v -0.071483 0.121975 0.277106
v -0.059982 0.132432 0.256011
v -0.051903 0.128627 0.271195
v -0.042977 0.123477 0.286157
v -0.031712 0.131166 0.265113
v -0.024490 0.124576 0.279753
v -0.015650 0.118215 0.294212
v -0.010349 0.124845 0.275237
v -0.004730 0.117494 0.289672
v 0.001843 0.109623 0.303979
v 0.001316 0.116533 0.286872
v 0.006887 0.108808 0.301802
v 0.016476 0.102060 0.315494
v 0.011870 0.111928 0.301479
v 0.021149 0.105423 0.315383
v 0.033981 0.097351 0.324218
v 0.030300 0.095274 0.325921
v 0.049646 0.090000 0.328548
v 0.037425 0.098973 0.322313
v 0.051841 0.091810 0.327491
v 0.069254 0.086056 0.327181
v 0.068284 0.084594 0.328035
v 0.085132 0.079785 0.321725
v 0.085141 0.078734 0.322827
v 0.085444 0.078680 0.324357
v 0.096882 0.070579 0.314632
v 0.098303 0.070907 0.316612
v 0.100422 0.072343 0.318219
v 0.086373 0.079507 0.326194
v 0.103351 0.074243 0.319432
v 0.090306 0.080971 0.327457
v 0.106281 0.076413 0.320435
v 0.094074 0.083363 0.328438
v 0.077004 0.085186 0.336738
v 0.097203 0.086039 0.329365
v 0.109084 0.078669 0.321474
v 0.114951 0.065922 0.313541
v 0.111863 0.063687 0.312508
v 0.119537 0.050597 0.307473
v 0.108887 0.061663 0.311167
v 0.116459 0.048887 0.306527
v 0.123513 0.032891 0.303305
v 0.114313 0.048005 0.303898
v 0.122175 0.032596 0.300822
v 0.127401 0.016225 0.298025
v 0.123253 0.033388 0.297808
v 0.128185 0.016539 0.295179
v 0.129506 0.016954 0.292153
v -0.135225 0.021346 0.316135
v -0.120143 0.020479 0.332433
v -0.130374 0.041874 0.314929
v -0.115403 0.040377 0.331136
v -0.107266 0.058950 0.327897
v -0.148232 0.021954 0.297840
v -0.159416 0.005126 0.092067
v -0.156256 0.004712 0.090787
v -0.165824 0.005987 0.096100
v -0.167473 0.012010 0.093385
v -0.160246 0.010490 0.089347
v -0.175341 0.006760 0.104578
v -0.178082 0.013401 0.101680
v -0.182901 0.019868 0.096225
v -0.170539 0.018158 0.088182
v -0.185193 0.007230 0.115006
v -0.188878 0.014400 0.111777
v -0.195208 0.021714 0.105708
v -0.204337 0.028260 0.096162
v -0.190044 0.025419 0.087305
v -0.199495 0.015908 0.123097
v -0.207136 0.024243 0.116360
v -0.218187 0.031790 0.106029
v -0.229870 0.036380 0.092758
v -0.214492 0.032598 0.083469
v -0.218043 0.027552 0.128263
v -0.230795 0.035480 0.117119
v -0.244073 0.039131 0.102887
v -0.255037 0.041145 0.086480
v -0.239540 0.038514 0.077221
v -0.243033 0.038037 0.128646
v -0.256908 0.041116 0.113133
v -0.269043 0.043338 0.096217
v -0.280606 0.044127 0.077101
v -0.264549 0.041957 0.068306
v -0.269034 0.042969 0.123446
v -0.281132 0.045472 0.106040
v -0.294641 0.045923 0.086360
v -0.308128 0.044293 0.065932
v -0.290544 0.042837 0.056623
v -0.292357 0.046770 0.116177
v -0.306317 0.047111 0.096329
v -0.323750 0.045285 0.077358
v -0.339973 0.041730 0.062269
v -0.319393 0.040419 0.047948
v -0.357378 0.042739 0.083110
v -0.372879 0.034453 0.075835
v -0.352201 0.033354 0.051147
v -0.367415 0.042524 0.110428
v -0.384734 0.034249 0.107530
v -0.395456 0.019611 0.105634
v -0.382735 0.019937 0.071439
v -0.366667 0.040907 0.139492
v -0.384257 0.032604 0.141402
v -0.394866 0.018629 0.142387
v -0.372125 0.031314 0.173046
v -0.381619 0.017720 0.176915
v -0.356962 0.017335 0.204240
v -0.359860 0.019136 0.044701
v -0.333084 0.017781 0.027690
v -0.327684 0.031684 0.035062
v -0.306530 0.015706 0.018932
v -0.302703 0.028938 0.026286
v -0.297397 0.038333 0.038768
v -0.278928 0.025156 0.021821
v -0.275236 0.034722 0.032949
v -0.271010 0.040397 0.049379
v -0.253803 0.029772 0.029079
v -0.250858 0.036030 0.043415
v -0.246719 0.038603 0.060247
v -0.230943 0.030870 0.038222
v -0.228022 0.034014 0.053281
v -0.222772 0.034464 0.068762
v -0.208934 0.029694 0.046978
v -0.205192 0.030460 0.061117
v -0.198395 0.029094 0.075076
v -0.187213 0.027325 0.054710
v -0.182132 0.026387 0.067968
v -0.175922 0.023253 0.079639
v -0.166918 0.024786 0.063696
v -0.164333 0.021602 0.075889
v -0.161879 0.016317 0.084616
v -0.156755 0.019952 0.074686
v -0.156318 0.014746 0.083018
v -0.156308 0.009573 0.087879
v -0.152415 0.013538 0.082460
v -0.153223 0.008729 0.087521
v -0.153656 0.004383 0.090393
v -0.150559 0.009174 0.088994
v -0.151705 0.004867 0.092028
v -0.151829 0.006128 0.094829
v -0.154095 0.008747 0.100592
v -0.156032 0.010593 0.105473
v -0.152776 0.007435 0.097373
v -0.151128 0.013648 0.094276
v -0.152293 0.016304 0.097445
v -0.150280 0.011383 0.091598
v -0.147558 0.016292 0.085913
v -0.147936 0.019758 0.088600
v -0.148860 0.013566 0.083461
v -0.146429 0.017775 0.074771
v -0.143185 0.020454 0.077025
v -0.151028 0.018423 0.074072
v -0.148202 0.021768 0.063089
v -0.142606 0.020877 0.064293
v -0.155929 0.023261 0.062564
v -0.154600 0.023838 0.049002
v -0.143631 0.022632 0.050399
v -0.169600 0.025328 0.050262
v -0.171229 0.023761 0.039176
v -0.153954 0.022100 0.037892
v -0.189824 0.026218 0.042135
v -0.191096 0.022934 0.031196
v -0.172008 0.020510 0.030044
v -0.211010 0.026489 0.033885
v -0.212405 0.020920 0.023885
v -0.191785 0.017976 0.023024
v -0.233140 0.024993 0.026031
v -0.234740 0.017291 0.017506
v -0.213187 0.014435 0.017295
v -0.256356 0.021084 0.019046
v -0.258412 0.010655 0.012922
v -0.235573 0.008778 0.012632
v -0.281811 0.013192 0.014860
v -0.213526 0.007398 0.013321
v -0.192352 0.006443 0.014449
v -0.192187 0.012497 0.017744
v -0.172362 0.005835 0.016018
v -0.172394 0.011228 0.018854
v -0.172311 0.016147 0.023369
v -0.154180 0.010583 0.020476
v -0.154300 0.015096 0.024478
v -0.154232 0.018906 0.029953
v -0.137575 0.014622 0.026352
v -0.138279 0.018216 0.031763
v -0.140053 0.021022 0.039261
v -0.125422 0.018360 0.035270
v -0.129688 0.020794 0.043014
v -0.136092 0.021909 0.052929
v -0.123408 0.021160 0.046729
v -0.130851 0.022606 0.055960
v -0.137800 0.022696 0.066638
v -0.126912 0.027105 0.058252
v -0.135254 0.027690 0.068921
v -0.142406 0.024955 0.079441
v -0.133183 0.033473 0.071262
v -0.142202 0.029691 0.082109
v -0.148618 0.023349 0.091317
v -0.141470 0.035125 0.085507
v -0.149312 0.027734 0.094814
v -0.153575 0.019609 0.101328
v -0.139782 0.043629 0.091407
v -0.139929 0.059219 0.099126
v -0.130793 0.039627 0.074161
v -0.118906 0.043451 0.062683
v -0.123502 0.033441 0.059917
v -0.115179 0.031067 0.051985
v -0.108655 0.044515 0.057495
v -0.119262 0.024240 0.049441
v -0.117120 0.019745 0.040394
v -0.112913 0.017612 0.035139
v -0.123616 0.015259 0.029885
v -0.122690 0.010915 0.025504
v -0.110283 0.012934 0.029598
v -0.137384 0.010408 0.022619
v -0.137265 0.005419 0.020130
v -0.122363 0.005785 0.022593
v -0.154004 0.005534 0.017839
v -0.237231 0.014164 0.187138
v -0.223584 0.012207 0.170830
v -0.254488 0.015878 0.202007
v -0.258760 0.029078 0.193799
v -0.242160 0.026667 0.179629
v -0.274869 0.016866 0.213867
v -0.277968 0.030076 0.204771
v -0.285691 0.037594 0.189357
v -0.268416 0.036913 0.180035
v -0.298746 0.017104 0.220605
v -0.326696 0.017158 0.218834
v -0.282496 0.040943 0.162050
v -0.267600 0.040679 0.151876
v -0.252831 0.035291 0.167636
v -0.299509 0.040778 0.170145
v -0.313374 0.042922 0.150586
v -0.295669 0.043932 0.143103
v -0.334186 0.041806 0.157774
v -0.356010 0.039763 0.166087
v -0.281190 0.044085 0.133708
v -0.254986 0.039717 0.140380
v -0.228798 0.030778 0.141109
v -0.240066 0.033241 0.154216
v -0.218891 0.020655 0.149843
v -0.229210 0.023563 0.164578
v -0.213073 0.010326 0.155078
v -0.209322 0.018015 0.135799
v -0.203855 0.008881 0.140314
v -0.194777 0.007866 0.127011
v -0.109177 0.006757 0.025401
v -0.097705 0.008462 0.028535
v -0.090052 0.010027 0.028577
v -0.085679 0.011693 0.026879
v -0.081326 0.012320 0.028461
v -0.073613 0.012184 0.034313
v -0.077263 0.012350 0.031411
v -0.076068 0.024780 0.039576
v -0.079686 0.025172 0.036193
v -0.084379 0.025298 0.033297
v -0.081594 0.038869 0.043347
v -0.086605 0.038669 0.040617
v -0.082116 0.052032 0.052405
v -0.086147 0.052804 0.049247
v -0.091774 0.051217 0.049323
v -0.082433 0.066688 0.058595
v -0.087489 0.067100 0.057674
v -0.091808 0.066164 0.058869
v -0.096762 0.047660 0.051731
v -0.096147 0.064818 0.061166
v -0.101250 0.045122 0.055454
v -0.082747 0.085092 0.064800
v -0.086965 0.085092 0.067004
v -0.068333 0.105300 0.068274
v -0.072222 0.106697 0.071032
v -0.052871 0.124554 0.081751
v -0.055365 0.124530 0.086400
v -0.056881 0.123089 0.091576
v -0.040688 0.133347 0.107853
v -0.041791 0.130472 0.110777
v -0.043776 0.128894 0.113921
v -0.058739 0.121831 0.096300
v -0.046696 0.129735 0.117386
v -0.061999 0.122405 0.101315
v -0.050293 0.131137 0.121919
v -0.065725 0.123963 0.107965
v -0.083587 0.114420 0.100363
v -0.105140 0.105279 0.104204
v -0.072840 0.125819 0.123017
v -0.088443 0.119021 0.119217
v -0.106775 0.111397 0.121784
v -0.094827 0.122219 0.139331
v -0.110792 0.115008 0.140408
v -0.126807 0.103742 0.143149
v -0.114715 0.116668 0.159078
v -0.130632 0.104527 0.160281
v -0.146393 0.087497 0.159543
v -0.142245 0.088379 0.142968
v -0.158395 0.065995 0.155089
v -0.153129 0.066753 0.136752
v -0.148482 0.086676 0.177663
v -0.133154 0.104503 0.178284
v -0.133948 0.104460 0.196810
v -0.117203 0.117504 0.177582
v -0.117644 0.117986 0.196026
v -0.115896 0.118108 0.214451
v -0.100944 0.127001 0.195121
v -0.098339 0.127722 0.212612
v -0.093693 0.127908 0.229518
v -0.079730 0.134565 0.210279
v -0.074050 0.135148 0.225700
v -0.067348 0.134587 0.240927
v -0.052950 0.139287 0.220863
v -0.045641 0.138459 0.235319
v -0.039260 0.135918 0.250282
v -0.025477 0.138817 0.229821
v -0.020106 0.136301 0.244956
v -0.014758 0.131610 0.260262
v -0.005453 0.135763 0.241315
v -0.004172 0.131239 0.257535
v -0.002257 0.124448 0.272452
v 0.004632 0.131186 0.255857
v 0.005314 0.125152 0.270862
v 0.007425 0.118113 0.285628
v 0.011130 0.130420 0.272177
v 0.011838 0.123197 0.287036
v 0.016088 0.115253 0.301737
v 0.017736 0.125970 0.287564
v 0.021702 0.116053 0.300558
v 0.030775 0.108582 0.312542
v 0.025912 0.107612 0.314425
v 0.040694 0.100473 0.321410
v 0.034530 0.109515 0.311348
v 0.043720 0.102587 0.321725
v 0.056293 0.096453 0.327871
v 0.054025 0.093978 0.327328
v 0.071917 0.090376 0.327664
v 0.070422 0.088080 0.327172
v 0.086896 0.083785 0.321447
v 0.085770 0.081603 0.321313
v 0.096551 0.071730 0.312626
v 0.104145 0.061840 0.302184
v 0.104102 0.059764 0.305806
v 0.114500 0.048853 0.300312
v 0.106120 0.060022 0.309108
v 0.115277 0.050682 0.297461
v 0.116726 0.052663 0.294113
v 0.126171 0.036278 0.291487
v 0.124612 0.035069 0.294731
v 0.130891 0.017274 0.289067
v 0.128075 0.037401 0.287091
v 0.132529 0.017700 0.284806
v 0.134780 0.018358 0.277083
v -0.063834 0.013789 0.035391
v -0.068938 0.012589 0.035724
v -0.066330 0.027489 0.040782
v -0.071341 0.025634 0.041063
v -0.067708 0.040882 0.047654
v -0.073340 0.039076 0.048020
v -0.078145 0.037909 0.047332
v -0.073484 0.051762 0.055858
v -0.078664 0.050681 0.056123
v -0.068859 0.064435 0.063488
v -0.075588 0.064059 0.064432
v -0.079744 0.065340 0.061914
v -0.064015 0.077060 0.072244
v -0.068432 0.080248 0.068401
v -0.072278 0.082518 0.064846
v -0.053963 0.096855 0.069595
v -0.058190 0.099776 0.066288
v -0.063775 0.103223 0.065691
v -0.077390 0.084330 0.063474
v -0.045750 0.122055 0.074969
v -0.049915 0.123746 0.077714
v -0.032332 0.137009 0.094755
v -0.035333 0.137079 0.098203
v -0.038114 0.136143 0.102730
v -0.018398 0.140985 0.121097
v -0.021200 0.139367 0.124189
v -0.024465 0.136442 0.127244
v -0.010537 0.142084 0.147500
v -0.013916 0.140361 0.149437
v -0.026434 0.133559 0.129794
v -0.016903 0.136451 0.151972
v -0.028394 0.131017 0.132359
v -0.020333 0.133673 0.154260
v -0.032502 0.131935 0.135567
v -0.024607 0.134908 0.156952
v -0.036338 0.133640 0.139052
v -0.029697 0.136497 0.160394
v -0.041795 0.135262 0.144298
v -0.056736 0.132208 0.130774
v -0.079657 0.127907 0.141479
v -0.084271 0.129801 0.160461
v -0.099168 0.124220 0.158815
v -0.085425 0.131578 0.178121
v -0.101130 0.125701 0.177299
v -0.083796 0.133346 0.194523
v -0.065817 0.137590 0.192705
v -0.059688 0.138859 0.206674
v -0.047151 0.139331 0.187620
v -0.039419 0.139905 0.201138
v -0.031808 0.140036 0.215203
v -0.022571 0.139131 0.195762
v -0.015129 0.139256 0.210570
v -0.009633 0.138210 0.225645
v -0.005075 0.137515 0.207557
v 0.000793 0.136493 0.222824
v 0.003918 0.134565 0.239077
v 0.008078 0.141142 0.221014
v 0.011165 0.139692 0.237777
v 0.011554 0.136098 0.255547
v 0.019534 0.142754 0.236110
v 0.019197 0.139463 0.254471
v 0.017743 0.134318 0.272767
v 0.026010 0.135931 0.251748
v 0.024236 0.132234 0.271018
v 0.023462 0.124730 0.285709
v 0.029065 0.129726 0.269879
v 0.028381 0.125456 0.285548
v 0.029996 0.119197 0.299931
v 0.026004 0.116061 0.299269
v 0.037633 0.112647 0.312168
v 0.033507 0.123446 0.301368
v 0.040459 0.116307 0.313897
v 0.049613 0.109403 0.324786
v 0.046365 0.105539 0.323015
v 0.061846 0.102956 0.329984
v 0.058674 0.099305 0.328819
v 0.076218 0.095795 0.329143
v 0.073703 0.092875 0.328394
v 0.090094 0.088506 0.322979
v 0.088190 0.086208 0.322135
v 0.100849 0.081819 0.312574
v 0.093089 0.091147 0.323798
v 0.103218 0.083959 0.313786
v 0.109863 0.080028 0.301131
v 0.107178 0.077705 0.299272
v 0.114325 0.079830 0.288007
v 0.111866 0.076980 0.286093
v 0.118476 0.080966 0.273515
v 0.118907 0.076341 0.273295
v 0.121484 0.070877 0.273923
v 0.124129 0.077262 0.258685
v 0.126780 0.072241 0.258652
v 0.129794 0.065271 0.258170
v 0.124501 0.063956 0.274013
v 0.133418 0.055180 0.257055
v 0.128694 0.054576 0.273010
v 0.123477 0.054413 0.283029
v 0.134047 0.038420 0.269814
v 0.130814 0.037943 0.279988
v 0.119183 0.053788 0.290096
v 0.137549 0.019028 0.266127
v 0.137751 0.038484 0.254702
v 0.140732 0.019411 0.252731
v 0.140196 0.038253 0.237891
v 0.143136 0.019444 0.236427
v 0.144211 0.019259 0.219546
v 0.141366 0.019319 0.166544
v 0.137525 0.019572 0.148200
v 0.143631 0.019167 0.184639
v 0.141271 0.037650 0.186189
v 0.139098 0.037879 0.168068
v 0.144507 0.019148 0.202290
v 0.141903 0.037605 0.203798
v 0.137829 0.054888 0.206326
v 0.137344 0.055046 0.188894
v 0.141384 0.037839 0.220910
v 0.137445 0.055020 0.223098
v 0.132706 0.069209 0.225676
v 0.132503 0.070347 0.209904
v 0.136205 0.055262 0.239870
v 0.132112 0.067517 0.241476
v 0.128360 0.076119 0.242827
v 0.125594 0.080867 0.243736
v 0.123291 0.084227 0.244468
v 0.122109 0.081527 0.258720
v 0.124334 0.085056 0.259386
v 0.123865 0.087984 0.245383
v 0.122252 0.083252 0.274724
v 0.117785 0.081712 0.289744
v 0.121640 0.083892 0.291120
v 0.126380 0.085268 0.275773
v 0.128212 0.087082 0.259858
v 0.131220 0.087958 0.276287
v 0.132055 0.089205 0.260065
v 0.130991 0.092217 0.245567
v 0.127213 0.090034 0.245499
v 0.128569 0.097209 0.234511
v 0.124368 0.094403 0.234380
v 0.121375 0.092217 0.234146
v 0.118698 0.101818 0.225787
v 0.116155 0.098997 0.225144
v 0.108004 0.112842 0.220698
v 0.104713 0.109402 0.219330
v 0.094425 0.122499 0.220583
v 0.091096 0.118130 0.219757
v 0.088659 0.116268 0.215018
v 0.072947 0.121059 0.220212
v 0.070068 0.122810 0.214232
v 0.087355 0.118022 0.209087
v 0.076023 0.124754 0.224116
v 0.079521 0.130537 0.224389
v 0.068293 0.138577 0.231482
v 0.062269 0.129897 0.230385
v 0.059374 0.123764 0.228454
v 0.052797 0.135031 0.239420
v 0.055100 0.123700 0.222300
v 0.052037 0.125332 0.215524
v 0.067245 0.124479 0.207796
v 0.048726 0.127506 0.205923
v 0.063820 0.126260 0.199745
v 0.082849 0.121804 0.193136
v 0.085807 0.119852 0.202603
v 0.100503 0.112982 0.187469
v 0.103069 0.111005 0.200785
v 0.113677 0.100670 0.183436
v 0.116595 0.098131 0.200262
v 0.122722 0.087199 0.179324
v 0.124665 0.085788 0.196787
v 0.130272 0.072055 0.174712
v 0.131769 0.071215 0.192602
v 0.135559 0.055411 0.170797
v 0.126976 0.073346 0.156773
v 0.132091 0.056217 0.152223
v 0.135479 0.038438 0.149444
v 0.125173 0.057766 0.134718
v 0.128218 0.039376 0.131943
v 0.130169 0.019922 0.130956
v 0.121705 0.020279 0.115123
v 0.113233 0.020358 0.100419
v 0.103253 0.019658 0.087007
v 0.089959 0.018556 0.075484
v 0.075785 0.018080 0.064455
v 0.088213 0.035729 0.076026
v 0.074537 0.033843 0.065681
v 0.059468 0.032926 0.057168
v 0.060199 0.018240 0.055377
v 0.043758 0.018525 0.047803
v -0.047071 0.016321 0.033828
v -0.058268 0.015048 0.034633
v -0.048489 0.031665 0.039418
v -0.060451 0.029513 0.040164
v -0.046919 0.043704 0.045748
v -0.060643 0.042718 0.047039
v -0.043025 0.052445 0.051297
v -0.057656 0.052988 0.053506
v -0.066931 0.052702 0.054864
v -0.052439 0.062361 0.059856
v -0.060813 0.064090 0.062022
v -0.038650 0.059320 0.055838
v -0.033412 0.064938 0.059490
v -0.018612 0.060432 0.055016
v -0.016035 0.065020 0.057564
v -0.029096 0.069897 0.062015
v -0.021690 0.055648 0.051799
v -0.005302 0.052939 0.050196
v -0.003470 0.057703 0.053083
v -0.025229 0.049788 0.048296
v -0.007632 0.047545 0.047160
v 0.009950 0.046833 0.047849
v 0.011264 0.052217 0.050528
v -0.028373 0.042589 0.044203
v -0.009913 0.041119 0.043736
v 0.008753 0.040855 0.045033
v 0.026551 0.041137 0.047517
v 0.027145 0.047584 0.049967
v -0.011030 0.033076 0.040146
v 0.008114 0.033363 0.042074
v 0.026178 0.032904 0.044908
v 0.043324 0.032603 0.050103
v 0.043225 0.041385 0.052120
v 0.008517 0.018950 0.038136
v 0.026474 0.018794 0.041894
v -0.010025 0.018464 0.035626
v -0.029068 0.017226 0.034160
v -0.030082 0.032476 0.039324
v 0.058770 0.042822 0.058768
v 0.058256 0.049800 0.060189
v 0.043262 0.048245 0.054019
v 0.057721 0.054745 0.061567
v 0.043207 0.053468 0.055994
v 0.027670 0.052769 0.052321
v 0.043099 0.057787 0.057881
v 0.027989 0.057299 0.054876
v 0.012217 0.057029 0.053368
v 0.028382 0.061384 0.054491
v 0.012837 0.061613 0.054285
v -0.002179 0.062382 0.055010
v 0.013216 0.064056 0.050376
v -0.001596 0.065702 0.051587
v -0.015104 0.069050 0.054052
v -0.001180 0.068366 0.047116
v -0.014307 0.072323 0.049631
v -0.025943 0.078894 0.053399
v -0.027398 0.074813 0.058085
v -0.034697 0.088034 0.057163
v -0.024080 0.082917 0.047709
v -0.031896 0.093195 0.050709
v -0.036154 0.109662 0.053929
v -0.038702 0.104276 0.060297
v -0.033658 0.131491 0.060896
v -0.035036 0.126984 0.067808
v -0.035768 0.123517 0.071135
v -0.025081 0.145359 0.081295
v -0.025621 0.141022 0.086958
v -0.025422 0.137447 0.090127
v -0.036952 0.119494 0.074537
v -0.025411 0.135890 0.091441
v -0.037919 0.118556 0.075236
v -0.026874 0.134971 0.092450
v -0.039303 0.118712 0.075697
v -0.050060 0.094370 0.073253
v -0.041842 0.119717 0.075155
v -0.029196 0.135920 0.093128
v -0.011907 0.141996 0.114669
v -0.014282 0.141534 0.116554
v -0.016452 0.141559 0.118616
v 0.001465 0.140772 0.138659
v 0.003025 0.143363 0.136256
v 0.022489 0.139863 0.148017
v 0.021575 0.136610 0.151390
v 0.043654 0.135164 0.148218
v 0.043545 0.130943 0.152616
v 0.062668 0.128343 0.143990
v 0.063376 0.124937 0.148036
v 0.065016 0.124204 0.152148
v 0.078800 0.117177 0.141279
v 0.081570 0.116935 0.145276
v 0.085498 0.117169 0.150553
v 0.067290 0.124745 0.157431
v 0.090352 0.116818 0.158539
v 0.071405 0.124914 0.165318
v 0.095949 0.115297 0.172199
v 0.077381 0.123793 0.179126
v 0.057948 0.128246 0.185972
v 0.042600 0.129759 0.190627
v 0.032392 0.129976 0.193943
v 0.038741 0.127580 0.209844
v 0.030851 0.127944 0.212637
v 0.024764 0.130545 0.196640
v 0.016302 0.132337 0.181151
v 0.026033 0.133829 0.215023
v 0.020989 0.137426 0.198445
v 0.013484 0.140510 0.182324
v 0.000320 0.143455 0.167105
v 0.005148 0.137651 0.165599
v 0.017397 0.144777 0.200194
v 0.007082 0.146202 0.184604
v -0.006681 0.143469 0.170084
v -0.000131 0.143558 0.187835
v -0.009802 0.138509 0.172098
v -0.004551 0.137412 0.189998
v -0.014644 0.135772 0.174504
v -0.012141 0.137596 0.192504
v -0.020428 0.137150 0.176856
v -0.030601 0.138428 0.181062
v 0.002814 0.140377 0.205128
v 0.009447 0.145688 0.203041
v 0.016070 0.145319 0.219386
v 0.023456 0.141675 0.217031
v 0.026422 0.137826 0.233104
v 0.104293 0.105606 0.151712
v 0.109630 0.103064 0.166916
v 0.114247 0.091694 0.145788
v 0.119304 0.089016 0.162054
v 0.120845 0.075551 0.139957
v 0.107536 0.094530 0.133126
v 0.098420 0.107458 0.141527
v 0.094009 0.108168 0.136042
v 0.102062 0.096502 0.126225
v 0.090501 0.108606 0.132259
v 0.097448 0.097960 0.121922
v 0.088032 0.110577 0.128200
v 0.094346 0.099537 0.118599
v 0.096795 0.086870 0.108169
v 0.094153 0.102614 0.114694
v 0.095618 0.089871 0.104430
v 0.094154 0.078934 0.094499
v 0.095891 0.075047 0.097172
v 0.089428 0.071204 0.085816
v 0.090952 0.066928 0.086978
v 0.081092 0.065465 0.077203
v 0.082377 0.061412 0.077253
v 0.083875 0.057031 0.076793
v 0.071109 0.057409 0.068615
v 0.072114 0.052818 0.067612
v 0.073246 0.045521 0.066718
v 0.085895 0.048982 0.076391
v 0.070072 0.061626 0.069449
v 0.057055 0.059047 0.062864
v 0.070930 0.064941 0.067269
v 0.057810 0.062747 0.060812
v 0.043550 0.061837 0.056626
v 0.059169 0.065420 0.057261
v 0.044430 0.064485 0.052820
v 0.028893 0.063831 0.050525
v 0.045319 0.067353 0.048820
v 0.029415 0.066565 0.046240
v 0.013554 0.066648 0.045886
v 0.030006 0.069436 0.041586
v 0.013849 0.069331 0.041159
v -0.000812 0.070955 0.042560
v 0.014108 0.072120 0.034830
v -0.000454 0.073813 0.035942
v -0.012109 0.079087 0.036885
v -0.013332 0.075447 0.044923
v -0.021533 0.087676 0.038052
v -0.011098 0.082164 0.024901
v -0.019472 0.091576 0.024961
v -0.025958 0.104746 0.026273
v -0.028497 0.099400 0.039683
v -0.029424 0.121839 0.029609
v -0.032685 0.116084 0.042725
v -0.027105 0.140512 0.034262
v -0.030559 0.136831 0.048884
v -0.017000 0.157431 0.038549
v -0.019271 0.155454 0.055185
v -0.022373 0.150990 0.070360
v -0.002868 0.168600 0.060621
v -0.005583 0.164303 0.078617
v -0.009118 0.158913 0.094050
v 0.012549 0.171036 0.084631
v 0.009779 0.165162 0.102223
v 0.006725 0.158787 0.116991
v -0.011253 0.152509 0.104722
v 0.005044 0.152162 0.126655
v -0.011709 0.147100 0.110452
v 0.004312 0.147053 0.132659
v -0.011573 0.143956 0.113084
v 0.024968 0.150010 0.135372
v 0.023880 0.144193 0.143116
v 0.044061 0.144514 0.137560
v 0.043779 0.139272 0.143934
v 0.062487 0.137560 0.134386
v 0.062529 0.132387 0.140139
v 0.077746 0.128763 0.127955
v 0.077494 0.124043 0.133066
v 0.077376 0.120015 0.136900
v 0.088253 0.114132 0.124358
v 0.089074 0.118338 0.119890
v 0.095926 0.106143 0.110583
v 0.089874 0.124237 0.111761
v 0.097929 0.110872 0.104232
v 0.100177 0.096840 0.095359
v 0.097616 0.092972 0.100571
v 0.097557 0.085604 0.086381
v 0.095395 0.082268 0.091013
v 0.092082 0.077407 0.078586
v 0.090333 0.074540 0.082730
v 0.083670 0.071001 0.071521
v 0.082023 0.068726 0.074848
v 0.072525 0.067263 0.064002
v 0.085571 0.074855 0.065992
v 0.074149 0.070733 0.059596
v 0.060434 0.068611 0.053350
v 0.075766 0.075497 0.052888
v 0.061840 0.072434 0.048187
v 0.046371 0.070575 0.044033
v 0.063332 0.077911 0.038739
v 0.047695 0.075112 0.035907
v 0.030733 0.072933 0.034426
v 0.048207 0.079645 0.024596
v 0.031236 0.076675 0.024502
v 0.014518 0.075445 0.024634
v 0.031332 0.079369 0.016315
v 0.014949 0.078142 0.015015
v 0.000619 0.079158 0.013957
v 0.000028 0.076922 0.024795
v -0.010363 0.084040 0.013953
v 0.001382 0.081495 0.007291
v -0.009217 0.086149 0.006882
v -0.017130 0.095507 0.007719
v -0.018411 0.093747 0.014592
v -0.022527 0.109059 0.008951
v -0.024259 0.107573 0.015923
v -0.024475 0.125285 0.009865
v -0.026685 0.124632 0.017830
v -0.022922 0.142448 0.009896
v -0.024413 0.142156 0.020333
v -0.013598 0.158252 0.012604
v -0.014848 0.157991 0.023518
v -0.021240 0.141551 0.004560
v -0.012554 0.157595 0.005589
v 0.002181 0.167443 0.008605
v -0.009774 0.154454 0.001758
v 0.004411 0.163912 0.002937
v 0.019242 0.170657 0.002575
v 0.016518 0.174663 0.007830
v 0.030674 0.177174 0.001328
v 0.027249 0.180770 0.004564
v 0.023205 0.165475 0.000755
v 0.007502 0.158608 0.000812
v 0.011178 0.153025 0.000547
v 0.016285 0.146669 0.000470
v -0.005695 0.149549 0.000671
v -0.012578 0.137710 0.000698
v -0.017789 0.139762 0.001564
v -0.018311 0.124663 0.001889
v -0.013634 0.124442 0.000768
v -0.022218 0.124993 0.005243
v -0.020360 0.109885 0.004716
v -0.016785 0.110746 0.001814
v -0.012791 0.098409 0.001907
v -0.012193 0.111917 0.000780
v -0.015321 0.096901 0.004060
v -0.007715 0.088334 0.003480
v -0.006035 0.090593 0.001842
v 0.002933 0.087564 0.001797
v 0.002081 0.084040 0.003797
v 0.015206 0.083303 0.004179
v 0.015126 0.087650 0.001593
v 0.015206 0.080402 0.008598
v 0.031176 0.081626 0.009555
v 0.030683 0.084816 0.004187
v 0.046351 0.087193 0.003800
v 0.045339 0.092474 0.000931
v 0.029928 0.089649 0.001354
v 0.047106 0.084192 0.009482
v 0.062489 0.087636 0.008764
v 0.061160 0.090360 0.003510
v 0.047714 0.082176 0.016377
v 0.063624 0.086046 0.015301
v 0.075934 0.089711 0.014817
v 0.075062 0.090856 0.007903
v 0.064071 0.083287 0.025237
v 0.076475 0.086770 0.027039
v 0.085221 0.090476 0.028782
v 0.084409 0.092993 0.015529
v 0.076580 0.081370 0.041584
v 0.087037 0.085906 0.043890
v 0.094214 0.092336 0.045693
v 0.091285 0.096028 0.029881
v 0.086919 0.080280 0.056595
v 0.094971 0.086980 0.059864
v 0.101034 0.097284 0.063581
v 0.099126 0.101797 0.047515
v 0.093829 0.081340 0.071737
v 0.100050 0.090898 0.078003
v 0.102746 0.103508 0.084681
v 0.103374 0.110596 0.068126
v 0.099742 0.126272 0.073827
v 0.097929 0.131816 0.055791
v 0.101328 0.115360 0.050735
v 0.099627 0.118727 0.091198
v 0.090393 0.132615 0.096945
v 0.090642 0.140966 0.079600
v 0.078450 0.153345 0.084805
v 0.077639 0.160143 0.065772
v 0.089332 0.147339 0.061153
v 0.077914 0.144423 0.102089
v 0.063192 0.154378 0.106362
v 0.063988 0.163264 0.088700
v 0.077861 0.135726 0.117842
v 0.062651 0.145561 0.122623
v 0.044952 0.152572 0.124589
v 0.046260 0.161145 0.108284
v 0.028483 0.164933 0.106954
v 0.030602 0.172512 0.088820
v 0.047723 0.169742 0.090237
v 0.026435 0.157092 0.123097
v 0.032026 0.177939 0.069239
v 0.048148 0.175817 0.070168
v 0.063588 0.169825 0.068912
v 0.047129 0.178261 0.050045
v 0.061543 0.172654 0.048937
v 0.074941 0.163254 0.046724
v 0.085915 0.150744 0.043262
v 0.014796 0.175772 0.065846
v 0.089714 0.097636 0.016162
v 0.091007 0.097839 0.008875
v 0.084886 0.093600 0.007933
v 0.073926 0.093015 0.003159
v 0.072682 0.097754 0.000534
v 0.059962 0.095674 0.000757
v 0.071416 0.105053 0.000070
v 0.058692 0.102971 0.000285
v 0.044282 0.099603 0.000440
v 0.057466 0.112100 0.000352
v 0.043222 0.108070 0.000398
v 0.028397 0.104514 0.000466
v 0.029105 0.096169 0.000596
v 0.014809 0.101039 0.000571
v 0.015111 0.093490 0.000725
v 0.027646 0.114147 0.000409
v 0.013916 0.110035 0.000468
v 0.025068 0.126753 0.000397
v 0.012037 0.121139 0.000437
v 0.000826 0.116386 0.000525
v -0.006649 0.113739 0.000619
v 0.020635 0.138707 0.000417
v 0.036173 0.144812 0.000466
v 0.039366 0.133179 0.000429
v 0.054177 0.138404 0.000547
v 0.052303 0.149468 0.000634
v 0.041904 0.118906 0.000395
v 0.055886 0.124241 0.000453
v 0.068238 0.129063 0.000591
v 0.069758 0.115774 0.000372
v 0.079450 0.118070 0.000620
v 0.078909 0.132012 0.000715
v 0.085748 0.118744 0.001624
v 0.090759 0.118734 0.004607
v 0.063685 0.146129 0.241216
v 0.062723 0.152855 0.255090
v 0.048363 0.142106 0.253925
v 0.063877 0.155830 0.271887
v 0.048424 0.146186 0.272123
v 0.038815 0.137599 0.270897
v 0.050916 0.145469 0.289700
v 0.038705 0.136119 0.288379
v 0.032253 0.129480 0.286848
v 0.034430 0.131340 0.267910
v 0.041300 0.130795 0.303603
v 0.055005 0.140879 0.305309
v 0.061095 0.133741 0.318425
v 0.047147 0.123640 0.316756
v 0.068589 0.125232 0.327884
v 0.055942 0.115866 0.326985
v 0.077020 0.115449 0.331942
v 0.067334 0.108330 0.331271
v 0.087804 0.104667 0.330174
v 0.080472 0.099703 0.329812
v 0.098290 0.094348 0.324281
v 0.098675 0.110033 0.330292
v 0.106680 0.098527 0.324424
v 0.113028 0.090098 0.315507
v 0.106865 0.086592 0.314734
v 0.117836 0.085343 0.304011
v 0.113188 0.082401 0.302662
v 0.122786 0.095154 0.315717
v 0.125235 0.089650 0.305110
v 0.128099 0.087701 0.291790
v 0.136560 0.096155 0.304182
v 0.135999 0.092321 0.291772
v 0.136769 0.091123 0.276362
v 0.149332 0.100650 0.288935
v 0.147243 0.097529 0.274937
v 0.146947 0.098230 0.259017
v 0.137459 0.092438 0.260042
v 0.146889 0.101848 0.245784
v 0.137053 0.095993 0.245769
v 0.145690 0.107847 0.236080
v 0.135000 0.101541 0.235045
v 0.142374 0.117184 0.229047
v 0.130380 0.110380 0.227222
v 0.123207 0.105403 0.226344
v 0.121492 0.122692 0.222412
v 0.112761 0.116786 0.221491
v 0.111781 0.135801 0.222289
v 0.100053 0.128011 0.221106
v 0.105595 0.146817 0.225641
v 0.088405 0.138664 0.224773
v 0.101896 0.155827 0.231787
v 0.083658 0.148023 0.231419
v 0.099628 0.162634 0.240830
v 0.081267 0.155827 0.241064
v 0.098809 0.167513 0.253106
v 0.080403 0.161536 0.254378
v 0.099996 0.169282 0.268038
v 0.081566 0.163739 0.270329
v 0.102896 0.167542 0.283902
v 0.084816 0.162104 0.286857
v 0.067132 0.154618 0.289009
v 0.089842 0.157069 0.301855
v 0.072143 0.149850 0.304465
v 0.096103 0.149666 0.314292
v 0.078623 0.142534 0.317280
v 0.102709 0.140322 0.323259
v 0.085724 0.133577 0.326304
v 0.108991 0.128512 0.327569
v 0.092342 0.122813 0.330507
v 0.114327 0.115753 0.327600
v 0.125088 0.135101 0.322864
v 0.130369 0.122733 0.323131
v 0.134231 0.111385 0.319950
v 0.118963 0.103832 0.323688
v 0.136411 0.102436 0.313671
v 0.149133 0.120427 0.313395
v 0.151096 0.111863 0.307827
v 0.150922 0.105203 0.299334
v 0.164143 0.120795 0.301016
v 0.176601 0.128691 0.295546
v 0.145465 0.131043 0.316336
v 0.140433 0.142350 0.315870
v 0.134507 0.152516 0.311590
v 0.148881 0.157791 0.304343
v 0.119004 0.146447 0.318245
v 0.112994 0.155456 0.309794
v 0.129127 0.160458 0.304152
v 0.124739 0.166618 0.294105
v 0.141851 0.169325 0.289672
v 0.144737 0.164466 0.298083
v 0.107394 0.162615 0.298229
v 0.121166 0.171225 0.280753
v 0.118771 0.173091 0.265643
v 0.137758 0.175111 0.264421
v 0.139449 0.173153 0.277872
v 0.157178 0.172937 0.276390
v 0.158068 0.170963 0.286353
v 0.168452 0.171919 0.276210
v 0.159127 0.167526 0.293625
v 0.175306 0.170157 0.276288
v 0.179417 0.164852 0.276629
v 0.181685 0.156862 0.276428
v 0.181506 0.159202 0.283995
v 0.184232 0.150272 0.283516
v 0.184653 0.148053 0.276214
v 0.187664 0.140543 0.276099
v 0.188593 0.142444 0.283351
v 0.186860 0.145501 0.267032
v 0.189662 0.138289 0.267364
v 0.188229 0.134778 0.276768
v 0.190568 0.144037 0.260099
v 0.193820 0.136838 0.261151
v 0.193054 0.143395 0.254849
v 0.189936 0.151915 0.248125
v 0.192735 0.142230 0.249279
v 0.185921 0.150798 0.243945
v 0.188850 0.140008 0.245149
v 0.179107 0.148528 0.240176
v 0.181641 0.136889 0.241478
v 0.183874 0.128319 0.244400
v 0.183783 0.123231 0.249064
v 0.170689 0.131972 0.236827
v 0.172124 0.123656 0.240513
v 0.172579 0.118233 0.247157
v 0.158875 0.116188 0.237763
v 0.159870 0.110322 0.246252
v 0.160285 0.107380 0.257538
v 0.161534 0.107443 0.270625
v 0.156919 0.125182 0.232336
v 0.167311 0.143662 0.234717
v 0.151910 0.137353 0.229044
v 0.135812 0.130204 0.224839
v 0.146711 0.149588 0.229039
v 0.129193 0.143289 0.224831
v 0.142848 0.159213 0.231421
v 0.124459 0.153765 0.227845
v 0.139864 0.166917 0.236306
v 0.120941 0.162235 0.233629
v 0.138050 0.171841 0.243696
v 0.118902 0.167852 0.241751
v 0.137318 0.174540 0.252887
v 0.117964 0.171662 0.252246
v 0.156653 0.170491 0.239374
v 0.159404 0.163797 0.235838
v 0.174162 0.168521 0.240638
v 0.171737 0.174165 0.243308
v 0.177027 0.160260 0.240128
v 0.185513 0.162748 0.244435
v 0.162889 0.155142 0.234453
v 0.189603 0.162585 0.248411
v 0.190663 0.136844 0.283553
v 0.189451 0.143775 0.288964
v 0.145989 0.020395 0.302698
v 0.154012 0.021774 0.304572
v 0.150256 0.043138 0.308223
v 0.164812 0.022767 0.307445
v 0.162835 0.045037 0.311854
v 0.159678 0.065667 0.318710
v 0.178580 0.045243 0.316938
v 0.178285 0.065533 0.325078
v 0.178491 0.083083 0.335974
v 0.195964 0.061821 0.331724
v 0.198871 0.077150 0.343320
v 0.202558 0.088353 0.356949
v 0.179943 0.096919 0.349252
v 0.215875 0.068483 0.349850
v 0.220287 0.076759 0.362250
v 0.231032 0.058171 0.355639
v 0.235390 0.064593 0.366262
v 0.238905 0.068637 0.374681
v 0.249028 0.052596 0.369553
v 0.252064 0.055607 0.375279
v 0.261266 0.039248 0.371143
v 0.263982 0.041595 0.374794
v 0.265861 0.042974 0.378187
v 0.275270 0.026747 0.371836
v 0.276308 0.026885 0.375574
v 0.275991 0.026519 0.379385
v 0.283852 0.011978 0.369065
v 0.283361 0.011330 0.373538
v 0.282124 0.010973 0.379107
v 0.178882 0.022988 0.311882
v 0.193401 0.022070 0.317555
v 0.194291 0.043040 0.322970
v 0.207573 0.020122 0.324207
v 0.209225 0.039128 0.329685
v 0.211992 0.055721 0.338362
v 0.223284 0.034085 0.336922
v 0.226549 0.048114 0.345221
v 0.236871 0.028458 0.344233
v 0.240334 0.040036 0.351811
v 0.244990 0.047785 0.360705
v 0.258242 0.036107 0.364558
v 0.269667 0.022506 0.364876
v 0.272808 0.024971 0.368680
v 0.277868 0.010954 0.360129
v 0.281174 0.012481 0.361854
v 0.283319 0.012626 0.365169
v 0.221304 0.017545 0.331660
v 0.234739 0.014511 0.339483
v 0.072917 0.159662 0.001837
v 0.054353 0.172639 0.005958
v 0.047111 0.178260 0.003832
v -0.002257 -0.133094 -0.002488
v -0.002327 -0.096685 -0.002147
v -0.102237 -0.028776 0.043671
v -0.324132 -0.049691 0.115948
v -0.319115 -0.039421 0.199397
v -0.059889 -0.139595 0.165137
v -0.134862 -0.090672 0.117201
v -0.104711 -0.084841 0.074299
v -0.045745 -0.090927 0.066406
v -0.159047 -0.030457 0.112354
v 0.038637 -0.188880 -0.000432
v 0.034087 -0.189826 0.009863
v 0.044498 -0.187558 0.009527
v 0.047237 -0.182484 0.016764
v 0.019168 -0.181340 0.027195
v 0.074280 -0.173536 0.011062
v 0.079863 -0.172912 0.006391
v 0.069817 -0.172608 0.014418
v 0.046992 -0.164460 -0.002217
v 0.079327 -0.169669 0.000526
v 0.076280 -0.149487 -0.000991
v 0.080708 -0.158213 0.015853
v 0.100710 -0.138325 0.004793
v 0.097565 -0.136338 -0.000702
v 0.096072 -0.123198 0.017952
v 0.089967 -0.099846 -0.001748
v 0.023081 -0.134366 0.160337
v 0.108255 -0.063466 0.101735
v 0.192279 -0.179126 0.248789
v 0.171882 -0.178894 0.258982
v 0.181609 -0.180765 0.257608
v 0.191917 -0.171266 0.259524
v 0.177712 -0.175163 0.289659
v 0.188784 -0.165087 0.262726
v 0.177669 -0.163147 0.297513
v 0.036885 -0.126954 0.242224
v 0.149350 -0.103774 0.338547
v 0.120711 -0.096973 0.217111
v 0.064040 -0.086336 0.334260
v 0.109468 -0.068190 0.297072
v 0.174497 -0.144755 0.302872
v 0.184791 -0.141995 0.299534
v 0.188245 -0.127229 0.286492
v 0.193931 -0.133688 0.294221
v 0.192915 -0.123131 0.261633
v 0.201593 -0.127133 0.254246
v 0.186578 -0.122692 0.266181
v 0.181017 -0.121502 0.281752
v 0.261633 -0.016625 0.352612
v 0.182128 -0.103028 0.416758
v 0.210627 -0.081290 0.452030
v -0.007506 -0.134943 -0.002426
v -0.008640 -0.124223 -0.002423
v -0.001454 -0.125800 -0.002492
v 0.004489 -0.139037 -0.002521
v -0.000688 -0.144547 -0.002447
v 0.008721 -0.131800 -0.002556
v 0.003887 -0.097689 -0.002258
v 0.002677 -0.106290 -0.002396
v -0.004582 -0.103176 -0.002269
v -0.009644 -0.100294 -0.001988
v -0.004647 -0.092626 -0.001831
v 0.003612 -0.091363 -0.001997
v -0.107214 -0.023147 0.038850
v -0.101019 -0.017848 0.032351
v -0.095974 -0.020660 0.034065
v -0.109627 -0.030442 0.046012
v -0.113248 -0.024523 0.042700
v -0.091129 -0.024583 0.031775
v -0.094340 -0.035877 0.039903
v -0.315780 -0.050350 0.106523
v -0.303903 -0.049649 0.125393
v -0.320117 -0.048430 0.131307
v -0.345523 -0.047954 0.113223
v -0.337313 -0.048817 0.092566
v -0.344068 -0.046090 0.136264
v -0.338021 -0.041578 0.187530
v -0.318404 -0.043516 0.177676
v -0.303260 -0.040237 0.196595
v -0.323256 -0.031681 0.212290
v -0.350806 -0.032493 0.199254
v -0.298584 -0.032048 0.213067
v -0.050959 -0.139385 0.153783
v -0.040085 -0.140822 0.166737
v -0.055092 -0.141018 0.175388
v -0.071067 -0.137157 0.163358
v -0.065197 -0.135868 0.145444
v -0.070788 -0.138732 0.178580
v -0.123990 -0.098628 0.111134
v -0.125170 -0.104096 0.126508
v -0.139078 -0.091132 0.128274
v -0.148995 -0.072120 0.121407
v -0.139701 -0.078256 0.108489
v -0.126029 -0.086457 0.095786
v -0.093769 -0.085977 0.068200
v -0.076516 -0.108490 0.075655
v -0.078975 -0.108197 0.080831
v -0.082297 -0.111935 0.087316
v -0.106413 -0.098162 0.087152
v -0.127720 -0.071132 0.084560
v -0.130451 -0.053730 0.077341
v -0.113963 -0.061815 0.065449
v -0.102508 -0.063994 0.062317
v -0.047516 -0.092687 0.070432
v -0.058111 -0.076610 0.068518
v -0.052745 -0.074727 0.065986
v -0.039480 -0.077482 0.063975
v -0.038985 -0.082236 0.060081
v -0.043873 -0.098812 0.063405
v -0.045437 -0.071506 0.062387
v -0.157730 -0.024557 0.105709
v -0.152447 -0.035413 0.099384
v -0.152920 -0.048223 0.110719
v -0.161842 -0.042509 0.125380
v -0.165260 -0.019767 0.121381
v -0.160581 -0.012906 0.109331
v 0.033517 -0.187274 -0.000357
v 0.037911 -0.182449 -0.002200
v 0.043244 -0.185696 -0.000612
v 0.045379 -0.188034 0.004132
v 0.039346 -0.191697 0.003375
v 0.032696 -0.190645 0.004692
v 0.039500 -0.190281 0.009349
v 0.030065 -0.186323 0.014886
v 0.025866 -0.185286 0.009234
v 0.037844 -0.186151 0.017064
v 0.049863 -0.181841 0.008901
v 0.046634 -0.181403 0.031839
v 0.034003 -0.183588 0.031128
v 0.058788 -0.175631 0.019580
v 0.060397 -0.175502 0.031352
v 0.057338 -0.176129 0.012775
v 0.015416 -0.179631 0.015254
v -0.000903 -0.172768 0.026266
v -0.000321 -0.171712 0.015925
v 0.016500 -0.180789 0.047050
v -0.002188 -0.172975 0.042389
v 0.032593 -0.183128 0.049882
v 0.072877 -0.176166 0.004845
v 0.080278 -0.169132 0.009575
v 0.064647 -0.174797 0.005470
v 0.079452 -0.164740 0.012698
v 0.072831 -0.171180 -0.001041
v 0.080556 -0.165205 0.002315
v 0.071524 -0.168475 0.019738
v 0.028587 -0.159359 -0.002473
v 0.032834 -0.153513 -0.002500
v 0.049842 -0.157610 -0.002288
v 0.052564 -0.170523 -0.000873
v 0.043847 -0.176156 -0.001785
v 0.037013 -0.171978 -0.002385
v 0.063213 -0.165116 -0.001589
v 0.063235 -0.169953 -0.000306
v 0.063900 -0.159261 -0.001884
v 0.073365 -0.165127 -0.001528
v 0.074973 -0.154232 -0.000689
v 0.065538 -0.151986 -0.001977
v 0.068289 -0.142532 -0.002165
v 0.080332 -0.143592 -0.001673
v 0.085533 -0.150232 0.004454
v 0.081395 -0.156613 0.005775
v 0.080887 -0.160557 0.004560
v 0.089622 -0.146639 0.013796
v 0.083666 -0.154580 0.027343
v 0.073624 -0.166308 0.029708
v 0.092309 -0.139960 0.023252
v 0.096140 -0.145770 0.005384
v 0.091032 -0.141583 -0.001914
v 0.094859 -0.129043 0.000984
v 0.098551 -0.130381 0.007356
v 0.097307 -0.136364 0.012116
v 0.087808 -0.131046 -0.001831
v 0.095906 -0.119269 0.009397
v 0.095797 -0.106735 0.009233
v 0.095281 -0.106414 0.016115
v 0.100030 -0.118678 0.033186
v 0.096949 -0.136281 0.038153
v 0.098007 -0.104001 0.030257
v 0.084027 -0.097902 -0.002316
v 0.085574 -0.092869 0.001380
v 0.093076 -0.096589 0.002290
v 0.089260 -0.107782 -0.001859
v 0.082193 -0.106563 -0.002992
v 0.094836 -0.107747 0.002712
v 0.012201 -0.134448 0.163926
v -0.003568 -0.143843 0.146062
v -0.000008 -0.141295 0.144014
v -0.000317 -0.141741 0.142585
v 0.021618 -0.135993 0.156476
v 0.044710 -0.132128 0.157132
v 0.046357 -0.132166 0.161328
v 0.051074 -0.132419 0.171138
v 0.033827 -0.133881 0.174483
v 0.024040 -0.133848 0.177638
v 0.100864 -0.072839 0.097050
v 0.095044 -0.063779 0.085095
v 0.098708 -0.055105 0.085223
v 0.103079 -0.039428 0.085426
v 0.112995 -0.041529 0.099280
v 0.107313 -0.083718 0.113966
v 0.102172 -0.086572 0.109385
v 0.118616 -0.061053 0.117517
v 0.115165 -0.079988 0.124426
v 0.122026 -0.041086 0.114390
v 0.185046 -0.179635 0.245387
v 0.187081 -0.172766 0.242743
v 0.193637 -0.172292 0.247556
v 0.195081 -0.171748 0.254204
v 0.192396 -0.179555 0.254731
v 0.183226 -0.182374 0.251701
v 0.154881 -0.178876 0.254834
v 0.154705 -0.177354 0.244977
v 0.170437 -0.180037 0.248447
v 0.188904 -0.177541 0.259821
v 0.182430 -0.174421 0.264691
v 0.178524 -0.172714 0.269649
v 0.169503 -0.175963 0.267193
v 0.156187 -0.177763 0.265318
v 0.193206 -0.162628 0.254791
v 0.177660 -0.174239 0.283272
v 0.182758 -0.168178 0.283352
v 0.182374 -0.170438 0.291194
v 0.170901 -0.173750 0.292784
v 0.170069 -0.175191 0.285336
v 0.173942 -0.169036 0.297195
v 0.193345 -0.153236 0.254652
v 0.190297 -0.154210 0.261429
v 0.186575 -0.155815 0.268425
v 0.183904 -0.165104 0.269783
v 0.183673 -0.161922 0.291182
v 0.186247 -0.152574 0.290413
v 0.182275 -0.151079 0.296932
v 0.167554 -0.156395 0.302837
v 0.162374 -0.163992 0.300645
v 0.035081 -0.126810 0.226795
v 0.041958 -0.127659 0.222038
v 0.044350 -0.126258 0.229931
v 0.047522 -0.128684 0.235679
v 0.039652 -0.134196 0.249057
v 0.031868 -0.131592 0.248447
v 0.031072 -0.131149 0.230069
v 0.126174 -0.111859 0.344282
v 0.114069 -0.102369 0.334331
v 0.128439 -0.094436 0.326863
v 0.160214 -0.115366 0.359188
v 0.136447 -0.120136 0.360438
v 0.137749 -0.081134 0.318359
v 0.155994 -0.085776 0.325402
v 0.128624 -0.085428 0.214460
v 0.129997 -0.082401 0.228668
v 0.125530 -0.088986 0.230787
v 0.118695 -0.098296 0.221941
v 0.105465 -0.110451 0.214452
v 0.105583 -0.111383 0.210296
v 0.123950 -0.090393 0.232235
v 0.071748 -0.086169 0.334466
v 0.053585 -0.084424 0.343509
v 0.045984 -0.084781 0.341377
v 0.042373 -0.089495 0.334550
v 0.047293 -0.090840 0.332245
v 0.067531 -0.086556 0.330834
v 0.032666 -0.087606 0.338020
v 0.101045 -0.075912 0.312507
v 0.100977 -0.078310 0.313194
v 0.108135 -0.074497 0.298594
v 0.115889 -0.072197 0.287189
v 0.119264 -0.065952 0.286887
v 0.107417 -0.065376 0.300920
v 0.099616 -0.073766 0.313238
v 0.190093 -0.144796 0.295754
v 0.187634 -0.136401 0.298939
v 0.176475 -0.133946 0.301787
v 0.163887 -0.128230 0.308569
v 0.160548 -0.138946 0.311047
v 0.155223 -0.150107 0.310555
v 0.195081 -0.139058 0.294652
v 0.179887 -0.123210 0.290838
v 0.188901 -0.128541 0.291326
v 0.194851 -0.132689 0.289555
v 0.192343 -0.131080 0.284407
v 0.188098 -0.128009 0.278100
v 0.188128 -0.131225 0.296017
v 0.195847 -0.138783 0.288249
v 0.194904 -0.121459 0.256284
v 0.184845 -0.119076 0.255832
v 0.196866 -0.129382 0.263386
v 0.200567 -0.128153 0.259005
v 0.192263 -0.130810 0.268865
v 0.199528 -0.135220 0.250326
v 0.194368 -0.130961 0.245251
v 0.195770 -0.123580 0.250097
v 0.199390 -0.137135 0.256980
v 0.174898 -0.114132 0.256240
v 0.177485 -0.116258 0.267748
v 0.166284 -0.109218 0.284468
v 0.166570 -0.112942 0.294120
v 0.251794 -0.023189 0.348652
v 0.249682 -0.011275 0.344361
v 0.263613 -0.008182 0.351453
v 0.267325 -0.020495 0.357920
v 0.255924 -0.031913 0.355397
v 0.273562 -0.009923 0.356149
v 0.179402 -0.105546 0.413996
v 0.184939 -0.104344 0.406386
v 0.186611 -0.102986 0.413457
v 0.179951 -0.101524 0.426579
v 0.174044 -0.106299 0.426344
v 0.185042 -0.101671 0.425442
v 0.201948 -0.086574 0.458925
v 0.201087 -0.090058 0.447877
v 0.213934 -0.082097 0.442072
v 0.214097 -0.076734 0.457592
v 0.201122 -0.082575 0.468470
v 0.220403 -0.072344 0.444881
v 0.224296 -0.070540 0.431069
v 0.230126 -0.064905 0.434893
v 0.224435 -0.067508 0.450122
v 0.214593 -0.071969 0.464540
v 0.215616 -0.083713 0.428865
v 0.214640 -0.085586 0.416275
v 0.225063 -0.071496 0.418268
v 0.199106 -0.094850 0.434389
v 0.197662 -0.097676 0.421139
v 0.196361 -0.098969 0.410150
v 0.212691 -0.087277 0.406828
v 0.184382 -0.097966 0.441130
v 0.175806 -0.098806 0.441006
v 0.185330 -0.094243 0.454177
v 0.171052 -0.096271 0.453553
v 0.158226 -0.102961 0.451139
v 0.166431 -0.105796 0.439122
v 0.184198 -0.089580 0.464557
v 0.166319 -0.092355 0.464600
v 0.150840 -0.097827 0.462435
v 0.134668 -0.103033 0.458176
v 0.143820 -0.108805 0.446378
v 0.162399 -0.086687 0.473742
v 0.144501 -0.090579 0.473057
v 0.126539 -0.094644 0.469643
v 0.108935 -0.098561 0.463378
v 0.118624 -0.107699 0.451398
v 0.139027 -0.080822 0.483133
v 0.119381 -0.083704 0.480483
v 0.100338 -0.086717 0.474505
v 0.082275 -0.088885 0.465391
v 0.091931 -0.101613 0.454185
v 0.113460 -0.070539 0.490373
v 0.093056 -0.072509 0.484343
v 0.074391 -0.073575 0.474943
v 0.057366 -0.073724 0.463400
v 0.065663 -0.089366 0.453755
v 0.087721 -0.056132 0.492491
v 0.068412 -0.056602 0.483061
v 0.051363 -0.056130 0.470800
v 0.035986 -0.055258 0.456589
v 0.042383 -0.072132 0.449315
v 0.063775 -0.038468 0.489349
v 0.046527 -0.037965 0.476181
v 0.031029 -0.037408 0.461444
v 0.018452 -0.035966 0.445036
v 0.023248 -0.053069 0.440536
v 0.042765 -0.019212 0.479403
v 0.028063 -0.018846 0.463778
v 0.015472 -0.018176 0.447475
v 0.006362 -0.017040 0.431777
v 0.009837 -0.033453 0.429432
v 0.026908 0.000000 0.464473
v 0.014292 0.000000 0.448340
v 0.004665 0.000000 0.432893
v 0.001320 0.000000 0.422602
v 0.003180 -0.015702 0.421486
v -0.000818 0.000000 0.414680
v -0.001981 0.000000 0.410142
v -0.000486 -0.013704 0.409688
v 0.001216 -0.014658 0.414377
v 0.001337 -0.027532 0.407234
v 0.003714 -0.029039 0.412364
v 0.006221 -0.031018 0.419481
v 0.007059 -0.042763 0.408649
v 0.009946 -0.045711 0.415753
v 0.014584 -0.049197 0.425407
v 0.015974 -0.059336 0.409273
v 0.021172 -0.064179 0.419042
v 0.030001 -0.069065 0.433645
v 0.029747 -0.077897 0.410403
v 0.038942 -0.084020 0.424646
v 0.051013 -0.087841 0.439907
v 0.049378 -0.097116 0.413998
v 0.061643 -0.101258 0.428876
v 0.075943 -0.102703 0.442531
v 0.073482 -0.111985 0.416644
v 0.087502 -0.113090 0.430171
v 0.102811 -0.111354 0.441960
v 0.100385 -0.120257 0.417692
v 0.114677 -0.117903 0.429663
v 0.129329 -0.113822 0.439254
v 0.127694 -0.121560 0.418032
v 0.140820 -0.117306 0.427489
v 0.153820 -0.112130 0.434382
v 0.152525 -0.118584 0.416372
v 0.163618 -0.113528 0.422564
v 0.164395 -0.117971 0.406010
v 0.172505 -0.113224 0.410957
v 0.177322 -0.116329 0.397338
v 0.181895 -0.110593 0.402141
v 0.195891 -0.111318 0.392482
v 0.195801 -0.105550 0.397894
v 0.195589 -0.101008 0.402459
v 0.212731 -0.093794 0.395758
v 0.211492 -0.090101 0.399858
v 0.227794 -0.080526 0.394928
v 0.225213 -0.076511 0.399906
v 0.224317 -0.073730 0.407069
v 0.237817 -0.067922 0.400160
v 0.234151 -0.066230 0.408714
v 0.231773 -0.065160 0.420470
v 0.245873 -0.056220 0.411863
v 0.241523 -0.056098 0.425589
v 0.234894 -0.057630 0.441080
v 0.245684 -0.043578 0.433245
v 0.236578 -0.047116 0.449686
v 0.225248 -0.049908 0.465821
v 0.225831 -0.060805 0.456842
v 0.213004 -0.064496 0.471594
v 0.209778 -0.051396 0.479511
v 0.192225 -0.051885 0.488943
v 0.195632 -0.065851 0.481274
v 0.223956 -0.034589 0.474931
v 0.207817 -0.035500 0.487451
v 0.189997 -0.035914 0.496454
v 0.170479 -0.036307 0.502671
v 0.172979 -0.052421 0.495583
v 0.207000 -0.018100 0.493014
v 0.188504 -0.018395 0.501724
v 0.168643 -0.018560 0.507442
v 0.147643 -0.018716 0.510810
v 0.149545 -0.036597 0.506312
v 0.167860 0.000000 0.509247
v 0.146868 0.000000 0.512536
v 0.124682 0.000000 0.512982
v 0.125557 -0.018902 0.511396
v 0.102157 0.000000 0.510236
v 0.080218 0.000000 0.503991
v 0.081113 -0.019291 0.502849
v 0.103104 -0.019155 0.508914
v 0.083719 -0.038233 0.498869
v 0.105355 -0.037679 0.504927
v 0.127639 -0.037009 0.507152
v 0.108825 -0.055002 0.498520
v 0.130594 -0.053716 0.500692
v 0.152205 -0.052950 0.499660
v 0.134390 -0.068506 0.492614
v 0.155313 -0.067089 0.491493
v 0.176035 -0.066134 0.487285
v 0.158691 -0.078344 0.482567
v 0.179343 -0.076975 0.479841
v 0.198797 -0.075979 0.474383
v 0.182138 -0.084045 0.472695
v 0.060524 -0.019369 0.493190
v 0.059317 -0.000000 0.494142
v 0.041422 -0.000000 0.480340
v -0.015992 -0.000000 0.409543
v -0.015567 -0.013519 0.408394
v -0.006327 -0.013393 0.409640
v -0.012859 -0.028328 0.404475
v -0.004173 -0.027289 0.405870
v -0.007110 -0.042282 0.400351
v 0.000009 -0.040561 0.402283
v 0.004914 -0.040547 0.403878
v 0.007369 -0.053031 0.397317
v 0.011306 -0.053058 0.399128
v 0.013044 -0.055720 0.402961
v 0.019297 -0.064905 0.392598
v 0.020906 -0.067890 0.395843
v 0.024027 -0.071899 0.401130
v 0.030519 -0.078607 0.386294
v 0.033360 -0.082980 0.390653
v 0.039528 -0.090188 0.399916
v 0.043054 -0.091877 0.378189
v 0.050731 -0.100294 0.388168
v 0.061186 -0.107664 0.402003
v 0.063899 -0.108169 0.376030
v 0.074744 -0.115841 0.389591
v 0.086969 -0.119823 0.404063
v 0.092359 -0.121040 0.377271
v 0.103268 -0.124479 0.392131
v 0.115157 -0.124262 0.406092
v 0.122547 -0.125637 0.382320
v 0.131567 -0.125217 0.395999
v 0.141495 -0.122686 0.407410
v 0.149001 -0.123504 0.387939
v 0.156060 -0.121489 0.397999
v 0.168756 -0.120112 0.382355
v 0.172175 -0.119436 0.390440
v 0.192870 -0.114769 0.380038
v 0.194839 -0.114393 0.386384
v 0.213875 -0.101907 0.379844
v 0.214645 -0.100959 0.385380
v 0.214386 -0.098103 0.390573
v 0.230577 -0.086234 0.385335
v 0.229528 -0.083878 0.389703
v 0.243795 -0.072847 0.385519
v 0.242029 -0.071463 0.389285
v 0.240141 -0.069969 0.393732
v 0.253784 -0.057661 0.389989
v 0.252338 -0.056939 0.393863
v 0.249956 -0.056174 0.400786
v 0.263586 -0.042169 0.395337
v 0.260362 -0.041374 0.404101
v 0.254217 -0.041513 0.417401
v 0.267987 -0.026767 0.408476
v 0.258766 -0.028292 0.424293
v 0.248240 -0.030644 0.441368
v 0.260927 -0.014083 0.429548
v 0.249877 -0.015385 0.447829
v 0.237859 -0.016744 0.465628
v 0.237272 -0.033010 0.459039
v 0.223593 -0.017583 0.480965
v 0.223399 0.000000 0.483260
v 0.206675 -0.000000 0.495126
v -0.032991 -0.000000 0.392296
v -0.023781 -0.000000 0.403366
v -0.031547 -0.013986 0.391789
v -0.022680 -0.013833 0.402359
v -0.027673 -0.028229 0.389767
v -0.019806 -0.028523 0.399349
v -0.021989 -0.042601 0.386408
v -0.013992 -0.043094 0.394916
v -0.015149 -0.055964 0.382115
v -0.005776 -0.055787 0.389925
v 0.001274 -0.054987 0.395599
v 0.002850 -0.066972 0.383223
v 0.010045 -0.066467 0.388929
v 0.015941 -0.064117 0.390357
v 0.020384 -0.074762 0.379212
v 0.025274 -0.072776 0.381388
v 0.028252 -0.074708 0.383337
v 0.035288 -0.076788 0.369470
v 0.036970 -0.080764 0.370747
v 0.039314 -0.085893 0.373502
v 0.047754 -0.086684 0.358416
v 0.050664 -0.092156 0.361228
v 0.055672 -0.099173 0.366391
v 0.067627 -0.097490 0.349630
v 0.073864 -0.104626 0.354603
v 0.082504 -0.113513 0.364046
v 0.094707 -0.106134 0.343839
v 0.104368 -0.115430 0.352863
v 0.113759 -0.122611 0.366876
v 0.143058 -0.123527 0.375943
v 0.165864 -0.119134 0.373502
v 0.186474 -0.107946 0.363933
v 0.190359 -0.112197 0.373959
v 0.207889 -0.096322 0.368164
v 0.211480 -0.100075 0.374720
v 0.225711 -0.082878 0.370952
v 0.228774 -0.086094 0.375040
v 0.230762 -0.087613 0.380116
v 0.243464 -0.072912 0.375733
v 0.244850 -0.074040 0.380829
v 0.256539 -0.059327 0.376413
v 0.257102 -0.059748 0.381706
v 0.255509 -0.058675 0.386148
v 0.267685 -0.044492 0.382541
v 0.266168 -0.043799 0.386735
v 0.265049 -0.043027 0.390325
v 0.277758 -0.027393 0.384095
v 0.276523 -0.026815 0.388869
v 0.273836 -0.026388 0.396335
v 0.283012 -0.011662 0.386825
v 0.279163 -0.012037 0.397048
v 0.271209 -0.012879 0.412226
v 0.261665 0.000000 0.431394
v -0.069679 -0.000000 0.374297
v -0.049831 -0.000000 0.382708
v -0.068615 -0.017219 0.374610
v -0.048316 -0.015549 0.382072
v -0.064732 -0.034126 0.372912
v -0.044731 -0.030860 0.380880
v -0.058088 -0.050129 0.369541
v -0.039057 -0.045765 0.378027
v -0.049197 -0.064761 0.365124
v -0.031228 -0.059525 0.373714
v -0.037324 -0.076917 0.358874
v -0.020818 -0.071205 0.367814
v -0.006466 -0.067245 0.375754
v -0.006976 -0.079120 0.360199
v 0.004921 -0.074469 0.366962
v 0.013215 -0.075260 0.373312
v 0.017753 -0.077985 0.356423
v 0.024966 -0.079264 0.362298
v 0.031705 -0.078115 0.367490
v 0.037904 -0.081079 0.351942
v 0.042706 -0.080686 0.355012
v 0.045489 -0.082568 0.356630
v 0.057873 -0.085390 0.344498
v 0.061089 -0.088059 0.345551
v 0.064270 -0.092044 0.347341
v 0.079553 -0.090350 0.335859
v 0.082925 -0.093951 0.337232
v 0.087455 -0.098811 0.339577
v 0.099896 -0.091052 0.328050
v 0.104948 -0.095447 0.330103
v 0.112139 -0.083481 0.319768
v 0.117622 -0.087732 0.322016
v 0.121670 -0.072313 0.312818
v 0.127493 -0.075976 0.314754
v 0.135551 -0.060731 0.308314
v 0.144978 -0.063978 0.311040
v 0.129816 -0.057927 0.306757
v 0.136826 -0.039476 0.301962
v 0.142206 -0.041551 0.303116
v 0.118055 -0.069697 0.311713
v 0.126143 -0.055578 0.305815
v 0.132923 -0.037646 0.301325
v 0.137462 -0.018793 0.298442
v 0.141216 -0.019659 0.298867
v 0.122819 -0.053489 0.305189
v 0.129657 -0.036194 0.301066
v 0.134304 -0.018042 0.298221
v 0.135117 0.000000 0.296988
v 0.138285 0.000000 0.297180
v 0.126693 -0.034838 0.300922
v 0.131498 -0.017323 0.297996
v 0.130189 -0.016900 0.297800
v 0.131576 0.000000 0.296834
v 0.131534 0.000000 0.296941
v -0.089292 -0.000000 0.363605
v -0.106214 -0.019826 0.349970
v -0.088132 -0.018577 0.363483
v -0.101301 -0.039319 0.348253
v -0.083747 -0.036914 0.361707
v -0.094242 -0.057978 0.345892
v -0.076316 -0.053965 0.358283
v -0.083642 -0.074644 0.341489
v -0.066764 -0.069774 0.354218
v -0.070210 -0.088926 0.335944
v -0.054083 -0.083219 0.348470
v -0.054604 -0.100475 0.329578
v -0.039053 -0.093845 0.341969
v -0.022735 -0.086332 0.351876
v -0.021756 -0.100997 0.334814
v -0.005046 -0.091994 0.344584
v 0.009002 -0.083518 0.351177
v 0.009970 -0.092956 0.336942
v 0.021487 -0.084186 0.342604
v 0.031416 -0.081308 0.347845
v 0.018808 -0.092590 0.331493
v 0.005692 -0.103070 0.321953
v 0.011366 -0.102492 0.318507
v 0.025711 -0.094682 0.329319
v -0.005263 -0.103510 0.327853
v -0.020039 -0.112921 0.315505
v -0.005710 -0.113487 0.309140
v -0.037364 -0.108720 0.322587
v -0.050940 -0.115339 0.308918
v -0.032558 -0.119858 0.301781
v -0.068699 -0.106229 0.315497
v -0.080716 -0.110470 0.299858
v -0.062545 -0.120638 0.293880
v -0.085033 -0.093812 0.321408
v -0.098011 -0.097725 0.305627
v -0.108816 -0.100463 0.289137
v -0.091220 -0.114150 0.283983
v -0.099174 -0.078716 0.326689
v -0.112493 -0.081159 0.310168
v -0.124122 -0.083479 0.293235
v -0.134076 -0.086033 0.275510
v -0.118263 -0.103113 0.272217
v -0.123470 -0.062397 0.313605
v -0.136179 -0.064430 0.296188
v -0.146250 -0.066278 0.277167
v -0.154165 -0.067649 0.257423
v -0.141814 -0.087861 0.256249
v -0.145597 -0.044110 0.298333
v -0.156075 -0.045254 0.278546
v -0.163475 -0.045832 0.258183
v -0.170158 -0.046252 0.237338
v -0.160158 -0.068184 0.237067
v -0.161651 -0.022764 0.279555
v -0.168906 -0.023020 0.258486
v -0.175258 -0.023114 0.237205
v -0.178931 -0.022738 0.214959
v -0.173403 -0.045772 0.215412
v -0.170566 -0.000000 0.258491
v -0.175506 -0.000000 0.236897
v -0.179138 -0.000000 0.214604
v -0.181096 -0.000000 0.191184
v -0.179488 -0.022070 0.191684
v -0.177281 0.000000 0.167575
v -0.173293 -0.019566 0.143705
v -0.177715 -0.020985 0.168128
v -0.169430 -0.042964 0.147730
v -0.172704 -0.043961 0.170894
v -0.173926 -0.044878 0.193277
v -0.164501 -0.067518 0.174540
v -0.165415 -0.067797 0.195273
v -0.163888 -0.068068 0.216275
v -0.151872 -0.088569 0.196713
v -0.150281 -0.088387 0.216440
v -0.146829 -0.088204 0.236248
v -0.135028 -0.106790 0.215959
v -0.131788 -0.106569 0.235229
v -0.126068 -0.105290 0.254207
v -0.113682 -0.120298 0.233082
v -0.107803 -0.119173 0.250869
v -0.100160 -0.117002 0.267758
v -0.088501 -0.129794 0.246506
v -0.080860 -0.127672 0.262487
v -0.072321 -0.124630 0.278224
v -0.060495 -0.135272 0.256831
v -0.052230 -0.131429 0.272217
v -0.043099 -0.126247 0.287303
v -0.031617 -0.133999 0.266094
v -0.024239 -0.127357 0.280849
v -0.015224 -0.120971 0.295318
v -0.009878 -0.127580 0.276376
v -0.004030 -0.120198 0.290767
v 0.002578 -0.112274 0.305176
v 0.001488 -0.119235 0.288164
v 0.006665 -0.111396 0.303303
v 0.015883 -0.104247 0.317460
v 0.010534 -0.114045 0.303131
v 0.020308 -0.107399 0.317478
v 0.033874 -0.099261 0.326532
v 0.030068 -0.097224 0.328182
v 0.049998 -0.091870 0.330828
v 0.037285 -0.100819 0.324753
v 0.051943 -0.093003 0.330240
v 0.070042 -0.086658 0.330041
v 0.069081 -0.086498 0.329976
v 0.086900 -0.080638 0.324053
v 0.086603 -0.081006 0.323768
v 0.086135 -0.081474 0.323868
v 0.099003 -0.072755 0.314506
v 0.099182 -0.073266 0.314976
v 0.100650 -0.074425 0.316036
v 0.086408 -0.082140 0.324961
v 0.103291 -0.076112 0.317038
v 0.089747 -0.083049 0.325503
v 0.106047 -0.078154 0.317947
v 0.093240 -0.085081 0.326211
v 0.076031 -0.087370 0.334951
v 0.096367 -0.087679 0.326999
v 0.108583 -0.080195 0.318921
v 0.114809 -0.067237 0.310842
v 0.111896 -0.065071 0.309840
v 0.119679 -0.051528 0.304625
v 0.109398 -0.063289 0.308693
v 0.117465 -0.050177 0.304012
v 0.124930 -0.033905 0.300863
v 0.116581 -0.049732 0.302961
v 0.124911 -0.033777 0.300475
v 0.130334 -0.016798 0.297762
v 0.125865 -0.034274 0.298989
v 0.130955 -0.016911 0.296266
v 0.132002 0.000000 0.295557
v 0.132198 -0.017273 0.293437
v 0.133121 0.000000 0.293009
v 0.134492 0.000000 0.289912
v -0.123673 -0.000000 0.334389
v -0.137545 -0.021676 0.318008
v -0.122269 -0.020849 0.334517
v -0.132551 -0.042808 0.316769
v -0.117409 -0.041277 0.333177
v -0.109155 -0.060234 0.329843
v -0.150750 -0.022293 0.299435
v -0.162372 -0.000000 0.279327
v -0.155191 0.000000 0.094676
v -0.154774 0.000000 0.094341
v -0.157684 -0.000000 0.095800
v -0.158018 -0.006153 0.094515
v -0.155354 -0.005803 0.093432
v -0.163333 -0.000000 0.099493
v -0.164076 -0.007022 0.098308
v -0.165966 -0.013801 0.095261
v -0.158944 -0.012189 0.091449
v -0.173377 -0.007856 0.106563
v -0.176465 -0.015316 0.103329
v -0.181691 -0.022351 0.097395
v -0.169409 -0.020577 0.089549
v -0.183098 -0.008432 0.116784
v -0.187187 -0.016415 0.113219
v -0.193905 -0.024221 0.106716
v -0.203357 -0.031047 0.096685
v -0.189175 -0.028220 0.087937
v -0.197689 -0.017974 0.124309
v -0.205703 -0.026749 0.117177
v -0.217147 -0.034577 0.106414
v -0.229143 -0.039289 0.092848
v -0.213736 -0.035498 0.083600
v -0.216565 -0.030075 0.128932
v -0.229831 -0.038306 0.117411
v -0.243463 -0.042067 0.102961
v -0.254570 -0.044108 0.086439
v -0.238968 -0.041457 0.077120
v -0.242221 -0.040912 0.128913
v -0.256368 -0.044066 0.113206
v -0.268611 -0.046307 0.096179
v -0.280333 -0.047107 0.076892
v -0.264178 -0.044923 0.068053
v -0.268553 -0.045927 0.123577
v -0.280748 -0.048447 0.106025
v -0.294459 -0.048910 0.086155
v -0.308150 -0.047260 0.065489
v -0.290433 -0.045784 0.056074
v -0.292118 -0.049758 0.116285
v -0.306264 -0.050108 0.096191
v -0.323893 -0.048261 0.077012
v -0.340538 -0.044561 0.061452
v -0.319727 -0.043206 0.046890
v -0.358143 -0.045599 0.082621
v -0.374554 -0.036725 0.074819
v -0.353467 -0.035570 0.049570
v -0.368277 -0.045398 0.110383
v -0.386648 -0.036543 0.107259
v -0.398191 -0.020758 0.105184
v -0.385130 -0.021065 0.070028
v -0.367483 -0.043777 0.139809
v -0.386148 -0.034887 0.141864
v -0.397584 -0.019772 0.142942
v -0.401403 0.000000 0.104519
v -0.373759 -0.033579 0.174142
v -0.383980 -0.018837 0.178391
v -0.358629 -0.018419 0.206486
v -0.298785 0.000000 0.225770
v -0.361675 -0.020226 0.042575
v -0.336165 0.000000 0.022781
v -0.334246 -0.018836 0.025133
v -0.328476 -0.033820 0.033110
v -0.307127 -0.016742 0.016181
v -0.303051 -0.030966 0.024102
v -0.297479 -0.041038 0.037473
v -0.278976 -0.027093 0.019531
v -0.275084 -0.037313 0.031445
v -0.270726 -0.043297 0.048668
v -0.253518 -0.032272 0.027445
v -0.250433 -0.038862 0.042522
v -0.246219 -0.041537 0.059872
v -0.230519 -0.033656 0.037193
v -0.227487 -0.036926 0.052802
v -0.222146 -0.037394 0.068612
v -0.208485 -0.032610 0.046436
v -0.204650 -0.033407 0.060968
v -0.197736 -0.032015 0.075263
v -0.186814 -0.030295 0.054553
v -0.181618 -0.029331 0.068226
v -0.175170 -0.026055 0.080404
v -0.166472 -0.027731 0.064048
v -0.163615 -0.024355 0.076840
v -0.160812 -0.018621 0.086214
v -0.156003 -0.022627 0.075817
v -0.155361 -0.016987 0.084767
v -0.155332 -0.011313 0.090120
v -0.152195 -0.015970 0.084201
v -0.153476 -0.010731 0.089741
v -0.154375 -0.005639 0.093020
v -0.152972 -0.010743 0.089840
v -0.154449 -0.005718 0.092890
v -0.154965 0.000000 0.094084
v -0.154722 -0.006390 0.094078
v -0.155418 0.000000 0.095378
v -0.156212 -0.000000 0.097419
v -0.161671 -0.000000 0.110829
v -0.156863 -0.008873 0.099444
v -0.158819 -0.010768 0.104376
v -0.155554 -0.007556 0.096247
v -0.153891 -0.013915 0.093138
v -0.155037 -0.016593 0.096269
v -0.153141 -0.011942 0.090886
v -0.150293 -0.017354 0.085285
v -0.150645 -0.020312 0.087435
v -0.150633 -0.015840 0.084289
v -0.147400 -0.020538 0.075419
v -0.145536 -0.022221 0.076435
v -0.150596 -0.021144 0.075258
v -0.147813 -0.024682 0.063689
v -0.142986 -0.023840 0.064572
v -0.155441 -0.026182 0.063045
v -0.154271 -0.026817 0.048863
v -0.143324 -0.025616 0.050368
v -0.169291 -0.028307 0.050082
v -0.170972 -0.026661 0.038452
v -0.153687 -0.024989 0.037129
v -0.189488 -0.029133 0.041510
v -0.190808 -0.025650 0.029954
v -0.171766 -0.023183 0.028706
v -0.210658 -0.029243 0.032748
v -0.212137 -0.023301 0.022078
v -0.191535 -0.020298 0.021141
v -0.232843 -0.027435 0.024312
v -0.234558 -0.019141 0.015152
v -0.212977 -0.016242 0.014910
v -0.256249 -0.022974 0.016719
v -0.258454 -0.011693 0.010108
v -0.235478 -0.009814 0.009819
v -0.282055 -0.014230 0.012056
v -0.283208 -0.000000 0.009562
v -0.259150 -0.000000 0.007970
v -0.235779 -0.000000 0.007902
v -0.213465 -0.000000 0.008833
v -0.213355 -0.008429 0.010509
v -0.192164 -0.000000 0.010188
v -0.192131 -0.007453 0.011633
v -0.191959 -0.014258 0.015325
v -0.172088 -0.006820 0.013198
v -0.172134 -0.012950 0.016411
v -0.172064 -0.018424 0.021430
v -0.153874 -0.012278 0.018020
v -0.154030 -0.017345 0.022511
v -0.153979 -0.021553 0.028564
v -0.137245 -0.016906 0.024436
v -0.137986 -0.020902 0.030461
v -0.139771 -0.023931 0.038587
v -0.125211 -0.021134 0.034147
v -0.129540 -0.023731 0.042423
v -0.136119 -0.024904 0.052766
v -0.123829 -0.023936 0.045673
v -0.131808 -0.025288 0.055016
v -0.139482 -0.025068 0.065898
v -0.128598 -0.028926 0.056566
v -0.137428 -0.029189 0.067497
v -0.144939 -0.025980 0.078204
v -0.135338 -0.034857 0.069699
v -0.144653 -0.030747 0.080738
v -0.151281 -0.023950 0.090073
v -0.143854 -0.036303 0.084119
v -0.151932 -0.028535 0.093592
v -0.156330 -0.020014 0.100213
v -0.142174 -0.044680 0.089933
v -0.142338 -0.060254 0.097669
v -0.132948 -0.040947 0.072545
v -0.120594 -0.044823 0.060616
v -0.125276 -0.034934 0.058013
v -0.116392 -0.032611 0.049717
v -0.109806 -0.045888 0.055089
v -0.120341 -0.026341 0.047590
v -0.117264 -0.022488 0.039189
v -0.112761 -0.020139 0.033530
v -0.123301 -0.017675 0.028134
v -0.122267 -0.012761 0.023177
v -0.109877 -0.014985 0.027446
v -0.137008 -0.012123 0.020187
v -0.136845 -0.006381 0.017319
v -0.121882 -0.006840 0.019827
v -0.153661 -0.006495 0.015018
v -0.219131 0.000000 0.174928
v -0.208352 -0.000000 0.158483
v -0.235208 -0.015349 0.189010
v -0.221329 -0.013444 0.172374
v -0.251675 0.000000 0.207196
v -0.252843 -0.017026 0.204237
v -0.257511 -0.031352 0.195306
v -0.240566 -0.028876 0.180885
v -0.273776 -0.017986 0.216427
v -0.277165 -0.032379 0.206518
v -0.285325 -0.040467 0.190136
v -0.267777 -0.039760 0.180730
v -0.298458 -0.018192 0.223386
v -0.327408 -0.018229 0.221544
v -0.282237 -0.043909 0.162425
v -0.267122 -0.043621 0.152223
v -0.251899 -0.038072 0.168266
v -0.299406 -0.043754 0.170507
v -0.313405 -0.045902 0.150926
v -0.295554 -0.046908 0.143469
v -0.334323 -0.044789 0.158061
v -0.356698 -0.042626 0.166659
v -0.280861 -0.047055 0.133973
v -0.254320 -0.042627 0.140672
v -0.227427 -0.033375 0.141723
v -0.238888 -0.035933 0.154817
v -0.216975 -0.022743 0.150826
v -0.227396 -0.025702 0.165642
v -0.210736 -0.011618 0.156446
v -0.207413 -0.020086 0.136833
v -0.201550 -0.010210 0.141699
v -0.192563 -0.009167 0.128562
v -0.121786 0.000000 0.018559
v -0.108652 -0.008010 0.022726
v -0.097576 -0.009854 0.025880
v -0.088847 -0.000000 0.022723
v -0.090857 -0.011066 0.025880
v -0.086006 -0.012582 0.024032
v -0.078312 0.000000 0.024485
v -0.080248 -0.013244 0.025818
v -0.070853 0.000000 0.028908
v -0.072366 -0.013156 0.031764
v -0.075579 -0.013237 0.029092
v -0.074763 -0.026118 0.037230
v -0.077991 -0.026447 0.034071
v -0.084001 -0.026692 0.030668
v -0.079809 -0.040223 0.041351
v -0.086483 -0.040164 0.038019
v -0.080108 -0.053136 0.050469
v -0.085456 -0.054252 0.046712
v -0.092944 -0.052578 0.046919
v -0.081086 -0.067377 0.056004
v -0.087913 -0.068387 0.054997
v -0.093246 -0.067482 0.056589
v -0.098472 -0.048834 0.049563
v -0.097796 -0.066086 0.059003
v -0.102594 -0.046409 0.053101
v -0.083802 -0.086330 0.062279
v -0.088604 -0.086586 0.064983
v -0.069428 -0.106982 0.066044
v -0.073866 -0.108666 0.069475
v -0.054150 -0.127008 0.080592
v -0.057103 -0.126945 0.086016
v -0.058725 -0.125456 0.091599
v -0.042406 -0.135730 0.108466
v -0.043492 -0.132842 0.111477
v -0.044638 -0.131767 0.113857
v -0.059979 -0.124497 0.095703
v -0.046748 -0.132635 0.116618
v -0.062669 -0.125110 0.100203
v -0.050444 -0.134035 0.121158
v -0.066462 -0.126705 0.106995
v -0.084693 -0.116969 0.099231
v -0.106620 -0.107614 0.103038
v -0.073719 -0.128591 0.122281
v -0.089554 -0.121676 0.118372
v -0.108215 -0.113879 0.120910
v -0.095942 -0.124929 0.138686
v -0.112288 -0.117525 0.139752
v -0.128727 -0.105964 0.142535
v -0.116290 -0.119185 0.158646
v -0.132642 -0.106719 0.159887
v -0.148765 -0.089284 0.159124
v -0.144564 -0.090172 0.142328
v -0.161040 -0.067296 0.154528
v -0.155722 -0.068009 0.135918
v -0.150873 -0.088476 0.177458
v -0.135231 -0.106661 0.178100
v -0.136044 -0.106606 0.196829
v -0.118844 -0.120006 0.177364
v -0.119313 -0.120479 0.196026
v -0.117534 -0.120610 0.214691
v -0.102180 -0.129734 0.195076
v -0.099563 -0.130454 0.212803
v -0.094862 -0.130636 0.229953
v -0.080555 -0.137448 0.210387
v -0.074799 -0.138036 0.226018
v -0.067996 -0.137461 0.241496
v -0.053248 -0.142266 0.221046
v -0.045824 -0.141425 0.235734
v -0.039327 -0.138834 0.250985
v -0.025364 -0.141799 0.230136
v -0.019916 -0.139230 0.245577
v -0.014458 -0.134433 0.261234
v -0.005107 -0.138695 0.241850
v -0.003870 -0.134070 0.258480
v -0.001967 -0.127170 0.273681
v 0.003806 -0.133939 0.256716
v 0.004263 -0.127693 0.272063
v 0.006121 -0.120432 0.287014
v 0.009455 -0.132700 0.273175
v 0.010238 -0.125320 0.288426
v 0.015055 -0.117492 0.303445
v 0.017613 -0.128530 0.289122
v 0.021771 -0.118595 0.302149
v 0.030712 -0.110964 0.314364
v 0.025627 -0.109856 0.316396
v 0.040254 -0.102129 0.323851
v 0.033448 -0.111399 0.313417
v 0.042446 -0.103489 0.324303
v 0.055538 -0.096235 0.330864
v 0.053686 -0.094376 0.330124
v 0.072155 -0.089539 0.330654
v 0.070840 -0.087680 0.329936
v 0.088143 -0.082854 0.324113
v 0.087142 -0.081229 0.323841
v 0.099080 -0.072720 0.314063
v 0.106575 -0.062984 0.303520
v 0.106472 -0.061598 0.305937
v 0.116934 -0.050366 0.301199
v 0.107626 -0.062046 0.307486
v 0.117516 -0.051958 0.298997
v 0.118924 -0.053828 0.295790
v 0.128690 -0.037079 0.292906
v 0.127101 -0.035897 0.296188
v 0.133618 -0.017581 0.290280
v 0.130684 -0.038173 0.288356
v 0.135333 -0.018000 0.285827
v 0.136283 0.000000 0.285305
v 0.137645 -0.018636 0.277927
v 0.141424 0.000000 0.265913
v 0.144529 0.000000 0.252537
v -0.063073 0.000000 0.029315
v -0.067545 0.000000 0.029490
v -0.064271 -0.014605 0.032537
v -0.068789 -0.013523 0.032877
v -0.066917 -0.028641 0.038075
v -0.071377 -0.026910 0.038348
v -0.068309 -0.042327 0.045095
v -0.073651 -0.040574 0.045439
v -0.076913 -0.039415 0.045049
v -0.073942 -0.053391 0.053381
v -0.077618 -0.052159 0.053730
v -0.069209 -0.066186 0.061077
v -0.074599 -0.065053 0.061781
v -0.077711 -0.065616 0.059726
v -0.063265 -0.077421 0.069362
v -0.066778 -0.079563 0.065994
v -0.071044 -0.082229 0.062127
v -0.052526 -0.096292 0.067022
v -0.057309 -0.099847 0.063422
v -0.064073 -0.104305 0.062909
v -0.077469 -0.085058 0.060564
v -0.045369 -0.123682 0.072477
v -0.050611 -0.125985 0.075843
v -0.032446 -0.139756 0.093554
v -0.036165 -0.139909 0.097659
v -0.039417 -0.138845 0.102777
v -0.018804 -0.143952 0.121272
v -0.021858 -0.142287 0.124386
v -0.025901 -0.139010 0.127834
v -0.010589 -0.145077 0.147292
v -0.015066 -0.143130 0.149527
v -0.028206 -0.135860 0.130547
v -0.018500 -0.138975 0.152261
v -0.029506 -0.133794 0.132592
v -0.021082 -0.136577 0.154172
v -0.032405 -0.134894 0.135080
v -0.024358 -0.137866 0.156514
v -0.035973 -0.136556 0.138446
v -0.029355 -0.139450 0.159993
v -0.041732 -0.138223 0.143823
v -0.057196 -0.135112 0.130178
v -0.080554 -0.130711 0.140901
v -0.085183 -0.132629 0.160046
v -0.100326 -0.126954 0.158383
v -0.086339 -0.134424 0.177860
v -0.102336 -0.128436 0.177047
v -0.084677 -0.136213 0.194436
v -0.066331 -0.140544 0.192595
v -0.060090 -0.141832 0.206690
v -0.047279 -0.142324 0.187459
v -0.039456 -0.142903 0.201051
v -0.031769 -0.143034 0.215277
v -0.022343 -0.142117 0.195575
v -0.014823 -0.142241 0.210539
v -0.009279 -0.141181 0.225861
v -0.005291 -0.140507 0.207618
v 0.000269 -0.139425 0.223182
v 0.003231 -0.137434 0.239622
v 0.006727 -0.143770 0.221535
v 0.009841 -0.142329 0.238322
v 0.010091 -0.138631 0.256212
v 0.019948 -0.145690 0.236567
v 0.019407 -0.142381 0.255137
v 0.017639 -0.137094 0.273900
v 0.028071 -0.138080 0.252108
v 0.025568 -0.134769 0.271913
v 0.023853 -0.127345 0.287127
v 0.029536 -0.132660 0.270288
v 0.027241 -0.128028 0.286592
v 0.028134 -0.120921 0.301532
v 0.025605 -0.118516 0.300948
v 0.035677 -0.113682 0.314194
v 0.031329 -0.124954 0.302774
v 0.038433 -0.117297 0.315875
v 0.048012 -0.109827 0.327311
v 0.044763 -0.105981 0.325451
v 0.061112 -0.102649 0.333024
v 0.057964 -0.098979 0.331618
v 0.076410 -0.094811 0.332190
v 0.073916 -0.091933 0.331132
v 0.090891 -0.086890 0.325559
v 0.089109 -0.084856 0.324593
v 0.102019 -0.079736 0.314394
v 0.093903 -0.089595 0.326391
v 0.104288 -0.081894 0.315546
v 0.111275 -0.077595 0.302168
v 0.109027 -0.075708 0.300531
v 0.116177 -0.077556 0.288640
v 0.114474 -0.076214 0.287361
v 0.121005 -0.079494 0.274174
v 0.121617 -0.076907 0.274450
v 0.123969 -0.072003 0.275171
v 0.126760 -0.078489 0.259442
v 0.129405 -0.073466 0.259431
v 0.132514 -0.066303 0.258902
v 0.127026 -0.065028 0.275227
v 0.136231 -0.055994 0.257709
v 0.131355 -0.055471 0.274068
v 0.125934 -0.055433 0.284416
v 0.136864 -0.038995 0.270671
v 0.133535 -0.038613 0.281059
v 0.121473 -0.054900 0.291682
v 0.140446 -0.019282 0.266865
v 0.140644 -0.039023 0.255287
v 0.143668 -0.019668 0.253290
v 0.143130 -0.038797 0.238204
v 0.146108 -0.019715 0.236736
v 0.146827 0.000000 0.236253
v 0.147196 -0.019531 0.219667
v 0.147980 0.000000 0.219231
v 0.140995 -0.000000 0.147125
v 0.144560 -0.000000 0.165767
v 0.144319 -0.019543 0.166065
v 0.140384 -0.019795 0.147318
v 0.146949 -0.000000 0.183960
v 0.146611 -0.019400 0.184378
v 0.144213 -0.038190 0.185967
v 0.142018 -0.038402 0.167622
v 0.147496 -0.019402 0.202239
v 0.144853 -0.038154 0.203777
v 0.140712 -0.055715 0.206315
v 0.140221 -0.055880 0.188721
v 0.144330 -0.038388 0.221040
v 0.140333 -0.055821 0.223225
v 0.135501 -0.070292 0.225799
v 0.135280 -0.071482 0.209891
v 0.139081 -0.056049 0.240201
v 0.134904 -0.068554 0.241837
v 0.131030 -0.077423 0.243239
v 0.128144 -0.082383 0.244180
v 0.126221 -0.084866 0.244539
v 0.125065 -0.081272 0.259165
v 0.126345 -0.082836 0.259209
v 0.126292 -0.086369 0.244674
v 0.123807 -0.080688 0.274825
v 0.119164 -0.079078 0.290141
v 0.123037 -0.081275 0.291569
v 0.127801 -0.082626 0.275814
v 0.129661 -0.084481 0.259487
v 0.132709 -0.085355 0.276353
v 0.133554 -0.086634 0.259683
v 0.132493 -0.089819 0.244569
v 0.128714 -0.087616 0.244548
v 0.129968 -0.095314 0.232653
v 0.125875 -0.092504 0.232613
v 0.123921 -0.091416 0.232776
v 0.119939 -0.100908 0.223212
v 0.118404 -0.099304 0.223183
v 0.108635 -0.112854 0.217765
v 0.106170 -0.110692 0.217046
v 0.094330 -0.123008 0.217628
v 0.091528 -0.119780 0.217289
v 0.089761 -0.119014 0.214524
v 0.073272 -0.123901 0.219308
v 0.070752 -0.125702 0.214642
v 0.088525 -0.120744 0.209556
v 0.075538 -0.126274 0.221576
v 0.078816 -0.131412 0.221607
v 0.067132 -0.140032 0.229129
v 0.061084 -0.131318 0.228024
v 0.058853 -0.126369 0.227061
v 0.051111 -0.136706 0.237589
v 0.055330 -0.126687 0.222461
v 0.052359 -0.128264 0.216069
v 0.067880 -0.127376 0.208247
v 0.049028 -0.130457 0.206366
v 0.064398 -0.129188 0.200048
v 0.083902 -0.124610 0.193268
v 0.086929 -0.122615 0.202933
v 0.102202 -0.115454 0.187424
v 0.104810 -0.113441 0.200970
v 0.115927 -0.102646 0.183254
v 0.118878 -0.100077 0.200279
v 0.125276 -0.088754 0.179069
v 0.127254 -0.087301 0.196692
v 0.133009 -0.073243 0.174401
v 0.134529 -0.072384 0.192470
v 0.138419 -0.056231 0.170414
v 0.129663 -0.074535 0.156164
v 0.134880 -0.057030 0.151473
v 0.138315 -0.038946 0.148605
v 0.127817 -0.058573 0.133553
v 0.130899 -0.039873 0.130692
v 0.132871 -0.020139 0.129670
v 0.124323 -0.020503 0.113676
v 0.115732 -0.020590 0.098775
v 0.106261 -0.000000 0.084928
v 0.092714 -0.000000 0.072932
v 0.077985 -0.000000 0.061444
v 0.105447 -0.019868 0.084972
v 0.091853 -0.018753 0.073166
v 0.077450 -0.018302 0.061970
v 0.090080 -0.036083 0.073705
v 0.076150 -0.034213 0.063179
v 0.060780 -0.033379 0.054509
v 0.061572 -0.018508 0.052723
v 0.061926 0.000000 0.051906
v 0.044857 -0.018859 0.045032
v -0.045723 -0.000000 0.028283
v -0.057152 0.000000 0.028734
v -0.047188 -0.017054 0.030922
v -0.058656 -0.015819 0.031760
v -0.048712 -0.032866 0.036678
v -0.060950 -0.030695 0.037453
v -0.047167 -0.045224 0.043174
v -0.061113 -0.044229 0.044490
v -0.043269 -0.054136 0.048831
v -0.058022 -0.054698 0.051068
v -0.067425 -0.054358 0.052412
v -0.052737 -0.064170 0.057482
v -0.061170 -0.065918 0.059670
v -0.038899 -0.061086 0.053426
v -0.033727 -0.066568 0.056991
v -0.018769 -0.062016 0.052473
v -0.016812 -0.064969 0.054667
v -0.030213 -0.070127 0.059240
v -0.021787 -0.057288 0.049289
v -0.005236 -0.054435 0.047597
v -0.003479 -0.059073 0.050414
v -0.025309 -0.051350 0.045736
v -0.007541 -0.048950 0.044511
v 0.010181 -0.048092 0.045135
v 0.011454 -0.053612 0.047879
v -0.028422 -0.044013 0.041564
v -0.009790 -0.042408 0.041030
v 0.009045 -0.041993 0.042273
v 0.027118 -0.042070 0.044723
v 0.027628 -0.048671 0.047213
v -0.010851 -0.034127 0.037342
v 0.008489 -0.034286 0.039244
v 0.026846 -0.033652 0.042080
v 0.044346 -0.033181 0.047342
v 0.044160 -0.042107 0.049362
v 0.008995 -0.019477 0.035221
v 0.027248 -0.019220 0.039027
v 0.009791 0.000000 0.033586
v -0.009751 -0.019068 0.032701
v -0.028961 -0.017892 0.031237
v -0.030076 -0.033621 0.036550
v 0.060005 -0.043394 0.056095
v 0.059404 -0.050560 0.057523
v 0.044110 -0.049146 0.051286
v 0.058787 -0.055681 0.058923
v 0.043963 -0.054576 0.053311
v 0.028084 -0.054054 0.049643
v 0.043869 -0.057944 0.054986
v 0.028364 -0.057923 0.051966
v 0.012347 -0.058081 0.050562
v 0.028658 -0.059804 0.051956
v 0.012787 -0.060471 0.051511
v -0.002568 -0.061838 0.052086
v 0.013028 -0.061548 0.048741
v -0.002224 -0.063408 0.049758
v -0.016287 -0.067167 0.052038
v -0.001898 -0.065917 0.045539
v -0.015620 -0.070242 0.047914
v -0.027782 -0.077371 0.051583
v -0.029103 -0.073412 0.056053
v -0.037031 -0.087247 0.055451
v -0.026094 -0.081333 0.046149
v -0.034395 -0.092355 0.049276
v -0.039025 -0.109729 0.053060
v -0.041544 -0.104438 0.059349
v -0.036470 -0.132516 0.060685
v -0.037883 -0.127929 0.067810
v -0.038632 -0.124395 0.071300
v -0.027544 -0.146999 0.081791
v -0.028192 -0.142333 0.087775
v -0.028035 -0.138600 0.091045
v -0.039765 -0.120536 0.074504
v -0.027821 -0.137620 0.091885
v -0.039874 -0.119993 0.073472
v -0.027703 -0.137638 0.091354
v -0.039058 -0.119938 0.072970
v -0.049440 -0.094251 0.070320
v -0.040722 -0.120676 0.072542
v -0.028842 -0.138464 0.091577
v -0.013404 -0.144523 0.115279
v -0.014727 -0.144501 0.116528
v -0.016810 -0.144537 0.118701
v 0.000714 -0.143385 0.139927
v 0.001891 -0.145691 0.137769
v 0.022339 -0.142076 0.150037
v 0.021464 -0.138966 0.153244
v 0.044441 -0.137259 0.150216
v 0.044284 -0.133397 0.154174
v 0.064112 -0.130342 0.145698
v 0.064649 -0.127518 0.148882
v 0.065906 -0.127059 0.151910
v 0.080386 -0.119723 0.141343
v 0.082712 -0.119622 0.144586
v 0.086688 -0.119838 0.149871
v 0.068035 -0.127609 0.156940
v 0.091759 -0.119432 0.158106
v 0.072240 -0.127782 0.165033
v 0.097532 -0.117837 0.171989
v 0.078333 -0.126638 0.179078
v 0.058456 -0.131200 0.186078
v 0.042832 -0.132742 0.190843
v 0.032627 -0.132959 0.194168
v 0.038990 -0.130526 0.210356
v 0.032259 -0.130585 0.212840
v 0.026304 -0.133101 0.196332
v 0.018043 -0.134659 0.180393
v 0.028618 -0.135319 0.214704
v 0.023438 -0.138971 0.197660
v 0.015552 -0.142387 0.181232
v 0.001161 -0.146220 0.166302
v 0.006805 -0.140030 0.164826
v 0.018967 -0.147295 0.199754
v 0.007466 -0.149160 0.184277
v -0.007837 -0.146234 0.170215
v -0.001620 -0.146103 0.188386
v -0.011416 -0.141000 0.172539
v -0.005687 -0.140172 0.190296
v -0.015045 -0.138744 0.174419
v -0.012019 -0.140585 0.192286
v -0.020089 -0.140112 0.176522
v -0.030439 -0.141414 0.180825
v 0.001435 -0.143002 0.205583
v 0.008714 -0.148576 0.203385
v 0.016096 -0.148301 0.219714
v 0.025642 -0.143719 0.216823
v 0.028809 -0.139642 0.233167
v 0.106297 -0.107765 0.151144
v 0.111795 -0.105113 0.166574
v 0.116653 -0.093320 0.145036
v 0.121804 -0.090610 0.161596
v 0.123427 -0.076718 0.138972
v 0.109765 -0.096236 0.132066
v 0.100164 -0.109750 0.140689
v 0.095550 -0.110549 0.135062
v 0.104074 -0.098336 0.124964
v 0.092313 -0.110912 0.131628
v 0.099476 -0.099817 0.120722
v 0.090474 -0.112256 0.128666
v 0.097008 -0.100865 0.118206
v 0.099421 -0.087885 0.107135
v 0.097036 -0.102985 0.115436
v 0.098615 -0.089794 0.104557
v 0.097066 -0.078584 0.093867
v 0.098362 -0.075848 0.095671
v 0.092008 -0.070658 0.084386
v 0.093131 -0.067604 0.085031
v 0.083189 -0.064897 0.075134
v 0.084158 -0.062124 0.074946
v 0.085653 -0.057769 0.074492
v 0.072497 -0.058228 0.066084
v 0.073569 -0.053517 0.065083
v 0.074791 -0.046011 0.064193
v 0.087733 -0.049502 0.074077
v 0.071697 -0.061178 0.066967
v 0.058246 -0.058833 0.060119
v 0.072383 -0.062845 0.065688
v 0.058835 -0.060726 0.058847
v 0.044186 -0.059991 0.054347
v 0.060032 -0.062990 0.055727
v 0.044930 -0.062011 0.051200
v 0.029061 -0.061294 0.048933
v 0.045854 -0.064876 0.047214
v 0.029616 -0.064017 0.044670
v 0.013353 -0.064075 0.044357
v 0.030242 -0.066806 0.040163
v 0.013669 -0.066671 0.039785
v -0.001589 -0.068412 0.041171
v 0.013975 -0.069327 0.033743
v -0.001262 -0.071117 0.034902
v -0.013719 -0.076788 0.035825
v -0.014781 -0.073279 0.043439
v -0.023773 -0.086023 0.036932
v -0.012834 -0.079820 0.024203
v -0.021899 -0.089972 0.024229
v -0.028739 -0.103919 0.025509
v -0.031160 -0.098513 0.038623
v -0.032353 -0.121884 0.028963
v -0.035587 -0.116099 0.041962
v -0.029878 -0.141588 0.033872
v -0.033342 -0.137902 0.048560
v -0.019223 -0.159439 0.038388
v -0.021518 -0.157441 0.055209
v -0.024694 -0.152879 0.070577
v -0.004421 -0.171157 0.060853
v -0.007184 -0.166795 0.079094
v -0.010868 -0.161235 0.094788
v 0.011747 -0.173831 0.085368
v 0.008990 -0.167881 0.103215
v 0.005767 -0.161307 0.118308
v -0.013271 -0.154439 0.105821
v 0.003821 -0.154390 0.128248
v -0.013936 -0.148611 0.111777
v 0.002982 -0.149161 0.134327
v -0.013760 -0.145623 0.114283
v 0.024981 -0.152470 0.137088
v 0.023802 -0.146486 0.145049
v 0.044868 -0.146837 0.139278
v 0.044576 -0.141415 0.145875
v 0.063925 -0.139630 0.136012
v 0.063980 -0.134283 0.141957
v 0.079761 -0.130449 0.129404
v 0.079537 -0.125570 0.134645
v 0.079378 -0.121903 0.138095
v 0.090802 -0.115128 0.125587
v 0.091572 -0.119402 0.121166
v 0.098718 -0.106312 0.111666
v 0.092312 -0.125607 0.112846
v 0.100737 -0.111386 0.105154
v 0.103075 -0.096363 0.095972
v 0.100449 -0.092314 0.101310
v 0.100274 -0.084340 0.086529
v 0.098130 -0.081044 0.091168
v 0.094423 -0.075565 0.078228
v 0.092762 -0.072862 0.082195
v 0.085476 -0.068756 0.070687
v 0.083962 -0.066729 0.073729
v 0.073816 -0.064862 0.062750
v 0.087390 -0.072670 0.065037
v 0.075432 -0.068376 0.058256
v 0.061308 -0.066199 0.051794
v 0.076987 -0.073068 0.051620
v 0.062694 -0.069935 0.046765
v 0.046926 -0.068013 0.042575
v 0.064148 -0.075275 0.037561
v 0.048266 -0.072423 0.034705
v 0.031019 -0.070181 0.033264
v 0.048783 -0.076865 0.023629
v 0.031580 -0.073852 0.023547
v 0.014472 -0.072572 0.023772
v 0.031705 -0.076535 0.015404
v 0.014991 -0.075276 0.014129
v -0.000075 -0.076362 0.013123
v -0.000750 -0.074123 0.024046
v -0.012119 -0.081732 0.013182
v 0.000810 -0.078903 0.005894
v -0.010834 -0.084032 0.005503
v -0.019518 -0.094174 0.006486
v -0.020906 -0.092253 0.013857
v -0.025242 -0.108442 0.007834
v -0.027074 -0.106851 0.015179
v -0.027320 -0.125292 0.008911
v -0.029614 -0.124685 0.017182
v -0.025679 -0.143406 0.009202
v -0.027194 -0.143196 0.019905
v -0.015741 -0.160296 0.012123
v -0.017053 -0.160010 0.023262
v -0.023624 -0.142290 0.002896
v -0.014385 -0.159479 0.004139
v 0.000864 -0.169809 0.007314
v -0.010769 -0.155558 -0.000849
v 0.003649 -0.165403 0.000447
v 0.018428 -0.171881 -0.000040
v 0.015128 -0.176909 0.006408
v 0.029969 -0.177819 -0.001517
v 0.025639 -0.182538 0.002752
v 0.023007 -0.165785 -0.002223
v 0.007289 -0.159047 -0.002148
v 0.011150 -0.153081 -0.002453
v 0.016277 -0.146686 -0.002530
v -0.005932 -0.149833 -0.002306
v -0.012902 -0.137785 -0.002284
v -0.019099 -0.140099 -0.001114
v -0.019663 -0.124600 -0.000788
v -0.014016 -0.124416 -0.002207
v -0.024630 -0.124932 0.003461
v -0.022634 -0.109405 0.002818
v -0.018091 -0.110475 -0.000873
v -0.013926 -0.097802 -0.000802
v -0.012577 -0.111822 -0.002194
v -0.017266 -0.095856 0.002029
v -0.008950 -0.086696 0.001291
v -0.006724 -0.089641 -0.000918
v 0.002742 -0.086493 -0.000999
v 0.001686 -0.082044 0.001593
v 0.015295 -0.081221 0.002021
v 0.015164 -0.086633 -0.001229
v 0.015298 -0.077708 0.007281
v 0.031530 -0.078916 0.008319
v 0.030938 -0.082721 0.002055
v 0.046697 -0.085112 0.001667
v 0.045451 -0.091631 -0.001945
v 0.030019 -0.088714 -0.001495
v 0.047604 -0.081475 0.008311
v 0.063095 -0.084910 0.007668
v 0.061552 -0.088291 0.001374
v 0.048271 -0.079362 0.015502
v 0.064340 -0.083239 0.014523
v 0.076866 -0.086924 0.014214
v 0.075783 -0.088091 0.006992
v 0.064844 -0.080536 0.024324
v 0.077537 -0.084092 0.026205
v 0.086878 -0.088091 0.028032
v 0.085926 -0.090431 0.015164
v 0.077721 -0.078818 0.040496
v 0.088753 -0.083638 0.042937
v 0.096604 -0.090710 0.044892
v 0.093717 -0.094420 0.029178
v 0.088683 -0.078069 0.055594
v 0.097354 -0.085294 0.059175
v 0.103873 -0.096400 0.063182
v 0.101949 -0.101036 0.046845
v 0.096206 -0.079587 0.071213
v 0.102854 -0.089837 0.077900
v 0.105728 -0.103372 0.084976
v 0.106371 -0.110695 0.068042
v 0.102545 -0.127306 0.074104
v 0.100715 -0.132917 0.055630
v 0.104284 -0.115563 0.050265
v 0.102430 -0.119585 0.091839
v 0.092790 -0.134180 0.097842
v 0.093066 -0.142624 0.080210
v 0.080455 -0.155405 0.085662
v 0.079652 -0.162337 0.066140
v 0.091776 -0.149073 0.061292
v 0.079893 -0.146397 0.103179
v 0.064643 -0.156683 0.107619
v 0.065446 -0.165680 0.089718
v 0.079845 -0.137616 0.119065
v 0.064090 -0.147798 0.124011
v 0.045766 -0.155056 0.126061
v 0.047051 -0.163717 0.109611
v 0.028575 -0.167669 0.108181
v 0.030603 -0.175351 0.089789
v 0.048485 -0.172439 0.091307
v 0.026549 -0.159718 0.124544
v 0.031988 -0.180886 0.069803
v 0.048898 -0.178661 0.070759
v 0.065034 -0.172402 0.069431
v 0.047895 -0.181157 0.050199
v 0.062967 -0.175295 0.048976
v 0.076922 -0.165506 0.046621
v 0.088320 -0.152516 0.042991
v 0.013967 -0.178625 0.066267
v 0.092210 -0.095981 0.015984
v 0.093530 -0.096217 0.008800
v 0.086152 -0.090926 0.007435
v 0.074340 -0.090863 0.001112
v 0.072784 -0.096924 -0.002345
v 0.060073 -0.094883 -0.002134
v 0.071406 -0.105001 -0.002928
v 0.058676 -0.102887 -0.002713
v 0.044276 -0.099477 -0.002557
v 0.057453 -0.112126 -0.002647
v 0.043211 -0.108063 -0.002602
v 0.028386 -0.104483 -0.002533
v 0.029104 -0.095981 -0.002398
v 0.014787 -0.100987 -0.002428
v 0.015100 -0.093232 -0.002264
v 0.027640 -0.114137 -0.002591
v 0.013899 -0.110011 -0.002532
v 0.025065 -0.126754 -0.002603
v 0.012023 -0.121131 -0.002563
v 0.000801 -0.116367 -0.002475
v -0.006712 -0.113706 -0.002380
v 0.020632 -0.138716 -0.002583
v 0.036186 -0.144831 -0.002535
v 0.039376 -0.133191 -0.002571
v 0.054209 -0.138436 -0.002453
v 0.052351 -0.149508 -0.002365
v 0.041905 -0.118911 -0.002605
v 0.055898 -0.124267 -0.002547
v 0.068274 -0.129112 -0.002408
v 0.069764 -0.115838 -0.002626
v 0.079630 -0.118160 -0.002372
v 0.079004 -0.132041 -0.002282
v 0.086622 -0.118794 -0.001244
v 0.093036 -0.118598 0.002659
v 0.062257 -0.148184 0.239562
v 0.061225 -0.155322 0.254273
v 0.046470 -0.144221 0.252954
v 0.062462 -0.158475 0.271914
v 0.046604 -0.148569 0.272037
v 0.036661 -0.139673 0.270656
v 0.049282 -0.147874 0.290438
v 0.036655 -0.138222 0.288992
v 0.030147 -0.131532 0.287442
v 0.032999 -0.133951 0.267546
v 0.039404 -0.132637 0.305022
v 0.053571 -0.143085 0.306752
v 0.059920 -0.135605 0.320461
v 0.045438 -0.125059 0.318773
v 0.067842 -0.126493 0.330501
v 0.054707 -0.116701 0.329583
v 0.076829 -0.115762 0.334951
v 0.066941 -0.108347 0.334230
v 0.088108 -0.104005 0.333181
v 0.080810 -0.098901 0.332765
v 0.098979 -0.092883 0.326836
v 0.099133 -0.109594 0.333224
v 0.107388 -0.097153 0.327002
v 0.114001 -0.087842 0.317498
v 0.107899 -0.084642 0.316472
v 0.119087 -0.082799 0.305111
v 0.114451 -0.079925 0.303691
v 0.123965 -0.093174 0.317674
v 0.126619 -0.087242 0.306212
v 0.129571 -0.085132 0.292270
v 0.138157 -0.093869 0.305290
v 0.137569 -0.089816 0.292279
v 0.138315 -0.088554 0.276443
v 0.151076 -0.098266 0.289454
v 0.148901 -0.095031 0.275025
v 0.148532 -0.095716 0.258603
v 0.138987 -0.089887 0.259648
v 0.148395 -0.099502 0.244675
v 0.138546 -0.093613 0.244718
v 0.147018 -0.106043 0.234084
v 0.136342 -0.099679 0.233112
v 0.143388 -0.116245 0.226384
v 0.131353 -0.109369 0.224570
v 0.124235 -0.104381 0.223718
v 0.122006 -0.122509 0.219462
v 0.113250 -0.116607 0.218536
v 0.111867 -0.136315 0.219334
v 0.099996 -0.128458 0.218140
v 0.105317 -0.148017 0.222905
v 0.087854 -0.139724 0.222020
v 0.101308 -0.157749 0.229559
v 0.082771 -0.149769 0.229147
v 0.098856 -0.165111 0.239324
v 0.080186 -0.158149 0.239502
v 0.098005 -0.170314 0.252396
v 0.079275 -0.164214 0.253635
v 0.099269 -0.172192 0.268113
v 0.080519 -0.166550 0.270402
v 0.102306 -0.170379 0.284675
v 0.083933 -0.164857 0.287658
v 0.065903 -0.157238 0.289800
v 0.089172 -0.159619 0.303287
v 0.071148 -0.152282 0.305913
v 0.095705 -0.151876 0.316282
v 0.077910 -0.144633 0.319301
v 0.102698 -0.141917 0.325800
v 0.085412 -0.135067 0.328888
v 0.109393 -0.129222 0.330455
v 0.092475 -0.123383 0.333449
v 0.115030 -0.115540 0.330509
v 0.125745 -0.135968 0.325659
v 0.131385 -0.122740 0.325953
v 0.135547 -0.110525 0.322505
v 0.119906 -0.102691 0.326295
v 0.137948 -0.100715 0.315590
v 0.150742 -0.119786 0.315845
v 0.152925 -0.110370 0.309678
v 0.152759 -0.103094 0.300418
v 0.165992 -0.119351 0.302885
v 0.178083 -0.127031 0.297558
v 0.146749 -0.131235 0.319041
v 0.141314 -0.143372 0.318550
v 0.134924 -0.154307 0.313960
v 0.149391 -0.159593 0.306687
v 0.119234 -0.148147 0.320706
v 0.112844 -0.157739 0.311733
v 0.129161 -0.162801 0.306024
v 0.124540 -0.169306 0.295423
v 0.141785 -0.172081 0.290856
v 0.144843 -0.166856 0.299893
v 0.106985 -0.165243 0.299617
v 0.120826 -0.174114 0.281484
v 0.118311 -0.176054 0.265727
v 0.137581 -0.178101 0.264600
v 0.139350 -0.176078 0.278531
v 0.157269 -0.175897 0.276870
v 0.157944 -0.173833 0.287218
v 0.168843 -0.174888 0.276389
v 0.159038 -0.169959 0.295378
v 0.176882 -0.172709 0.276215
v 0.182128 -0.166138 0.276640
v 0.184564 -0.157691 0.276581
v 0.184414 -0.159933 0.283890
v 0.186973 -0.151467 0.283274
v 0.187454 -0.149125 0.276254
v 0.190547 -0.141367 0.275994
v 0.191241 -0.143669 0.282653
v 0.189568 -0.146489 0.267862
v 0.192407 -0.138981 0.268359
v 0.191172 -0.134211 0.276649
v 0.193127 -0.145068 0.261276
v 0.196307 -0.137671 0.262606
v 0.195815 -0.144505 0.255230
v 0.192584 -0.152273 0.246760
v 0.195286 -0.142940 0.247869
v 0.187647 -0.150979 0.241498
v 0.190549 -0.140071 0.242678
v 0.180374 -0.148639 0.237459
v 0.182954 -0.136597 0.238797
v 0.185172 -0.127122 0.241975
v 0.184973 -0.120877 0.247635
v 0.171914 -0.131440 0.234141
v 0.173473 -0.122185 0.238273
v 0.174035 -0.115913 0.245933
v 0.160241 -0.114527 0.235672
v 0.161432 -0.108032 0.245104
v 0.161970 -0.104928 0.257153
v 0.163330 -0.105042 0.270723
v 0.158038 -0.124421 0.229659
v 0.168391 -0.143728 0.231919
v 0.152784 -0.137338 0.226174
v 0.136475 -0.130090 0.221916
v 0.147314 -0.150175 0.226160
v 0.129523 -0.143864 0.221905
v 0.143118 -0.160461 0.228707
v 0.124463 -0.155036 0.225127
v 0.139764 -0.168996 0.234146
v 0.120622 -0.164269 0.231447
v 0.137733 -0.174537 0.242420
v 0.118392 -0.170445 0.240330
v 0.137017 -0.177490 0.252429
v 0.117425 -0.174540 0.251592
v 0.156697 -0.172575 0.237216
v 0.159898 -0.164923 0.233102
v 0.174888 -0.169481 0.237891
v 0.171878 -0.176267 0.241171
v 0.178127 -0.160630 0.237361
v 0.187140 -0.162949 0.241922
v 0.163736 -0.155652 0.231620
v 0.192238 -0.162520 0.246978
v 0.193489 -0.136824 0.282548
v 0.191916 -0.145484 0.288999
v -0.181624 0.000000 0.117877
v 0.142292 0.000000 0.297602
v 0.147501 0.000000 0.298445
v 0.146520 -0.020790 0.299772
v 0.156069 0.000000 0.300389
v 0.154689 -0.022191 0.301679
v 0.150875 -0.043931 0.305396
v 0.165622 -0.023199 0.304589
v 0.163628 -0.045873 0.309085
v 0.160450 -0.066909 0.316091
v 0.179592 -0.046104 0.314248
v 0.179327 -0.066812 0.322573
v 0.179562 -0.084782 0.333745
v 0.197283 -0.063081 0.329342
v 0.200289 -0.078789 0.341246
v 0.204079 -0.090311 0.355259
v 0.181043 -0.099014 0.347408
v 0.217536 -0.070042 0.347898
v 0.222034 -0.078577 0.360625
v 0.232806 -0.059670 0.353740
v 0.237211 -0.066301 0.364597
v 0.240507 -0.070176 0.372666
v 0.250863 -0.054192 0.367797
v 0.253726 -0.057057 0.373245
v 0.262991 -0.040798 0.369239
v 0.265787 -0.043149 0.372970
v 0.268215 -0.044698 0.377488
v 0.277323 -0.028462 0.370477
v 0.278876 -0.028424 0.375388
v 0.278608 -0.027854 0.379992
v 0.286684 -0.012966 0.369125
v 0.286207 -0.012107 0.374082
v 0.284943 -0.011693 0.379837
v 0.288390 0.000000 0.371752
v 0.286857 0.000000 0.378539
v 0.284707 0.000000 0.386338
v 0.166517 0.000000 0.303027
v 0.179881 -0.023429 0.309087
v 0.194612 -0.022504 0.314845
v 0.195540 -0.043890 0.320378
v 0.208968 -0.020543 0.321585
v 0.210679 -0.039950 0.327193
v 0.213539 -0.056932 0.336094
v 0.224870 -0.034885 0.334504
v 0.228226 -0.049286 0.343027
v 0.238484 -0.029266 0.341836
v 0.242037 -0.041205 0.349635
v 0.246806 -0.049258 0.358825
v 0.260024 -0.037568 0.362637
v 0.270994 -0.024027 0.362657
v 0.274299 -0.026671 0.366709
v 0.278580 -0.012205 0.357497
v 0.282773 -0.013973 0.359800
v 0.285826 -0.013971 0.364217
v 0.286563 -0.000000 0.355675
v 0.289217 0.000000 0.361284
v 0.289277 0.000000 0.366301
v 0.222089 0.000000 0.327170
v 0.222823 -0.017958 0.329107
v 0.235634 0.000000 0.335239
v 0.236286 -0.014931 0.336947
v 0.263992 0.000000 0.350744
v 0.073922 -0.159529 -0.000988
v 0.055491 -0.175012 0.004515
v 0.048965 -0.179663 0.001934
v 0.187856 0.000000 0.503781
v -0.007325 0.000000 0.410388
v 0.237975 0.000000 0.468042
v 0.280620 -0.000000 0.397304
v 0.272071 -0.000000 0.413558
v 0.250471 0.000000 0.449973
v 0.132444 0.000000 0.296843
v -0.107664 0.000000 0.350037
v -0.172918 -0.000000 0.143514
v -0.137906 -0.000000 0.317201
v -0.150961 0.000000 0.298950
v -0.172301 -0.000000 0.107671
v -0.400861 0.000000 0.143013
v -0.386768 0.000000 0.179260
v -0.360646 0.000000 0.207746
v -0.328732 -0.000000 0.223354
v -0.388092 -0.000000 0.068595
v -0.364074 -0.000000 0.040622
v -0.159541 -0.000000 0.105515
v -0.157604 -0.000000 0.100747
v -0.308629 -0.000000 0.013688
v -0.153585 -0.000000 0.013870
v -0.136718 0.000000 0.016231
v -0.172054 -0.000000 0.011939
v -0.233483 0.000000 0.192038
v -0.273182 0.000000 0.219172
v -0.199320 0.000000 0.143533
v -0.190647 0.000000 0.129993
v -0.108331 0.000000 0.020807
v -0.096475 0.000000 0.022941
v -0.083347 0.000000 0.022044
v -0.074127 0.000000 0.027063
v 0.138712 0.000000 0.276741
v 0.148085 0.000000 0.201786
v 0.125109 -0.000000 0.113719
v 0.133454 -0.000000 0.129685
v 0.116726 -0.000000 0.098739
v 0.045259 0.000000 0.044055
v 0.027819 0.000000 0.037759
v -0.008512 0.000000 0.030904
v -0.027548 0.000000 0.029201
v -0.166264 -0.000000 0.121446
v 0.180078 0.000000 0.307250
v 0.194409 0.000000 0.312903
v 0.208422 0.000000 0.319652
v 0.249365 0.000000 0.343214
v 0.280993 -0.000000 0.353588
v 0.275444 0.000000 0.354254
v -0.002257 0.133094 -0.002488
v -0.002327 0.096685 -0.002147
v -0.102237 0.028776 0.043671
v -0.324132 0.049691 0.115948
v -0.319115 0.039421 0.199397
v -0.059889 0.139595 0.165137
v -0.134862 0.090672 0.117201
v -0.104711 0.084841 0.074299
v -0.045745 0.090927 0.066406
v -0.159047 0.030457 0.112354
v 0.038637 0.188880 -0.000431
v 0.034087 0.189826 0.009864
v 0.044498 0.187558 0.009528
v 0.047238 0.182484 0.016765
v 0.019168 0.181340 0.027196
v 0.074280 0.173536 0.011064
v 0.079863 0.172912 0.006393
v 0.069817 0.172607 0.014419
v 0.046992 0.164460 -0.002216
v 0.079327 0.169669 0.000528
v 0.076280 0.149487 -0.000990
v 0.080708 0.158212 0.015853
v 0.100710 0.138325 0.004792
v 0.097564 0.136338 -0.000704
v 0.096072 0.123197 0.017951
v 0.089966 0.099846 -0.001750
v 0.023081 0.134366 0.160337
v 0.108255 0.063466 0.101735
v 0.192279 0.179126 0.248789
v 0.171882 0.178894 0.258981
v 0.181609 0.180765 0.257608
v 0.191917 0.171266 0.259524
v 0.177712 0.175164 0.289659
v 0.188784 0.165087 0.262726
v 0.177669 0.163147 0.297513
v 0.036885 0.126954 0.242224
v 0.149350 0.103774 0.338547
v 0.120711 0.096973 0.217111
v 0.064125 0.086402 0.334225
v 0.109467 0.068191 0.297072
v 0.174497 0.144755 0.302872
v 0.184791 0.141995 0.299534
v 0.188245 0.127229 0.286492
v 0.193931 0.133688 0.294220
v 0.192915 0.123131 0.261633
v 0.201593 0.127133 0.254246
v 0.186578 0.122693 0.266181
v 0.181017 0.121502 0.281751
v 0.261633 0.016625 0.352612
v 0.182128 0.103028 0.416758
v 0.210627 0.081290 0.452030
v -0.007506 0.134943 -0.002426
v -0.008640 0.124223 -0.002423
v -0.001454 0.125800 -0.002492
v 0.004489 0.139037 -0.002521
v -0.000688 0.144547 -0.002447
v 0.008721 0.131800 -0.002556
v 0.003887 0.097689 -0.002258
v 0.002677 0.106289 -0.002396
v -0.004582 0.103176 -0.002269
v -0.009644 0.100294 -0.001988
v -0.004647 0.092626 -0.001831
v 0.003612 0.091363 -0.001997
v -0.107214 0.023147 0.038850
v -0.101019 0.017848 0.032351
v -0.095974 0.020660 0.034065
v -0.109627 0.030442 0.046012
v -0.113248 0.024523 0.042700
v -0.091129 0.024583 0.031775
v -0.094340 0.035877 0.039903
v -0.315780 0.050350 0.106523
v -0.303903 0.049649 0.125393
v -0.320117 0.048430 0.131307
v -0.345523 0.047954 0.113223
v -0.337313 0.048817 0.092566
v -0.344068 0.046090 0.136264
v -0.338021 0.041578 0.187530
v -0.318404 0.043516 0.177676
v -0.303260 0.040237 0.196595
v -0.323256 0.031681 0.212290
v -0.350806 0.032493 0.199254
v -0.298584 0.032048 0.213067
v -0.050959 0.139385 0.153783
v -0.040085 0.140822 0.166737
v -0.055092 0.141018 0.175388
v -0.071067 0.137157 0.163358
v -0.065197 0.135868 0.145444
v -0.070788 0.138732 0.178580
v -0.123990 0.098628 0.111134
v -0.125170 0.104096 0.126508
v -0.139078 0.091132 0.128274
v -0.148995 0.072120 0.121407
v -0.139701 0.078256 0.108489
v -0.126029 0.086457 0.095786
v -0.093769 0.085977 0.068200
v -0.076516 0.108490 0.075655
v -0.078975 0.108197 0.080831
v -0.082297 0.111935 0.087316
v -0.106413 0.098162 0.087152
v -0.127720 0.071132 0.084560
v -0.130451 0.053730 0.077341
v -0.113963 0.061815 0.065449
v -0.102508 0.063994 0.062317
v -0.047516 0.092687 0.070432
v -0.058111 0.076610 0.068518
v -0.052745 0.074727 0.065986
v -0.039480 0.077482 0.063975
v -0.038985 0.082236 0.060081
v -0.043873 0.098812 0.063405
v -0.045437 0.071506 0.062388
v -0.157730 0.024557 0.105709
v -0.152447 0.035413 0.099384
v -0.152920 0.048223 0.110719
v -0.161842 0.042509 0.125380
v -0.165260 0.019767 0.121381
v -0.160581 0.012906 0.109331
v 0.033517 0.187274 -0.000356
v 0.037912 0.182450 -0.002199
v 0.043244 0.185696 -0.000611
v 0.045379 0.188034 0.004133
v 0.039346 0.191697 0.003375
v 0.032696 0.190645 0.004693
v 0.039500 0.190281 0.009349
v 0.030065 0.186323 0.014887
v 0.025866 0.185286 0.009234
v 0.037844 0.186151 0.017065
v 0.049863 0.181841 0.008902
v 0.046634 0.181403 0.031839
v 0.034003 0.183588 0.031128
v 0.058788 0.175631 0.019580
v 0.060398 0.175502 0.031353
v 0.057338 0.176129 0.012776
v 0.015416 0.179631 0.015254
v -0.000903 0.172768 0.026266
v -0.000321 0.171712 0.015925
v 0.016500 0.180789 0.047050
v -0.002188 0.172975 0.042389
v 0.032593 0.183128 0.049882
v 0.072878 0.176166 0.004847
v 0.080278 0.169132 0.009576
v 0.064647 0.174797 0.005472
v 0.079453 0.164740 0.012700
v 0.072831 0.171181 -0.001039
v 0.080556 0.165205 0.002317
v 0.071525 0.168475 0.019739
v 0.028587 0.159359 -0.002473
v 0.032834 0.153513 -0.002499
v 0.049842 0.157610 -0.002287
v 0.052564 0.170523 -0.000872
v 0.043847 0.176156 -0.001784
v 0.037013 0.171978 -0.002385
v 0.063213 0.165116 -0.001587
v 0.063236 0.169953 -0.000304
v 0.063900 0.159261 -0.001883
v 0.073365 0.165128 -0.001526
v 0.074973 0.154232 -0.000688
v 0.065538 0.151987 -0.001976
v 0.068288 0.142533 -0.002165
v 0.080332 0.143593 -0.001673
v 0.085533 0.150232 0.004455
v 0.081395 0.156613 0.005777
v 0.080888 0.160557 0.004561
v 0.089622 0.146637 0.013796
v 0.083667 0.154579 0.027343
v 0.073624 0.166308 0.029709
v 0.092309 0.139959 0.023251
v 0.096140 0.145770 0.005383
v 0.091031 0.141583 -0.001914
v 0.094859 0.129043 0.000982
v 0.098551 0.130380 0.007354
v 0.097307 0.136363 0.012115
v 0.087807 0.131046 -0.001833
v 0.095906 0.119269 0.009396
v 0.095796 0.106734 0.009231
v 0.095281 0.106414 0.016114
v 0.100030 0.118677 0.033186
v 0.096949 0.136280 0.038153
v 0.098007 0.104000 0.030256
v 0.084027 0.097902 -0.002318
v 0.085574 0.092869 0.001379
v 0.093075 0.096589 0.002289
v 0.089259 0.107782 -0.001861
v 0.082192 0.106564 -0.002993
v 0.094836 0.107746 0.002710
v 0.012201 0.134448 0.163926
v -0.003568 0.143843 0.146062
v -0.000008 0.141295 0.144014
v -0.000317 0.141741 0.142585
v 0.021618 0.135993 0.156476
v 0.044710 0.132128 0.157132
v 0.046357 0.132166 0.161328
v 0.051074 0.132419 0.171138
v 0.033827 0.133881 0.174483
v 0.024040 0.133848 0.177638
v 0.100864 0.072839 0.097050
v 0.095044 0.063779 0.085095
v 0.098708 0.055105 0.085223
v 0.103079 0.039428 0.085426
v 0.112995 0.041529 0.099280
v 0.107313 0.083718 0.113966
v 0.102172 0.086572 0.109385
v 0.118616 0.061053 0.117517
v 0.115165 0.079988 0.124426
v 0.122026 0.041086 0.114390
v 0.185046 0.179635 0.245387
v 0.187081 0.172766 0.242743
v 0.193637 0.172292 0.247556
v 0.195081 0.171748 0.254204
v 0.192396 0.179555 0.254731
v 0.183226 0.182374 0.251701
v 0.154881 0.178876 0.254834
v 0.154705 0.177354 0.244977
v 0.170437 0.180037 0.248447
v 0.188904 0.177541 0.259821
v 0.182430 0.174421 0.264691
v 0.178524 0.172714 0.269649
v 0.169503 0.175963 0.267193
v 0.156187 0.177763 0.265318
v 0.193206 0.162628 0.254791
v 0.177660 0.174239 0.283272
v 0.182758 0.168178 0.283352
v 0.182374 0.170438 0.291194
v 0.170901 0.173750 0.292784
v 0.170069 0.175191 0.285335
v 0.173942 0.169036 0.297195
v 0.193345 0.153236 0.254652
v 0.190297 0.154210 0.261429
v 0.186575 0.155815 0.268425
v 0.183904 0.165104 0.269783
v 0.183673 0.161922 0.291182
v 0.186247 0.152574 0.290413
v 0.182275 0.151079 0.296932
v 0.167554 0.156395 0.302837
v 0.162374 0.163992 0.300645
v 0.035081 0.126810 0.226795
v 0.041958 0.127659 0.222038
v 0.044350 0.126258 0.229931
v 0.047522 0.128684 0.235679
v 0.039652 0.134196 0.249057
v 0.031868 0.131592 0.248447
v 0.031072 0.131149 0.230069
v 0.126174 0.111859 0.344282
v 0.114082 0.102373 0.334347
v 0.128446 0.094438 0.326861
v 0.160214 0.115366 0.359188
v 0.136447 0.120136 0.360438
v 0.137757 0.081134 0.318360
v 0.155994 0.085776 0.325402
v 0.128624 0.085428 0.214460
v 0.129997 0.082401 0.228668
v 0.125530 0.088986 0.230787
v 0.118695 0.098296 0.221941
v 0.105465 0.110451 0.214453
v 0.105583 0.111383 0.210296
v 0.123950 0.090393 0.232235
v 0.071862 0.086290 0.334465
v 0.053701 0.084538 0.343540
v 0.046013 0.084810 0.341378
v 0.042431 0.089560 0.334427
v 0.047177 0.090824 0.332164
v 0.067576 0.086561 0.330953
v 0.032671 0.087609 0.338014
v 0.100932 0.075928 0.312393
v 0.101029 0.078278 0.313254
v 0.108127 0.074475 0.298603
v 0.115889 0.072197 0.287189
v 0.119264 0.065952 0.286887
v 0.107416 0.065391 0.300916
v 0.099637 0.073809 0.313255
v 0.190093 0.144796 0.295754
v 0.187634 0.136401 0.298939
v 0.176475 0.133946 0.301787
v 0.163887 0.128230 0.308569
v 0.160548 0.138946 0.311047
v 0.155223 0.150107 0.310555
v 0.195081 0.139058 0.294652
v 0.179887 0.123210 0.290838
v 0.188901 0.128541 0.291326
v 0.194851 0.132689 0.289555
v 0.192343 0.131080 0.284407
v 0.188098 0.128009 0.278100
v 0.188128 0.131225 0.296017
v 0.195847 0.138783 0.288248
v 0.194904 0.121459 0.256284
v 0.184845 0.119076 0.255832
v 0.196866 0.129382 0.263386
v 0.200567 0.128153 0.259005
v 0.192263 0.130810 0.268865
v 0.199528 0.135220 0.250326
v 0.194368 0.130961 0.245251
v 0.195770 0.123580 0.250097
v 0.199390 0.137135 0.256980
v 0.174898 0.114132 0.256240
v 0.177485 0.116258 0.267748
v 0.166284 0.109218 0.284468
v 0.166570 0.112942 0.294120
v 0.251794 0.023189 0.348652
v 0.249682 0.011275 0.344361
v 0.263613 0.008182 0.351453
v 0.267325 0.020495 0.357920
v 0.255924 0.031913 0.355397
v 0.273562 0.009923 0.356149
v 0.179402 0.105546 0.413996
v 0.184939 0.104344 0.406386
v 0.186611 0.102986 0.413457
v 0.179951 0.101524 0.426579
v 0.174044 0.106299 0.426344
v 0.185042 0.101671 0.425442
v 0.201948 0.086574 0.458925
v 0.201087 0.090058 0.447877
v 0.213934 0.082097 0.442072
v 0.214097 0.076734 0.457592
v 0.201122 0.082575 0.468470
v 0.220403 0.072344 0.444881
v 0.224296 0.070540 0.431069
v 0.230126 0.064905 0.434893
v 0.224435 0.067508 0.450122
v 0.214593 0.071969 0.464540
v 0.215616 0.083713 0.428865
v 0.214640 0.085586 0.416275
v 0.225063 0.071496 0.418268
v 0.199106 0.094850 0.434389
v 0.197662 0.097676 0.421139
v 0.196361 0.098969 0.410150
v 0.212691 0.087277 0.406828
v 0.184382 0.097966 0.441130
v 0.175806 0.098806 0.441006
v 0.185330 0.094243 0.454177
v 0.171052 0.096271 0.453553
v 0.158226 0.102961 0.451139
v 0.166431 0.105796 0.439122
v 0.184198 0.089580 0.464557
v 0.166319 0.092355 0.464600
v 0.150840 0.097827 0.462435
v 0.134668 0.103033 0.458176
v 0.143820 0.108805 0.446378
v 0.162399 0.086687 0.473742
v 0.144501 0.090579 0.473057
v 0.126539 0.094644 0.469643
v 0.108935 0.098561 0.463378
v 0.118624 0.107699 0.451398
v 0.139027 0.080822 0.483133
v 0.119381 0.083704 0.480483
v 0.100338 0.086717 0.474505
v 0.082275 0.088885 0.465391
v 0.091931 0.101613 0.454185
v 0.113460 0.070539 0.490373
v 0.093056 0.072509 0.484343
v 0.074391 0.073575 0.474943
v 0.057366 0.073724 0.463400
v 0.065663 0.089366 0.453755
v 0.087721 0.056132 0.492491
v 0.068412 0.056602 0.483061
v 0.051363 0.056130 0.470800
v 0.035986 0.055258 0.456589
v 0.042383 0.072132 0.449315
v 0.063775 0.038468 0.489349
v 0.046527 0.037965 0.476181
v 0.031029 0.037408 0.461444
v 0.018452 0.035966 0.445036
v 0.023248 0.053069 0.440536
v 0.042765 0.019212 0.479403
v 0.028063 0.018846 0.463778
v 0.015472 0.018176 0.447475
v 0.006362 0.017040 0.431777
v 0.009837 0.033453 0.429432
v 0.003180 0.015702 0.421486
v -0.000486 0.013704 0.409688
v 0.001216 0.014658 0.414377
v 0.001337 0.027532 0.407235
v 0.003714 0.029039 0.412364
v 0.006221 0.031018 0.419481
v 0.007059 0.042763 0.408649
v 0.009946 0.045711 0.415753
v 0.014584 0.049197 0.425407
v 0.015974 0.059336 0.409273
v 0.021172 0.064179 0.419042
v 0.030001 0.069065 0.433645
v 0.029747 0.077897 0.410403
v 0.038942 0.084020 0.424646
v 0.051013 0.087841 0.439907
v 0.049378 0.097116 0.413998
v 0.061643 0.101258 0.428876
v 0.075943 0.102703 0.442531
v 0.073482 0.111985 0.416644
v 0.087502 0.113090 0.430171
v 0.102811 0.111354 0.441960
v 0.100385 0.120257 0.417692
v 0.114677 0.117903 0.429663
v 0.129329 0.113822 0.439254
v 0.127694 0.121560 0.418032
v 0.140820 0.117306 0.427489
v 0.153820 0.112130 0.434382
v 0.152525 0.118584 0.416372
v 0.163618 0.113528 0.422564
v 0.164396 0.117971 0.406010
v 0.172505 0.113224 0.410957
v 0.177322 0.116329 0.397338
v 0.181895 0.110593 0.402141
v 0.195891 0.111318 0.392482
v 0.195801 0.105550 0.397894
v 0.195589 0.101008 0.402459
v 0.212731 0.093794 0.395758
v 0.211492 0.090101 0.399858
v 0.227794 0.080526 0.394928
v 0.225213 0.076511 0.399906
v 0.224317 0.073730 0.407069
v 0.237817 0.067922 0.400160
v 0.234151 0.066230 0.408714
v 0.231773 0.065160 0.420470
v 0.245873 0.056220 0.411863
v 0.241523 0.056098 0.425589
v 0.234894 0.057630 0.441080
v 0.245684 0.043578 0.433245
v 0.236578 0.047116 0.449686
v 0.225248 0.049908 0.465821
v 0.225831 0.060805 0.456842
v 0.213004 0.064496 0.471594
v 0.209778 0.051396 0.479511
v 0.192225 0.051885 0.488943
v 0.195632 0.065851 0.481274
v 0.223956 0.034589 0.474931
v 0.207817 0.035500 0.487451
v 0.189997 0.035914 0.496454
v 0.170479 0.036307 0.502671
v 0.172979 0.052421 0.495583
v 0.207000 0.018100 0.493014
v 0.188504 0.018395 0.501724
v 0.168643 0.018560 0.507442
v 0.147643 0.018716 0.510810
v 0.149545 0.036597 0.506312
v 0.125557 0.018902 0.511396
v 0.081113 0.019291 0.502849
v 0.103104 0.019155 0.508914
v 0.083719 0.038233 0.498869
v 0.105355 0.037679 0.504927
v 0.127639 0.037009 0.507152
v 0.108825 0.055002 0.498520
v 0.130594 0.053716 0.500692
v 0.152205 0.052950 0.499660
v 0.134390 0.068506 0.492614
v 0.155313 0.067089 0.491493
v 0.176035 0.066134 0.487285
v 0.158691 0.078344 0.482567
v 0.179343 0.076975 0.479841
v 0.198797 0.075979 0.474383
v 0.182138 0.084045 0.472695
v 0.060524 0.019369 0.493190
v -0.015567 0.013519 0.408394
v -0.006327 0.013393 0.409640
v -0.012859 0.028328 0.404475
v -0.004173 0.027289 0.405870
v -0.007110 0.042282 0.400351
v 0.000009 0.040561 0.402283
v 0.004914 0.040547 0.403878
v 0.007369 0.053031 0.397317
v 0.011306 0.053058 0.399128
v 0.013044 0.055720 0.402961
v 0.019297 0.064905 0.392598
v 0.020906 0.067890 0.395843
v 0.024027 0.071899 0.401130
v 0.030519 0.078607 0.386294
v 0.033360 0.082980 0.390653
v 0.039528 0.090188 0.399916
v 0.043054 0.091877 0.378190
v 0.050731 0.100294 0.388168
v 0.061186 0.107664 0.402003
v 0.063902 0.108169 0.376042
v 0.074744 0.115841 0.389591
v 0.086969 0.119823 0.404063
v 0.092359 0.121040 0.377272
v 0.103268 0.124479 0.392131
v 0.115157 0.124262 0.406092
v 0.122547 0.125637 0.382320
v 0.131567 0.125217 0.395999
v 0.141495 0.122686 0.407410
v 0.149001 0.123504 0.387939
v 0.156060 0.121489 0.397999
v 0.168756 0.120112 0.382355
v 0.172175 0.119436 0.390440
v 0.192870 0.114769 0.380038
v 0.194839 0.114393 0.386384
v 0.213875 0.101907 0.379844
v 0.214645 0.100959 0.385380
v 0.214386 0.098103 0.390573
v 0.230577 0.086234 0.385335
v 0.229528 0.083878 0.389703
v 0.243795 0.072847 0.385519
v 0.242029 0.071463 0.389285
v 0.240141 0.069969 0.393732
v 0.253784 0.057661 0.389989
v 0.252338 0.056939 0.393863
v 0.249956 0.056174 0.400786
v 0.263586 0.042169 0.395337
v 0.260362 0.041374 0.404101
v 0.254217 0.041513 0.417401
v 0.267987 0.026767 0.408476
v 0.258766 0.028292 0.424293
v 0.248240 0.030644 0.441368
v 0.260927 0.014083 0.429548
v 0.249877 0.015385 0.447829
v 0.237859 0.016744 0.465628
v 0.237272 0.033010 0.459039
v 0.223593 0.017583 0.480965
v -0.031547 0.013986 0.391789
v -0.022680 0.013833 0.402359
v -0.027673 0.028229 0.389767
v -0.019806 0.028523 0.399349
v -0.021989 0.042601 0.386408
v -0.013992 0.043094 0.394916
v -0.015149 0.055964 0.382115
v -0.005776 0.055787 0.389925
v 0.001274 0.054987 0.395599
v 0.002850 0.066972 0.383223
v 0.010045 0.066467 0.388929
v 0.015941 0.064117 0.390357
v 0.020384 0.074762 0.379212
v 0.025274 0.072776 0.381388
v 0.028252 0.074708 0.383337
v 0.035289 0.076788 0.369470
v 0.036971 0.080765 0.370747
v 0.039313 0.085891 0.373500
v 0.047803 0.086699 0.358436
v 0.050628 0.092148 0.361211
v 0.055663 0.099161 0.366377
v 0.067826 0.097409 0.349819
v 0.073615 0.104692 0.354425
v 0.082502 0.113521 0.364050
v 0.094704 0.106133 0.343829
v 0.104372 0.115432 0.352865
v 0.113759 0.122611 0.366876
v 0.143058 0.123527 0.375943
v 0.165864 0.119134 0.373502
v 0.186474 0.107946 0.363933
v 0.190359 0.112197 0.373959
v 0.207889 0.096322 0.368164
v 0.211480 0.100075 0.374720
v 0.225711 0.082878 0.370952
v 0.228774 0.086094 0.375040
v 0.230762 0.087613 0.380116
v 0.243464 0.072912 0.375733
v 0.244850 0.074040 0.380829
v 0.256539 0.059327 0.376413
v 0.257102 0.059748 0.381706
v 0.255509 0.058675 0.386148
v 0.267685 0.044492 0.382541
v 0.266168 0.043799 0.386735
v 0.265049 0.043027 0.390325
v 0.277758 0.027393 0.384095
v 0.276523 0.026815 0.388869
v 0.273836 0.026388 0.396335
v 0.283012 0.011662 0.386825
v 0.279163 0.012037 0.397048
v 0.271209 0.012879 0.412226
v -0.068615 0.017219 0.374610
v -0.048316 0.015549 0.382072
v -0.064732 0.034126 0.372912
v -0.044731 0.030860 0.380880
v -0.058088 0.050129 0.369541
v -0.039057 0.045765 0.378027
v -0.049197 0.064761 0.365124
v -0.031228 0.059525 0.373714
v -0.037324 0.076917 0.358874
v -0.020818 0.071205 0.367814
v -0.006466 0.067245 0.375754
v -0.006976 0.079120 0.360199
v 0.004921 0.074469 0.366962
v 0.013215 0.075260 0.373312
v 0.017751 0.077985 0.356422
v 0.024965 0.079264 0.362300
v 0.031706 0.078115 0.367492
v 0.037922 0.081128 0.351963
v 0.042709 0.080669 0.355024
v 0.045460 0.082556 0.356611
v 0.057984 0.085330 0.344552
v 0.061007 0.088032 0.345508
v 0.064260 0.092070 0.347357
v 0.079562 0.090267 0.335891
v 0.082941 0.094096 0.337226
v 0.087490 0.098830 0.339583
v 0.099899 0.091051 0.328088
v 0.105005 0.095519 0.330050
v 0.112190 0.083402 0.319890
v 0.117654 0.087832 0.321898
v 0.121693 0.072280 0.312860
v 0.127471 0.076001 0.314712
v 0.135548 0.060729 0.308313
v 0.144980 0.063978 0.311041
v 0.129816 0.057928 0.306758
v 0.136826 0.039476 0.301962
v 0.142206 0.041551 0.303116
v 0.118055 0.069710 0.311711
v 0.126146 0.055580 0.305816
v 0.132923 0.037646 0.301325
v 0.137462 0.018793 0.298442
v 0.141216 0.019659 0.298867
v 0.122819 0.053489 0.305189
v 0.129657 0.036194 0.301066
v 0.134304 0.018042 0.298221
v 0.126693 0.034838 0.300922
v 0.131498 0.017323 0.297996
v 0.130189 0.016900 0.297800
v -0.106214 0.019826 0.349970
v -0.088132 0.018577 0.363483
v -0.101301 0.039319 0.348253
v -0.083747 0.036914 0.361707
v -0.094242 0.057978 0.345892
v -0.076316 0.053965 0.358283
v -0.083642 0.074644 0.341489
v -0.066764 0.069774 0.354218
v -0.070210 0.088926 0.335944
v -0.054083 0.083219 0.348470
v -0.054604 0.100475 0.329578
v -0.039053 0.093845 0.341969
v -0.022735 0.086332 0.351876
v -0.021756 0.100997 0.334814
v -0.005046 0.091994 0.344584
v 0.009002 0.083518 0.351177
v 0.009970 0.092956 0.336942
v 0.021487 0.084185 0.342605
v 0.031410 0.081303 0.347841
v 0.018808 0.092590 0.331493
v 0.005692 0.103070 0.321953
v 0.011366 0.102492 0.318507
v 0.025714 0.094683 0.329318
v -0.005263 0.103510 0.327853
v -0.020039 0.112921 0.315505
v -0.005710 0.113487 0.309140
v -0.037364 0.108720 0.322587
v -0.050940 0.115339 0.308918
v -0.032558 0.119858 0.301781
v -0.068699 0.106229 0.315497
v -0.080716 0.110470 0.299858
v -0.062545 0.120638 0.293880
v -0.085033 0.093812 0.321408
v -0.098011 0.097725 0.305627
v -0.108816 0.100463 0.289137
v -0.091220 0.114150 0.283983
v -0.099174 0.078716 0.326689
v -0.112493 0.081159 0.310168
v -0.124122 0.083479 0.293235
v -0.134076 0.086033 0.275510
v -0.118263 0.103113 0.272217
v -0.123470 0.062397 0.313605
v -0.136179 0.064430 0.296188
v -0.146250 0.066278 0.277167
v -0.154165 0.067649 0.257423
v -0.141814 0.087861 0.256249
v -0.145597 0.044110 0.298333
v -0.156075 0.045254 0.278546
v -0.163475 0.045832 0.258183
v -0.170158 0.046252 0.237338
v -0.160158 0.068184 0.237067
v -0.161651 0.022764 0.279555
v -0.168906 0.023020 0.258486
v -0.175258 0.023114 0.237205
v -0.178931 0.022738 0.214959
v -0.173403 0.045772 0.215412
v -0.179488 0.022070 0.191684
v -0.173293 0.019566 0.143705
v -0.177715 0.020985 0.168128
v -0.169430 0.042964 0.147730
v -0.172704 0.043961 0.170894
v -0.173926 0.044878 0.193277
v -0.164501 0.067518 0.174540
v -0.165415 0.067797 0.195273
v -0.163888 0.068068 0.216275
v -0.151872 0.088569 0.196713
v -0.150281 0.088387 0.216440
v -0.146829 0.088204 0.236248
v -0.135028 0.106790 0.215959
v -0.131788 0.106569 0.235229
v -0.126068 0.105290 0.254207
v -0.113682 0.120298 0.233082
v -0.107803 0.119173 0.250869
v -0.100160 0.117002 0.267758
v -0.088501 0.129794 0.246506
v -0.080860 0.127672 0.262487
v -0.072321 0.124630 0.278224
v -0.060495 0.135272 0.256831
v -0.052230 0.131429 0.272217
v -0.043099 0.126247 0.287303
v -0.031617 0.133999 0.266094
v -0.024239 0.127357 0.280849
v -0.015224 0.120971 0.295318
v -0.009878 0.127580 0.276376
v -0.004030 0.120198 0.290767
v 0.002578 0.112274 0.305176
v 0.001488 0.119235 0.288164
v 0.006665 0.111396 0.303303
v 0.015882 0.104247 0.317460
v 0.010534 0.114045 0.303131
v 0.020311 0.107402 0.317477
v 0.033876 0.099251 0.326538
v 0.030061 0.097216 0.328195
v 0.050010 0.091863 0.330872
v 0.037384 0.100877 0.324631
v 0.051907 0.093013 0.330239
v 0.069979 0.086712 0.330017
v 0.069197 0.086587 0.330083
v 0.086854 0.080672 0.324015
v 0.086717 0.081120 0.323736
v 0.086276 0.081526 0.323904
v 0.098942 0.072754 0.314476
v 0.099195 0.073253 0.314968
v 0.100526 0.074358 0.315998
v 0.086549 0.082216 0.324917
v 0.103089 0.075989 0.317007
v 0.089920 0.083177 0.325460
v 0.105859 0.078022 0.317938
v 0.093403 0.085222 0.326181
v 0.076143 0.087439 0.334954
v 0.096419 0.087713 0.327002
v 0.108582 0.080189 0.318937
v 0.114773 0.067217 0.310841
v 0.111865 0.065056 0.309839
v 0.119679 0.051529 0.304625
v 0.109385 0.063286 0.308693
v 0.117466 0.050177 0.304012
v 0.124930 0.033905 0.300863
v 0.116581 0.049732 0.302962
v 0.124911 0.033777 0.300475
v 0.130334 0.016798 0.297762
v 0.125865 0.034274 0.298989
v 0.130955 0.016911 0.296266
v 0.132198 0.017273 0.293437
v -0.137545 0.021676 0.318008
v -0.122269 0.020849 0.334517
v -0.132551 0.042808 0.316769
v -0.117409 0.041277 0.333177
v -0.109155 0.060234 0.329843
v -0.150750 0.022293 0.299435
v -0.158018 0.006153 0.094515
v -0.155354 0.005803 0.093432
v -0.164076 0.007022 0.098308
v -0.165966 0.013801 0.095261
v -0.158944 0.012189 0.091449
v -0.173377 0.007856 0.106563
v -0.176465 0.015316 0.103329
v -0.181691 0.022351 0.097395
v -0.169409 0.020577 0.089549
v -0.183098 0.008432 0.116784
v -0.187187 0.016415 0.113219
v -0.193905 0.024221 0.106716
v -0.203357 0.031047 0.096685
v -0.189175 0.028220 0.087937
v -0.197689 0.017974 0.124309
v -0.205703 0.026749 0.117177
v -0.217147 0.034577 0.106414
v -0.229143 0.039289 0.092848
v -0.213736 0.035498 0.083600
v -0.216565 0.030075 0.128932
v -0.229831 0.038306 0.117411
v -0.243463 0.042067 0.102961
v -0.254570 0.044108 0.086439
v -0.238968 0.041457 0.077120
v -0.242221 0.040912 0.128913
v -0.256368 0.044066 0.113206
v -0.268611 0.046307 0.096179
v -0.280333 0.047107 0.076892
v -0.264178 0.044923 0.068053
v -0.268553 0.045927 0.123577
v -0.280748 0.048447 0.106025
v -0.294459 0.048910 0.086155
v -0.308150 0.047260 0.065489
v -0.290433 0.045784 0.056074
v -0.292118 0.049758 0.116285
v -0.306264 0.050108 0.096191
v -0.323893 0.048261 0.077012
v -0.340538 0.044561 0.061452
v -0.319727 0.043206 0.046890
v -0.358143 0.045599 0.082621
v -0.374554 0.036725 0.074819
v -0.353467 0.035570 0.049570
v -0.368277 0.045398 0.110383
v -0.386648 0.036543 0.107259
v -0.398191 0.020758 0.105184
v -0.385130 0.021065 0.070028
v -0.367483 0.043777 0.139809
v -0.386148 0.034887 0.141864
v -0.397584 0.019772 0.142942
v -0.373759 0.033579 0.174142
v -0.383980 0.018837 0.178391
v -0.358629 0.018419 0.206486
v -0.361675 0.020226 0.042575
v -0.334246 0.018836 0.025133
v -0.328476 0.033820 0.033110
v -0.307127 0.016742 0.016181
v -0.303051 0.030966 0.024102
v -0.297479 0.041038 0.037473
v -0.278976 0.027093 0.019531
v -0.275084 0.037313 0.031445
v -0.270726 0.043297 0.048668
v -0.253518 0.032272 0.027445
v -0.250433 0.038862 0.042522
v -0.246219 0.041537 0.059872
v -0.230519 0.033656 0.037193
v -0.227487 0.036926 0.052802
v -0.222146 0.037394 0.068612
v -0.208485 0.032610 0.046436
v -0.204650 0.033407 0.060968
v -0.197736 0.032015 0.075263
v -0.186814 0.030295 0.054553
v -0.181618 0.029331 0.068226
v -0.175170 0.026055 0.080404
v -0.166472 0.027731 0.064048
v -0.163615 0.024355 0.076840
v -0.160812 0.018621 0.086214
v -0.156003 0.022627 0.075817
v -0.155361 0.016987 0.084767
v -0.155332 0.011313 0.090120
v -0.152195 0.015970 0.084201
v -0.153476 0.010731 0.089741
v -0.154375 0.005639 0.093020
v -0.152972 0.010743 0.089840
v -0.154449 0.005718 0.092890
v -0.154722 0.006390 0.094078
v -0.156863 0.008873 0.099444
v -0.158819 0.010768 0.104376
v -0.155554 0.007556 0.096247
v -0.153891 0.013915 0.093138
v -0.155037 0.016593 0.096269
v -0.153141 0.011942 0.090886
v -0.150293 0.017354 0.085285
v -0.150645 0.020312 0.087435
v -0.150633 0.015840 0.084289
v -0.147400 0.020538 0.075419
v -0.145536 0.022221 0.076435
v -0.150596 0.021144 0.075258
v -0.147813 0.024682 0.063689
v -0.142986 0.023840 0.064572
v -0.155441 0.026182 0.063045
v -0.154271 0.026817 0.048863
v -0.143324 0.025616 0.050368
v -0.169291 0.028307 0.050082
v -0.170972 0.026661 0.038452
v -0.153687 0.024989 0.037129
v -0.189488 0.029133 0.041510
v -0.190808 0.025650 0.029954
v -0.171766 0.023183 0.028706
v -0.210658 0.029243 0.032748
v -0.212137 0.023301 0.022078
v -0.191535 0.020298 0.021141
v -0.232843 0.027435 0.024312
v -0.234558 0.019141 0.015152
v -0.212977 0.016242 0.014910
v -0.256249 0.022974 0.016719
v -0.258454 0.011693 0.010108
v -0.235478 0.009814 0.009819
v -0.282055 0.014230 0.012056
v -0.213355 0.008429 0.010509
v -0.192131 0.007453 0.011633
v -0.191959 0.014258 0.015325
v -0.172088 0.006820 0.013198
v -0.172134 0.012950 0.016411
v -0.172064 0.018424 0.021430
v -0.153874 0.012278 0.018020
v -0.154030 0.017345 0.022511
v -0.153979 0.021553 0.028564
v -0.137245 0.016906 0.024436
v -0.137986 0.020902 0.030461
v -0.139771 0.023931 0.038587
v -0.125211 0.021134 0.034147
v -0.129540 0.023731 0.042423
v -0.136119 0.024904 0.052766
v -0.123829 0.023936 0.045673
v -0.131808 0.025288 0.055016
v -0.139482 0.025068 0.065898
v -0.128598 0.028926 0.056566
v -0.137428 0.029189 0.067497
v -0.144939 0.025980 0.078204
v -0.135338 0.034857 0.069699
v -0.144653 0.030747 0.080738
v -0.151281 0.023950 0.090073
v -0.143854 0.036303 0.084119
v -0.151932 0.028535 0.093592
v -0.156330 0.020014 0.100213
v -0.142174 0.044680 0.089933
v -0.142338 0.060254 0.097669
v -0.132948 0.040947 0.072545
v -0.120594 0.044823 0.060616
v -0.125276 0.034934 0.058013
v -0.116392 0.032611 0.049717
v -0.109806 0.045888 0.055089
v -0.120341 0.026341 0.047590
v -0.117264 0.022488 0.039189
v -0.112761 0.020139 0.033530
v -0.123301 0.017675 0.028134
v -0.122267 0.012761 0.023177
v -0.109877 0.014985 0.027446
v -0.137008 0.012123 0.020187
v -0.136845 0.006381 0.017319
v -0.121882 0.006840 0.019827
v -0.153661 0.006495 0.015018
v -0.235208 0.015349 0.189010
v -0.221329 0.013444 0.172374
v -0.252843 0.017026 0.204237
v -0.257511 0.031352 0.195306
v -0.240566 0.028876 0.180885
v -0.273776 0.017986 0.216427
v -0.277165 0.032379 0.206518
v -0.285325 0.040467 0.190136
v -0.267777 0.039760 0.180730
v -0.298458 0.018192 0.223386
v -0.327408 0.018229 0.221544
v -0.282237 0.043909 0.162425
v -0.267122 0.043621 0.152223
v -0.251899 0.038072 0.168266
v -0.299406 0.043754 0.170507
v -0.313405 0.045902 0.150926
v -0.295554 0.046908 0.143469
v -0.334323 0.044789 0.158061
v -0.356698 0.042626 0.166659
v -0.280861 0.047055 0.133973
v -0.254320 0.042627 0.140672
v -0.227427 0.033375 0.141723
v -0.238888 0.035933 0.154817
v -0.216975 0.022743 0.150826
v -0.227396 0.025702 0.165642
v -0.210736 0.011618 0.156446
v -0.207413 0.020086 0.136833
v -0.201550 0.010210 0.141699
v -0.192563 0.009167 0.128562
v -0.108652 0.008010 0.022726
v -0.097576 0.009854 0.025880
v -0.090857 0.011066 0.025880
v -0.086006 0.012582 0.024032
v -0.080248 0.013244 0.025818
v -0.072366 0.013156 0.031764
v -0.075579 0.013237 0.029092
v -0.074763 0.026118 0.037230
v -0.077991 0.026447 0.034071
v -0.084001 0.026692 0.030668
v -0.079809 0.040223 0.041351
v -0.086483 0.040164 0.038019
v -0.080108 0.053136 0.050469
v -0.085456 0.054252 0.046712
v -0.092944 0.052578 0.046919
v -0.081086 0.067377 0.056004
v -0.087913 0.068387 0.054997
v -0.093246 0.067482 0.056590
v -0.098472 0.048834 0.049564
v -0.097796 0.066086 0.059003
v -0.102594 0.046409 0.053101
v -0.083802 0.086330 0.062279
v -0.088604 0.086586 0.064983
v -0.069428 0.106982 0.066044
v -0.073866 0.108666 0.069475
v -0.054150 0.127008 0.080592
v -0.057103 0.126945 0.086016
v -0.058725 0.125456 0.091599
v -0.042406 0.135730 0.108466
v -0.043492 0.132842 0.111477
v -0.044638 0.131767 0.113857
v -0.059979 0.124497 0.095703
v -0.046748 0.132635 0.116618
v -0.062669 0.125110 0.100203
v -0.050444 0.134035 0.121158
v -0.066462 0.126705 0.106995
v -0.084693 0.116969 0.099231
v -0.106620 0.107614 0.103038
v -0.073719 0.128591 0.122281
v -0.089554 0.121676 0.118372
v -0.108215 0.113879 0.120910
v -0.095942 0.124929 0.138686
v -0.112288 0.117525 0.139752
v -0.128727 0.105964 0.142535
v -0.116290 0.119185 0.158646
v -0.132642 0.106719 0.159887
v -0.148765 0.089284 0.159124
v -0.144564 0.090172 0.142328
v -0.161040 0.067296 0.154528
v -0.155722 0.068009 0.135918
v -0.150873 0.088476 0.177458
v -0.135231 0.106661 0.178100
v -0.136044 0.106606 0.196829
v -0.118844 0.120006 0.177364
v -0.119313 0.120479 0.196026
v -0.117534 0.120610 0.214691
v -0.102180 0.129734 0.195076
v -0.099563 0.130454 0.212803
v -0.094862 0.130636 0.229953
v -0.080555 0.137448 0.210387
v -0.074799 0.138036 0.226018
v -0.067996 0.137461 0.241496
v -0.053248 0.142266 0.221046
v -0.045824 0.141425 0.235734
v -0.039327 0.138834 0.250985
v -0.025364 0.141799 0.230136
v -0.019916 0.139230 0.245577
v -0.014458 0.134433 0.261234
v -0.005107 0.138695 0.241850
v -0.003870 0.134070 0.258480
v -0.001967 0.127170 0.273681
v 0.003806 0.133939 0.256716
v 0.004263 0.127693 0.272063
v 0.006121 0.120432 0.287014
v 0.009455 0.132700 0.273175
v 0.010238 0.125320 0.288426
v 0.015055 0.117492 0.303445
v 0.017613 0.128530 0.289122
v 0.021771 0.118595 0.302149
v 0.030710 0.110962 0.314367
v 0.025629 0.109855 0.316397
v 0.040221 0.102104 0.323883
v 0.033447 0.111399 0.313416
v 0.042466 0.103511 0.324289
v 0.055604 0.096286 0.330786
v 0.053631 0.094375 0.330275
v 0.072160 0.089555 0.330539
v 0.070831 0.087712 0.330122
v 0.088091 0.082839 0.324031
v 0.087176 0.081252 0.323940
v 0.099017 0.072698 0.314035
v 0.106574 0.062980 0.303526
v 0.106466 0.061606 0.305929
v 0.116934 0.050366 0.301199
v 0.107622 0.062049 0.307484
v 0.117516 0.051958 0.298997
v 0.118924 0.053828 0.295790
v 0.128690 0.037079 0.292906
v 0.127101 0.035897 0.296188
v 0.133618 0.017581 0.290280
v 0.130684 0.038173 0.288356
v 0.135333 0.018000 0.285827
v 0.137645 0.018636 0.277927
v -0.064271 0.014605 0.032537
v -0.068789 0.013523 0.032877
v -0.066917 0.028641 0.038075
v -0.071377 0.026910 0.038348
v -0.068309 0.042327 0.045095
v -0.073651 0.040574 0.045439
v -0.076913 0.039415 0.045049
v -0.073942 0.053391 0.053381
v -0.077618 0.052159 0.053730
v -0.069209 0.066186 0.061077
v -0.074599 0.065053 0.061781
v -0.077711 0.065616 0.059726
v -0.063264 0.077421 0.069362
v -0.066778 0.079563 0.065994
v -0.071044 0.082229 0.062127
v -0.052526 0.096292 0.067022
v -0.057309 0.099847 0.063422
v -0.064073 0.104305 0.062909
v -0.077469 0.085058 0.060564
v -0.045369 0.123682 0.072477
v -0.050611 0.125985 0.075843
v -0.032446 0.139756 0.093554
v -0.036165 0.139909 0.097659
v -0.039417 0.138845 0.102777
v -0.018804 0.143952 0.121272
v -0.021858 0.142287 0.124386
v -0.025901 0.139010 0.127834
v -0.010589 0.145077 0.147292
v -0.015066 0.143130 0.149527
v -0.028206 0.135860 0.130547
v -0.018500 0.138975 0.152261
v -0.029506 0.133794 0.132592
v -0.021082 0.136577 0.154172
v -0.032405 0.134894 0.135080
v -0.024358 0.137866 0.156514
v -0.035973 0.136556 0.138446
v -0.029355 0.139450 0.159993
v -0.041732 0.138223 0.143823
v -0.057196 0.135112 0.130178
v -0.080554 0.130711 0.140901
v -0.085183 0.132629 0.160046
v -0.100326 0.126954 0.158383
v -0.086339 0.134424 0.177860
v -0.102336 0.128436 0.177047
v -0.084677 0.136213 0.194436
v -0.066331 0.140544 0.192595
v -0.060090 0.141832 0.206690
v -0.047279 0.142324 0.187459
v -0.039456 0.142903 0.201051
v -0.031769 0.143034 0.215277
v -0.022343 0.142117 0.195575
v -0.014823 0.142241 0.210539
v -0.009279 0.141181 0.225861
v -0.005291 0.140507 0.207618
v 0.000269 0.139425 0.223182
v 0.003231 0.137434 0.239622
v 0.006727 0.143769 0.221535
v 0.009841 0.142328 0.238322
v 0.010090 0.138631 0.256212
v 0.019948 0.145690 0.236567
v 0.019407 0.142381 0.255137
v 0.017639 0.137094 0.273900
v 0.028071 0.138080 0.252108
v 0.025568 0.134769 0.271913
v 0.023853 0.127345 0.287127
v 0.029536 0.132660 0.270288
v 0.027241 0.128028 0.286592
v 0.028134 0.120921 0.301532
v 0.025605 0.118516 0.300948
v 0.035676 0.113681 0.314193
v 0.031329 0.124954 0.302774
v 0.038435 0.117302 0.315875
v 0.048044 0.109855 0.327302
v 0.044731 0.105957 0.325496
v 0.061198 0.102698 0.332902
v 0.057920 0.098951 0.331701
v 0.076414 0.094875 0.331992
v 0.073880 0.091913 0.331230
v 0.090823 0.086960 0.325444
v 0.089101 0.084834 0.324642
v 0.102026 0.079747 0.314397
v 0.093779 0.089652 0.326306
v 0.104265 0.081832 0.315623
v 0.111266 0.077586 0.302163
v 0.109033 0.075708 0.300526
v 0.116175 0.077554 0.288638
v 0.114474 0.076214 0.287361
v 0.121005 0.079494 0.274174
v 0.121617 0.076907 0.274450
v 0.123969 0.072003 0.275171
v 0.126760 0.078489 0.259442
v 0.129405 0.073466 0.259431
v 0.132514 0.066303 0.258901
v 0.127026 0.065028 0.275227
v 0.136231 0.055994 0.257709
v 0.131355 0.055471 0.274068
v 0.125934 0.055433 0.284416
v 0.136864 0.038995 0.270671
v 0.133535 0.038613 0.281059
v 0.121473 0.054900 0.291682
v 0.140446 0.019282 0.266865
v 0.140644 0.039023 0.255287
v 0.143668 0.019668 0.253290
v 0.143130 0.038797 0.238204
v 0.146108 0.019715 0.236736
v 0.147196 0.019531 0.219667
v 0.144319 0.019543 0.166065
v 0.140384 0.019795 0.147318
v 0.146611 0.019400 0.184378
v 0.144213 0.038190 0.185967
v 0.142018 0.038402 0.167622
v 0.147496 0.019402 0.202239
v 0.144853 0.038154 0.203777
v 0.140712 0.055715 0.206315
v 0.140221 0.055880 0.188721
v 0.144330 0.038388 0.221040
v 0.140333 0.055821 0.223225
v 0.135501 0.070292 0.225799
v 0.135280 0.071482 0.209891
v 0.139081 0.056049 0.240201
v 0.134904 0.068554 0.241837
v 0.131030 0.077423 0.243239
v 0.128144 0.082383 0.244180
v 0.126221 0.084866 0.244539
v 0.125065 0.081272 0.259165
v 0.126345 0.082836 0.259209
v 0.126292 0.086369 0.244674
v 0.123807 0.080688 0.274825
v 0.119166 0.079079 0.290141
v 0.123040 0.081277 0.291571
v 0.127801 0.082626 0.275814
v 0.129661 0.084481 0.259487
v 0.132709 0.085355 0.276353
v 0.133554 0.086634 0.259683
v 0.132493 0.089819 0.244569
v 0.128714 0.087616 0.244548
v 0.129968 0.095314 0.232653
v 0.125875 0.092504 0.232613
v 0.123921 0.091416 0.232776
v 0.119939 0.100908 0.223212
v 0.118404 0.099304 0.223183
v 0.108635 0.112855 0.217765
v 0.106170 0.110692 0.217046
v 0.094330 0.123009 0.217628
v 0.091528 0.119780 0.217289
v 0.089761 0.119014 0.214524
v 0.073272 0.123901 0.219308
v 0.070752 0.125702 0.214642
v 0.088525 0.120744 0.209556
v 0.075538 0.126274 0.221576
v 0.078816 0.131412 0.221607
v 0.067132 0.140032 0.229129
v 0.061084 0.131318 0.228024
v 0.058853 0.126369 0.227061
v 0.051111 0.136706 0.237589
v 0.055330 0.126687 0.222461
v 0.052359 0.128264 0.216069
v 0.067880 0.127376 0.208247
v 0.049028 0.130457 0.206366
v 0.064398 0.129188 0.200049
v 0.083902 0.124610 0.193268
v 0.086929 0.122615 0.202933
v 0.102202 0.115454 0.187424
v 0.104810 0.113441 0.200970
v 0.115927 0.102646 0.183254
v 0.118878 0.100077 0.200279
v 0.125276 0.088754 0.179069
v 0.127254 0.087301 0.196692
v 0.133009 0.073243 0.174401
v 0.134529 0.072384 0.192470
v 0.138419 0.056231 0.170414
v 0.129663 0.074535 0.156164
v 0.134880 0.057030 0.151473
v 0.138315 0.038946 0.148605
v 0.127817 0.058573 0.133553
v 0.130899 0.039873 0.130692
v 0.132871 0.020139 0.129670
v 0.124323 0.020503 0.113676
v 0.115732 0.020590 0.098775
v 0.105447 0.019868 0.084972
v 0.091853 0.018753 0.073166
v 0.077450 0.018302 0.061970
v 0.090080 0.036083 0.073705
v 0.076150 0.034213 0.063179
v 0.060780 0.033379 0.054509
v 0.061572 0.018508 0.052723
v 0.044857 0.018859 0.045032
v -0.047188 0.017054 0.030922
v -0.058656 0.015819 0.031760
v -0.048712 0.032866 0.036678
v -0.060950 0.030695 0.037453
v -0.047167 0.045224 0.043174
v -0.061113 0.044229 0.044490
v -0.043269 0.054136 0.048831
v -0.058022 0.054698 0.051068
v -0.067425 0.054358 0.052412
v -0.052737 0.064170 0.057482
v -0.061170 0.065918 0.059670
v -0.038899 0.061086 0.053426
v -0.033727 0.066568 0.056991
v -0.018769 0.062016 0.052473
v -0.016812 0.064969 0.054667
v -0.030213 0.070127 0.059240
v -0.021787 0.057288 0.049289
v -0.005236 0.054435 0.047597
v -0.003479 0.059073 0.050414
v -0.025309 0.051350 0.045736
v -0.007541 0.048950 0.044511
v 0.010181 0.048092 0.045135
v 0.011454 0.053612 0.047879
v -0.028422 0.044013 0.041564
v -0.009790 0.042408 0.041030
v 0.009045 0.041993 0.042273
v 0.027118 0.042070 0.044723
v 0.027628 0.048671 0.047213
v -0.010851 0.034127 0.037342
v 0.008489 0.034286 0.039244
v 0.026846 0.033652 0.042080
v 0.044346 0.033181 0.047342
v 0.044160 0.042107 0.049362
v 0.008995 0.019477 0.035221
v 0.027248 0.019220 0.039027
v -0.009751 0.019068 0.032701
v -0.028961 0.017892 0.031237
v -0.030076 0.033621 0.036550
v 0.060005 0.043394 0.056095
v 0.059404 0.050560 0.057523
v 0.044110 0.049146 0.051286
v 0.058787 0.055681 0.058923
v 0.043963 0.054576 0.053311
v 0.028084 0.054054 0.049643
v 0.043869 0.057944 0.054986
v 0.028364 0.057923 0.051966
v 0.012347 0.058081 0.050562
v 0.028658 0.059804 0.051956
v 0.012787 0.060471 0.051511
v -0.002568 0.061838 0.052086
v 0.013028 0.061548 0.048741
v -0.002224 0.063408 0.049758
v -0.016287 0.067167 0.052038
v -0.001898 0.065917 0.045539
v -0.015620 0.070242 0.047914
v -0.027782 0.077371 0.051583
v -0.029103 0.073412 0.056053
v -0.037031 0.087247 0.055451
v -0.026094 0.081333 0.046149
v -0.034395 0.092355 0.049276
v -0.039025 0.109729 0.053060
v -0.041544 0.104438 0.059349
v -0.036470 0.132516 0.060685
v -0.037883 0.127929 0.067810
v -0.038632 0.124395 0.071300
v -0.027544 0.146999 0.081791
v -0.028192 0.142333 0.087775
v -0.028035 0.138600 0.091045
v -0.039765 0.120536 0.074504
v -0.027821 0.137620 0.091885
v -0.039874 0.119993 0.073472
v -0.027703 0.137638 0.091354
v -0.039058 0.119938 0.072970
v -0.049440 0.094251 0.070320
v -0.040722 0.120676 0.072542
v -0.028842 0.138464 0.091577
v -0.013404 0.144523 0.115279
v -0.014727 0.144501 0.116528
v -0.016810 0.144537 0.118701
v 0.000714 0.143385 0.139927
v 0.001891 0.145691 0.137769
v 0.022339 0.142076 0.150037
v 0.021464 0.138966 0.153244
v 0.044441 0.137259 0.150216
v 0.044284 0.133397 0.154174
v 0.064112 0.130342 0.145698
v 0.064649 0.127518 0.148882
v 0.065906 0.127059 0.151910
v 0.080386 0.119723 0.141343
v 0.082712 0.119622 0.144586
v 0.086688 0.119838 0.149871
v 0.068035 0.127609 0.156940
v 0.091759 0.119432 0.158106
v 0.072240 0.127782 0.165033
v 0.097532 0.117837 0.171989
v 0.078333 0.126638 0.179078
v 0.058456 0.131200 0.186078
v 0.042832 0.132742 0.190843
v 0.032627 0.132959 0.194169
v 0.038990 0.130526 0.210356
v 0.032259 0.130585 0.212840
v 0.026304 0.133101 0.196332
v 0.018043 0.134659 0.180393
v 0.028618 0.135319 0.214704
v 0.023438 0.138971 0.197660
v 0.015552 0.142387 0.181232
v 0.001161 0.146220 0.166302
v 0.006805 0.140030 0.164826
v 0.018967 0.147295 0.199754
v 0.007466 0.149160 0.184277
v -0.007837 0.146234 0.170215
v -0.001620 0.146103 0.188386
v -0.011416 0.141000 0.172539
v -0.005687 0.140172 0.190296
v -0.015045 0.138744 0.174419
v -0.012019 0.140585 0.192286
v -0.020089 0.140112 0.176522
v -0.030439 0.141414 0.180825
v 0.001434 0.143002 0.205583
v 0.008714 0.148576 0.203385
v 0.016096 0.148301 0.219714
v 0.025642 0.143719 0.216823
v 0.028809 0.139642 0.233167
v 0.106297 0.107765 0.151144
v 0.111795 0.105113 0.166574
v 0.116653 0.093320 0.145036
v 0.121804 0.090610 0.161596
v 0.123427 0.076718 0.138972
v 0.109765 0.096236 0.132066
v 0.100164 0.109750 0.140689
v 0.095550 0.110549 0.135062
v 0.104074 0.098336 0.124964
v 0.092313 0.110912 0.131628
v 0.099476 0.099817 0.120722
v 0.090474 0.112256 0.128666
v 0.097008 0.100865 0.118206
v 0.099421 0.087885 0.107135
v 0.097036 0.102985 0.115436
v 0.098615 0.089794 0.104557
v 0.097066 0.078584 0.093867
v 0.098362 0.075848 0.095671
v 0.092008 0.070658 0.084386
v 0.093131 0.067604 0.085031
v 0.083189 0.064897 0.075134
v 0.084158 0.062124 0.074946
v 0.085653 0.057769 0.074492
v 0.072497 0.058228 0.066084
v 0.073569 0.053517 0.065083
v 0.074791 0.046011 0.064193
v 0.087733 0.049502 0.074077
v 0.071697 0.061178 0.066967
v 0.058246 0.058833 0.060119
v 0.072383 0.062845 0.065688
v 0.058835 0.060726 0.058847
v 0.044186 0.059991 0.054347
v 0.060032 0.062990 0.055727
v 0.044930 0.062011 0.051200
v 0.029061 0.061294 0.048933
v 0.045854 0.064876 0.047214
v 0.029616 0.064017 0.044670
v 0.013353 0.064075 0.044357
v 0.030242 0.066806 0.040163
v 0.013669 0.066671 0.039785
v -0.001589 0.068412 0.041171
v 0.013975 0.069327 0.033743
v -0.001262 0.071117 0.034902
v -0.013719 0.076788 0.035825
v -0.014781 0.073279 0.043439
v -0.023773 0.086023 0.036932
v -0.012834 0.079820 0.024203
v -0.021899 0.089972 0.024229
v -0.028739 0.103919 0.025509
v -0.031160 0.098513 0.038623
v -0.032353 0.121884 0.028963
v -0.035587 0.116099 0.041962
v -0.029878 0.141587 0.033872
v -0.033342 0.137902 0.048560
v -0.019223 0.159439 0.038388
v -0.021518 0.157441 0.055209
v -0.024694 0.152879 0.070577
v -0.004421 0.171157 0.060853
v -0.007184 0.166795 0.079094
v -0.010868 0.161235 0.094788
v 0.011747 0.173831 0.085368
v 0.008990 0.167881 0.103215
v 0.005767 0.161307 0.118309
v -0.013271 0.154439 0.105821
v 0.003821 0.154390 0.128248
v -0.013936 0.148611 0.111777
v 0.002982 0.149161 0.134327
v -0.013760 0.145623 0.114283
v 0.024981 0.152470 0.137088
v 0.023802 0.146486 0.145049
v 0.044868 0.146837 0.139278
v 0.044576 0.141415 0.145875
v 0.063925 0.139630 0.136012
v 0.063980 0.134283 0.141957
v 0.079761 0.130449 0.129404
v 0.079537 0.125570 0.134645
v 0.079378 0.121903 0.138095
v 0.090802 0.115128 0.125587
v 0.091572 0.119402 0.121166
v 0.098718 0.106312 0.111666
v 0.092312 0.125607 0.112846
v 0.100737 0.111386 0.105154
v 0.103075 0.096363 0.095972
v 0.100449 0.092314 0.101310
v 0.100274 0.084340 0.086529
v 0.098130 0.081044 0.091168
v 0.094423 0.075565 0.078228
v 0.092762 0.072862 0.082195
v 0.085476 0.068756 0.070687
v 0.083963 0.066729 0.073729
v 0.073816 0.064862 0.062750
v 0.087390 0.072670 0.065036
v 0.075432 0.068375 0.058256
v 0.061308 0.066199 0.051794
v 0.076987 0.073068 0.051620
v 0.062694 0.069935 0.046764
v 0.046926 0.068013 0.042575
v 0.064148 0.075275 0.037561
v 0.048266 0.072423 0.034705
v 0.031019 0.070181 0.033264
v 0.048783 0.076865 0.023628
v 0.031580 0.073852 0.023547
v 0.014472 0.072572 0.023772
v 0.031705 0.076535 0.015404
v 0.014991 0.075276 0.014129
v -0.000075 0.076362 0.013123
v -0.000750 0.074123 0.024046
v -0.012119 0.081732 0.013182
v 0.000810 0.078903 0.005894
v -0.010834 0.084032 0.005503
v -0.019517 0.094174 0.006486
v -0.020906 0.092253 0.013857
v -0.025242 0.108442 0.007834
v -0.027074 0.106851 0.015179
v -0.027320 0.125292 0.008911
v -0.029614 0.124685 0.017182
v -0.025679 0.143406 0.009202
v -0.027194 0.143196 0.019905
v -0.015741 0.160296 0.012123
v -0.017053 0.160010 0.023262
v -0.023624 0.142290 0.002896
v -0.014385 0.159479 0.004139
v 0.000864 0.169809 0.007314
v -0.010769 0.155558 -0.000849
v 0.003649 0.165403 0.000447
v 0.018428 0.171881 -0.000040
v 0.015128 0.176909 0.006408
v 0.029969 0.177819 -0.001516
v 0.025639 0.182538 0.002752
v 0.023007 0.165785 -0.002223
v 0.007289 0.159047 -0.002148
v 0.011150 0.153081 -0.002453
v 0.016277 0.146686 -0.002530
v -0.005932 0.149833 -0.002306
v -0.012902 0.137785 -0.002284
v -0.019099 0.140099 -0.001114
v -0.019663 0.124600 -0.000788
v -0.014016 0.124416 -0.002207
v -0.024630 0.124932 0.003461
v -0.022634 0.109405 0.002818
v -0.018091 0.110475 -0.000873
v -0.013926 0.097802 -0.000802
v -0.012577 0.111822 -0.002194
v -0.017266 0.095856 0.002029
v -0.008950 0.086696 0.001291
v -0.006724 0.089641 -0.000918
v 0.002742 0.086493 -0.000999
v 0.001686 0.082044 0.001593
v 0.015295 0.081221 0.002021
v 0.015164 0.086633 -0.001229
v 0.015299 0.077708 0.007281
v 0.031530 0.078916 0.008318
v 0.030938 0.082721 0.002055
v 0.046697 0.085112 0.001666
v 0.045451 0.091631 -0.001945
v 0.030019 0.088714 -0.001495
v 0.047604 0.081475 0.008311
v 0.063095 0.084910 0.007667
v 0.061551 0.088291 0.001373
v 0.048271 0.079362 0.015501
v 0.064340 0.083239 0.014522
v 0.076865 0.086924 0.014212
v 0.075783 0.088090 0.006990
v 0.064844 0.080536 0.024323
v 0.077537 0.084092 0.026204
v 0.086878 0.088091 0.028031
v 0.085925 0.090431 0.015163
v 0.077721 0.078818 0.040495
v 0.088753 0.083638 0.042936
v 0.096604 0.090709 0.044891
v 0.093717 0.094419 0.029177
v 0.088683 0.078069 0.055594
v 0.097354 0.085294 0.059175
v 0.103873 0.096400 0.063182
v 0.101949 0.101035 0.046845
v 0.096206 0.079587 0.071213
v 0.102854 0.089837 0.077900
v 0.105728 0.103372 0.084976
v 0.106371 0.110695 0.068042
v 0.102545 0.127306 0.074104
v 0.100716 0.132917 0.055630
v 0.104284 0.115562 0.050264
v 0.102430 0.119585 0.091839
v 0.092790 0.134180 0.097842
v 0.093066 0.142624 0.080210
v 0.080455 0.155405 0.085662
v 0.079652 0.162337 0.066140
v 0.091777 0.149073 0.061292
v 0.079893 0.146397 0.103179
v 0.064643 0.156683 0.107619
v 0.065446 0.165680 0.089718
v 0.079845 0.137616 0.119065
v 0.064090 0.147798 0.124011
v 0.045766 0.155056 0.126061
v 0.047051 0.163717 0.109611
v 0.028575 0.167669 0.108181
v 0.030603 0.175351 0.089789
v 0.048485 0.172439 0.091307
v 0.026549 0.159718 0.124544
v 0.031988 0.180886 0.069803
v 0.048898 0.178661 0.070759
v 0.065034 0.172402 0.069431
v 0.047895 0.181157 0.050199
v 0.062967 0.175295 0.048976
v 0.076922 0.165505 0.046621
v 0.088320 0.152516 0.042991
v 0.013967 0.178625 0.066267
v 0.092210 0.095981 0.015982
v 0.093529 0.096217 0.008799
v 0.086152 0.090926 0.007433
v 0.074340 0.090863 0.001110
v 0.072784 0.096924 -0.002347
v 0.060073 0.094884 -0.002135
v 0.071406 0.105001 -0.002929
v 0.058676 0.102887 -0.002713
v 0.044275 0.099477 -0.002558
v 0.057452 0.112127 -0.002648
v 0.043211 0.108063 -0.002602
v 0.028386 0.104483 -0.002533
v 0.029104 0.095981 -0.002398
v 0.014787 0.100987 -0.002428
v 0.015100 0.093232 -0.002263
v 0.027640 0.114137 -0.002591
v 0.013899 0.110011 -0.002532
v 0.025065 0.126754 -0.002603
v 0.012023 0.121131 -0.002563
v 0.000801 0.116367 -0.002475
v -0.006712 0.113706 -0.002380
v 0.020632 0.138716 -0.002583
v 0.036186 0.144832 -0.002534
v 0.039376 0.133191 -0.002571
v 0.054209 0.138436 -0.002453
v 0.052351 0.149508 -0.002365
v 0.041905 0.118911 -0.002605
v 0.055898 0.124267 -0.002547
v 0.068273 0.129112 -0.002409
v 0.069763 0.115838 -0.002628
v 0.079629 0.118161 -0.002373
v 0.079003 0.132042 -0.002284
v 0.086621 0.118794 -0.001246
v 0.093035 0.118598 0.002658
v 0.062257 0.148184 0.239562
v 0.061225 0.155322 0.254273
v 0.046470 0.144221 0.252955
v 0.062462 0.158475 0.271914
v 0.046604 0.148569 0.272037
v 0.036660 0.139673 0.270656
v 0.049282 0.147874 0.290438
v 0.036655 0.138222 0.288992
v 0.030147 0.131532 0.287442
v 0.032999 0.133951 0.267546
v 0.039404 0.132637 0.305022
v 0.053571 0.143085 0.306752
v 0.059920 0.135605 0.320461
v 0.045438 0.125058 0.318773
v 0.067843 0.126493 0.330501
v 0.054702 0.116690 0.329589
v 0.076862 0.115762 0.334921
v 0.066902 0.108331 0.334240
v 0.088134 0.104025 0.333086
v 0.080738 0.098911 0.332694
v 0.098964 0.092890 0.326814
v 0.099126 0.109590 0.333225
v 0.107403 0.097164 0.326996
v 0.114036 0.088008 0.317409
v 0.107872 0.084476 0.316607
v 0.119110 0.082854 0.305099
v 0.114461 0.079892 0.303706
v 0.123964 0.093190 0.317655
v 0.126604 0.087226 0.306227
v 0.129569 0.085131 0.292270
v 0.138157 0.093870 0.305291
v 0.137570 0.089816 0.292278
v 0.138315 0.088554 0.276443
v 0.151076 0.098266 0.289454
v 0.148901 0.095031 0.275025
v 0.148532 0.095716 0.258603
v 0.138987 0.089887 0.259648
v 0.148395 0.099502 0.244675
v 0.138546 0.093613 0.244718
v 0.147018 0.106043 0.234084
v 0.136342 0.099679 0.233112
v 0.143388 0.116245 0.226384
v 0.131353 0.109369 0.224570
v 0.124235 0.104381 0.223718
v 0.122006 0.122509 0.219462
v 0.113250 0.116608 0.218536
v 0.111867 0.136315 0.219334
v 0.099996 0.128458 0.218140
v 0.105317 0.148017 0.222905
v 0.087854 0.139724 0.222021
v 0.101308 0.157749 0.229559
v 0.082771 0.149769 0.229147
v 0.098856 0.165111 0.239324
v 0.080186 0.158149 0.239502
v 0.098005 0.170314 0.252396
v 0.079275 0.164215 0.253635
v 0.099269 0.172192 0.268113
v 0.080519 0.166550 0.270402
v 0.102306 0.170380 0.284675
v 0.083933 0.164857 0.287659
v 0.065903 0.157238 0.289800
v 0.089172 0.159619 0.303287
v 0.071148 0.152282 0.305913
v 0.095705 0.151876 0.316282
v 0.077910 0.144633 0.319301
v 0.102698 0.141917 0.325800
v 0.085412 0.135066 0.328889
v 0.109393 0.129222 0.330455
v 0.092473 0.123379 0.333450
v 0.115030 0.115540 0.330509
v 0.125745 0.135968 0.325659
v 0.131385 0.122740 0.325953
v 0.135547 0.110524 0.322505
v 0.119904 0.102681 0.326294
v 0.137947 0.100715 0.315590
v 0.150742 0.119786 0.315844
v 0.152925 0.110370 0.309678
v 0.152759 0.103094 0.300418
v 0.165992 0.119351 0.302885
v 0.178083 0.127031 0.297558
v 0.146749 0.131235 0.319041
v 0.141314 0.143372 0.318549
v 0.134924 0.154307 0.313960
v 0.149391 0.159593 0.306687
v 0.119234 0.148147 0.320706
v 0.112844 0.157739 0.311733
v 0.129161 0.162801 0.306024
v 0.124540 0.169306 0.295423
v 0.141785 0.172081 0.290856
v 0.144844 0.166856 0.299893
v 0.106986 0.165243 0.299617
v 0.120826 0.174114 0.281484
v 0.118311 0.176054 0.265727
v 0.137581 0.178101 0.264600
v 0.139350 0.176078 0.278531
v 0.157269 0.175897 0.276870
v 0.157944 0.173833 0.287218
v 0.168843 0.174888 0.276389
v 0.159038 0.169959 0.295378
v 0.176882 0.172709 0.276215
v 0.182128 0.166138 0.276640
v 0.184564 0.157691 0.276581
v 0.184414 0.159933 0.283890
v 0.186973 0.151467 0.283274
v 0.187454 0.149125 0.276254
v 0.190547 0.141367 0.275994
v 0.191241 0.143669 0.282653
v 0.189568 0.146489 0.267862
v 0.192407 0.138981 0.268359
v 0.191172 0.134211 0.276648
v 0.193127 0.145068 0.261276
v 0.196307 0.137671 0.262606
v 0.195815 0.144505 0.255230
v 0.192584 0.152273 0.246760
v 0.195286 0.142940 0.247868
v 0.187647 0.150979 0.241498
v 0.190549 0.140071 0.242678
v 0.180374 0.148639 0.237459
v 0.182954 0.136597 0.238797
v 0.185172 0.127122 0.241974
v 0.184973 0.120877 0.247635
v 0.171914 0.131440 0.234141
v 0.173473 0.122185 0.238273
v 0.174035 0.115913 0.245933
v 0.160241 0.114527 0.235672
v 0.161432 0.108032 0.245104
v 0.161970 0.104928 0.257152
v 0.163330 0.105042 0.270723
v 0.158038 0.124421 0.229659
v 0.168391 0.143728 0.231919
v 0.152784 0.137338 0.226174
v 0.136475 0.130090 0.221916
v 0.147314 0.150175 0.226160
v 0.129523 0.143864 0.221905
v 0.143118 0.160461 0.228707
v 0.124463 0.155036 0.225127
v 0.139764 0.168996 0.234146
v 0.120622 0.164269 0.231447
v 0.137733 0.174537 0.242420
v 0.118392 0.170445 0.240330
v 0.137017 0.177490 0.252429
v 0.117425 0.174540 0.251592
v 0.156697 0.172575 0.237216
v 0.159898 0.164923 0.233102
v 0.174888 0.169481 0.237890
v 0.171878 0.176267 0.241171
v 0.178127 0.160630 0.237361
v 0.187140 0.162949 0.241922
v 0.163736 0.155652 0.231620
v 0.192238 0.162520 0.246978
v 0.193489 0.136824 0.282548
v 0.191916 0.145484 0.288998
v 0.146520 0.020790 0.299772
v 0.154689 0.022191 0.301679
v 0.150875 0.043931 0.305396
v 0.165622 0.023199 0.304589
v 0.163628 0.045873 0.309085
v 0.160450 0.066909 0.316091
v 0.179592 0.046104 0.314248
v 0.179327 0.066812 0.322573
v 0.179562 0.084782 0.333745
v 0.197283 0.063081 0.329342
v 0.200289 0.078789 0.341246
v 0.204079 0.090311 0.355259
v 0.181043 0.099014 0.347408
v 0.217536 0.070042 0.347898
v 0.222034 0.078577 0.360625
v 0.232806 0.059670 0.353740
v 0.237211 0.066301 0.364597
v 0.240507 0.070176 0.372666
v 0.250863 0.054192 0.367797
v 0.253726 0.057057 0.373245
v 0.262991 0.040798 0.369239
v 0.265787 0.043149 0.372970
v 0.268215 0.044698 0.377488
v 0.277323 0.028462 0.370477
v 0.278876 0.028424 0.375388
v 0.278608 0.027854 0.379992
v 0.286684 0.012966 0.369125
v 0.286207 0.012107 0.374082
v 0.284943 0.011693 0.379837
v 0.179881 0.023429 0.309087
v 0.194612 0.022504 0.314845
v 0.195540 0.043890 0.320378
v 0.208968 0.020543 0.321585
v 0.210679 0.039950 0.327193
v 0.213539 0.056932 0.336094
v 0.224870 0.034885 0.334504
v 0.228226 0.049286 0.343027
v 0.238484 0.029266 0.341836
v 0.242037 0.041205 0.349635
v 0.246806 0.049258 0.358825
v 0.260024 0.037568 0.362637
v 0.270994 0.024027 0.362657
v 0.274299 0.026671 0.366709
v 0.278580 0.012205 0.357497
v 0.282773 0.013973 0.359800
v 0.285826 0.013971 0.364217
v 0.222823 0.017958 0.329107
v 0.236286 0.014931 0.336947
v 0.073922 0.159529 -0.000986
v 0.055491 0.175012 0.004516
v 0.048965 0.179663 0.001936
vn -0.0087 -0.0019 -1.0000
vn -0.0246 0.0374 -0.9990
vn -0.4157 -0.5046 -0.7567
vn -0.0644 -0.9963 0.0560
vn -0.0608 -0.9299 0.3628
vn -0.1363 -0.9855 -0.1011
vn -0.7198 -0.6070 -0.3369
vn -0.5020 -0.5273 -0.6855
vn -0.7117 -0.1391 -0.6885
vn -0.8960 -0.2189 -0.3863
vn 0.0746 -0.5912 -0.8031
vn -0.2361 -0.9067 0.3496
vn 0.5536 -0.7763 0.3015
vn 0.4574 -0.8749 0.1590
vn -0.3038 -0.9523 0.0269
vn 0.3092 -0.7552 0.5780
vn 0.7420 -0.6701 0.0188
vn 0.3602 -0.8528 0.3780
vn 0.0392 -0.0520 -0.9979
vn 0.6748 -0.2859 -0.6803
vn 0.2684 -0.2270 -0.9362
vn 0.8371 -0.5407 0.0836
vn 0.9800 -0.1610 -0.1174
vn 0.6191 0.0323 -0.7846
vn 0.9978 -0.0625 -0.0206
vn 0.4171 0.2005 -0.8864
vn 0.0977 -0.9889 0.1122
vn 0.7915 -0.2899 -0.5380
vn 0.6516 -0.6245 -0.4306
vn -0.0190 -0.9635 0.2670
vn -0.0132 -0.8975 0.4408
vn 0.7399 -0.0753 0.6685
vn 0.3616 -0.9007 0.2407
vn 0.7989 -0.1209 0.5892
vn 0.5052 -0.2404 0.8288
vn 0.0404 -0.9711 -0.2352
vn 0.1896 -0.7264 -0.6606
vn 0.7567 -0.6507 0.0629
vn 0.0856 -0.9633 0.2544
vn 0.7934 -0.2018 0.5742
vn 0.4122 -0.1412 0.9001
vn 0.3600 -0.1795 0.9155
vn 0.5939 0.8028 0.0529
vn 0.7134 0.4622 0.5267
vn 0.4359 0.7542 0.4911
vn 0.9204 0.3382 -0.1964
vn 0.5773 0.7635 0.2896
vn 0.6254 0.7662 0.1476
vn 0.4815 -0.2907 -0.8268
vn 0.3222 -0.9263 0.1952
vn 0.6597 -0.7119 0.2409
vn -0.0186 -0.0033 -0.9998
vn -0.0218 0.0033 -0.9998
vn -0.0082 0.0018 -1.0000
vn -0.0063 -0.0044 -1.0000
vn -0.0117 -0.0123 -0.9999
vn -0.0045 -0.0006 -1.0000
vn -0.0130 0.0277 -0.9995
vn -0.0097 0.0129 -0.9999
vn -0.0233 0.0228 -0.9995
vn -0.1241 0.0725 -0.9896
vn -0.0880 0.1270 -0.9880
vn -0.0247 0.1183 -0.9927
vn -0.0959 -0.7655 -0.6363
vn -0.0156 -0.6897 -0.7239
vn -0.3807 -0.5120 -0.7700
vn -0.3059 -0.5379 -0.7856
vn -0.1952 -0.7654 -0.6133
vn -0.4184 -0.3938 -0.8185
vn -0.5098 -0.3856 -0.7691
vn -0.0282 -0.9996 0.0035
vn 0.0152 -0.9960 0.0886
vn -0.0428 -0.9935 0.1053
vn -0.0991 -0.9945 0.0347
vn -0.0851 -0.9949 -0.0550
vn -0.0774 -0.9932 0.0873
vn -0.1555 -0.9472 0.2803
vn -0.0063 -0.9918 0.1276
vn 0.0411 -0.9511 0.3060
vn -0.1501 -0.7398 0.6559
vn -0.3818 -0.7449 0.5472
vn 0.0857 -0.7558 0.6491
vn -0.0745 -0.9895 -0.1237
vn 0.0154 -0.9957 -0.0910
vn -0.0905 -0.9932 -0.0727
vn -0.2283 -0.9660 -0.1211
vn -0.2080 -0.9645 -0.1628
vn -0.2106 -0.9746 -0.0760
vn -0.6216 -0.6926 -0.3659
vn -0.6146 -0.7412 -0.2698
vn -0.7451 -0.6096 -0.2707
vn -0.8403 -0.4229 -0.3393
vn -0.7787 -0.4722 -0.4131
vn -0.6579 -0.5583 -0.5055
vn -0.5426 -0.5412 -0.6425
vn -0.6207 -0.7140 -0.3239
vn -0.4768 -0.7432 -0.4695
vn -0.3598 -0.7788 -0.5138
vn -0.4996 -0.6606 -0.5604
vn -0.6811 -0.4321 -0.5911
vn -0.7143 -0.3861 -0.5837
vn -0.5153 -0.4343 -0.7388
vn -0.4411 -0.4265 -0.7896
vn -0.4154 -0.2478 -0.8753
vn -0.1933 -0.4343 -0.8798
vn -0.2456 -0.4639 -0.8511
vn -0.4308 -0.0499 -0.9011
vn -0.7275 0.2693 -0.6310
vn -0.9376 -0.0632 -0.3420
vn -0.1355 -0.4650 -0.8749
vn -0.9116 -0.1811 -0.3691
vn -0.8632 -0.2944 -0.4101
vn -0.8630 -0.3004 -0.4062
vn -0.8969 -0.2734 -0.3476
vn -0.9250 -0.1212 -0.3600
vn -0.9239 -0.0799 -0.3743
vn -0.3681 -0.5161 -0.7734
vn 0.0010 -0.1524 -0.9883
vn 0.4700 -0.3987 -0.7875
vn 0.6930 -0.6997 -0.1736
vn 0.1747 -0.9573 -0.2306
vn -0.4245 -0.8946 -0.1394
vn 0.1945 -0.9125 0.3599
vn -0.2852 -0.9304 0.2303
vn -0.5417 -0.8364 -0.0839
vn 0.1079 -0.9369 0.3325
vn 0.7052 -0.7045 -0.0800
vn 0.3061 -0.9511 0.0424
vn 0.0168 -0.9953 0.0949
vn 0.4649 -0.8814 0.0835
vn 0.4804 -0.8768 -0.0198
vn 0.4335 -0.9009 0.0189
vn -0.4555 -0.8833 -0.1114
vn -0.5038 -0.8620 -0.0564
vn -0.5022 -0.8532 -0.1412
vn -0.2713 -0.9620 0.0317
vn -0.5048 -0.8632 -0.0106
vn -0.0096 -0.9980 0.0633
vn 0.1309 -0.9793 -0.1541
vn 0.8521 -0.3445 0.3941
vn 0.0171 -0.9612 -0.2752
vn 0.8530 -0.3558 0.3818
vn 0.1162 -0.4632 -0.8786
vn 0.8661 0.0562 -0.4967
vn 0.6234 -0.7594 0.1861
vn -0.0012 -0.0122 -0.9999
vn 0.0047 -0.0090 -0.9999
vn 0.0195 -0.0204 -0.9996
vn 0.1744 -0.3470 -0.9215
vn 0.2168 -0.1419 -0.9658
vn -0.0070 -0.0407 -0.9991
vn 0.0162 -0.0922 -0.9956
vn -0.0173 -0.4791 -0.8776
vn 0.0475 -0.0131 -0.9988
vn 0.2113 0.0349 -0.9768
vn 0.3495 -0.1127 -0.9301
vn 0.0603 -0.0257 -0.9978
vn 0.0525 -0.0534 -0.9972
vn 0.1209 -0.2365 -0.9641
vn 0.5932 -0.6546 -0.4687
vn 0.8432 -0.3427 -0.4143
vn 0.9199 -0.0216 -0.3916
vn 0.7936 -0.5740 0.2019
vn 0.7978 -0.6000 -0.0592
vn 0.6566 -0.7527 -0.0482
vn 0.9131 -0.4078 0.0035
vn 0.6876 -0.7131 -0.1366
vn 0.2478 -0.3246 -0.9128
vn 0.6261 0.2607 -0.7348
vn 0.9804 0.1909 -0.0490
vn 0.8921 -0.2530 0.3743
vn 0.1601 0.0764 -0.9841
vn 0.9889 0.0888 -0.1193
vn 0.9942 0.0966 -0.0463
vn 0.9848 0.1600 -0.0673
vn 0.9724 -0.0813 -0.2185
vn 0.9136 -0.3757 -0.1555
vn 0.9472 0.2156 -0.2374
vn 0.1265 0.3101 -0.9423
vn 0.2951 0.7585 -0.5811
vn 0.7351 0.4941 -0.4642
vn 0.3979 -0.0554 -0.9158
vn 0.0657 -0.0116 -0.9978
vn 0.8684 -0.0108 -0.4958
vn 0.3083 -0.9513 -0.0049
vn 0.2135 -0.9769 -0.0111
vn 0.0967 -0.9782 0.1835
vn -0.1189 -0.9341 0.3365
vn 0.0509 -0.9150 0.4003
vn 0.1946 -0.9632 0.1853
vn 0.1442 -0.9885 -0.0460
vn 0.1442 -0.9888 -0.0382
vn 0.0586 -0.9982 0.0093
vn 0.1375 -0.9904 -0.0116
vn 0.7442 -0.3559 -0.5653
vn 0.6910 -0.2904 -0.6620
vn 0.7143 -0.2289 -0.6614
vn 0.7284 -0.1489 -0.6688
vn 0.8197 -0.1744 -0.5455
vn 0.7604 -0.4272 -0.4892
vn 0.7269 -0.4656 -0.5047
vn 0.8394 -0.2737 -0.4697
vn 0.8154 -0.3917 -0.4263
vn 0.8588 -0.1699 -0.4833
vn 0.2179 -0.7303 -0.6475
vn 0.4329 -0.2397 -0.8690
vn 0.8513 -0.1064 -0.5137
vn 0.9786 -0.0417 0.2015
vn 0.6804 -0.6985 0.2216
vn 0.0360 -0.9990 -0.0257
vn -0.0486 -0.9988 -0.0016
vn -0.0759 -0.9380 -0.3384
vn -0.1026 -0.9714 -0.2141
vn 0.4406 -0.5791 0.6859
vn 0.3904 -0.6291 0.6722
vn 0.5180 -0.7870 0.3351
vn 0.1340 -0.9654 0.2236
vn 0.0251 -0.9901 0.1380
vn 0.9782 0.0649 0.1975
vn 0.4575 -0.8772 -0.1459
vn 0.9031 -0.4097 -0.1290
vn 0.7844 -0.4959 0.3726
vn -0.0018 -0.8604 0.5095
vn -0.0105 -0.9967 0.0801
vn 0.2488 -0.4889 0.8361
vn 0.9744 -0.1594 0.1584
vn 0.8829 -0.1693 0.4379
vn 0.9178 -0.2269 0.3257
vn 0.8601 -0.3490 0.3720
vn 0.9014 -0.2243 0.3703
vn 0.8627 -0.4379 0.2528
vn 0.5711 -0.3368 0.7486
vn 0.3330 -0.3036 0.8927
vn 0.1291 -0.5465 0.8275
vn 0.4022 -0.9136 0.0605
vn 0.0764 -0.9822 0.1715
vn -0.0465 -0.9957 -0.0803
vn -0.4104 -0.7573 -0.5080
vn -0.6534 -0.6640 -0.3636
vn 0.6416 -0.7654 -0.0501
vn 0.8242 -0.5650 -0.0371
vn 0.0175 -0.8113 -0.5844
vn -0.0909 -0.7060 -0.7023
vn 0.0462 -0.6339 -0.7720
vn 0.2268 -0.8633 -0.4509
vn 0.0850 -0.9188 -0.3856
vn 0.1235 -0.5209 -0.8446
vn 0.2368 -0.5607 -0.7935
vn 0.8684 -0.4959 0.0084
vn 0.8780 -0.4754 0.0557
vn 0.8106 -0.5790 0.0878
vn 0.7934 -0.6017 -0.0923
vn 0.6015 -0.7906 -0.1149
vn 0.5775 -0.8074 0.1207
vn 0.9103 -0.4100 -0.0575
vn -0.1098 -0.9453 -0.3071
vn -0.1044 -0.9847 0.1393
vn 0.0056 -0.9147 0.4040
vn 0.0649 -0.7793 0.6233
vn 0.1230 -0.7523 0.6472
vn 0.2443 -0.9040 0.3507
vn 0.0480 -0.8194 0.5712
vn 0.7609 0.1430 0.6330
vn 0.5904 0.4761 0.6517
vn 0.8498 0.1415 0.5078
vn 0.8224 -0.2059 0.5303
vn 0.7709 -0.3467 0.5343
vn 0.7989 -0.1991 0.5675
vn 0.7586 0.0231 0.6512
vn 0.6252 -0.4670 0.6253
vn 0.3904 0.1452 0.9091
vn 0.4289 0.2029 0.8803
vn 0.5500 0.1813 0.8153
vn 0.4598 -0.1051 0.8818
vn 0.3341 -0.3597 0.8712
vn 0.8375 -0.1444 0.5270
vn 0.5524 0.7507 0.3625
vn 0.5199 0.8004 0.2984
vn 0.8555 0.5165 0.0359
vn 0.8004 0.5720 -0.1795
vn 0.7645 0.6441 0.0254
vn 0.4298 0.5932 0.6807
vn 0.9766 -0.1704 -0.1312
vn 0.4431 0.8844 0.1464
vn 0.3812 0.9245 -0.0028
vn 0.7414 0.2417 0.6260
vn 0.8926 0.2638 0.3657
vn 0.8515 0.2888 0.4377
vn 0.8924 -0.1618 -0.4212
vn 0.5666 0.2049 -0.7981
vn 0.5470 0.6854 -0.4807
vn 0.9120 -0.3464 0.2196
vn 0.5314 0.8434 -0.0788
vn 0.6024 0.7923 0.0966
vn 0.6275 0.7595 0.1714
vn 0.6363 0.6823 0.3599
vn 0.5217 -0.2799 -0.8059
vn 0.4932 -0.1469 -0.8574
vn 0.4257 -0.1986 -0.8828
vn 0.4530 -0.3931 -0.8002
vn 0.5576 -0.3932 -0.7311
vn 0.2560 -0.3071 -0.9166
vn 0.5333 -0.7919 0.2974
vn 0.4757 -0.7837 0.3995
vn 0.3270 -0.9311 0.1618
vn 0.3219 -0.9161 0.2390
vn 0.5157 -0.8027 0.2995
vn 0.2029 -0.9640 0.1716
vn 0.4612 -0.8189 0.3415
vn 0.4669 -0.8476 0.2523
vn 0.6961 -0.6916 0.1925
vn 0.6911 -0.6499 0.3161
vn 0.4334 -0.7093 0.5560
vn 0.7379 -0.6531 0.1700
vn 0.7376 -0.6670 0.1051
vn 0.6971 -0.7005 0.1530
vn 0.7493 -0.6070 0.2646
vn 0.6739 -0.5214 0.5234
vn 0.7138 -0.6904 0.1176
vn 0.7006 -0.7120 0.0471
vn 0.7187 -0.6896 0.0886
vn 0.4565 -0.8705 0.1843
vn 0.4699 -0.8763 0.1059
vn 0.4870 -0.8643 0.1259
vn 0.6706 -0.7295 0.1346
vn 0.2077 -0.9490 0.2373
vn 0.2928 -0.9057 0.3065
vn 0.2254 -0.9205 0.3192
vn 0.2407 -0.8869 0.3943
vn 0.2723 -0.8475 0.4557
vn 0.3984 -0.8385 0.3718
vn 0.1993 -0.8664 0.4579
vn 0.1806 -0.8328 0.5233
vn 0.1666 -0.8149 0.5552
vn 0.0646 -0.8322 0.5506
vn 0.1477 -0.8801 0.4513
vn 0.1397 -0.7414 0.6564
vn 0.0922 -0.7429 0.6630
vn -0.0073 -0.7586 0.6516
vn -0.1197 -0.7796 0.6148
vn -0.0370 -0.8580 0.5123
vn 0.0485 -0.6506 0.7579
vn -0.0648 -0.6677 0.7416
vn -0.1960 -0.6821 0.7045
vn -0.3335 -0.6906 0.6418
vn -0.2476 -0.7986 0.5486
vn -0.1114 -0.5550 0.8244
vn -0.2626 -0.5657 0.7817
vn -0.4057 -0.5659 0.7178
vn -0.5341 -0.5622 0.6314
vn -0.4679 -0.6943 0.5468
vn -0.3050 -0.4427 0.8432
vn -0.4582 -0.4439 0.7701
vn -0.5827 -0.4329 0.6878
vn -0.6874 -0.4291 0.5860
vn -0.6491 -0.5623 0.5124
vn -0.4935 -0.3184 0.8094
vn -0.6250 -0.3079 0.7174
vn -0.7229 -0.2906 0.6268
vn -0.8149 -0.2867 0.5037
vn -0.7862 -0.4274 0.4463
vn -0.6617 -0.1593 0.7326
vn -0.7521 -0.1466 0.6426
vn -0.8243 -0.1523 0.5453
vn -0.9060 -0.1712 0.3872
vn -0.8894 -0.2840 0.3582
vn -0.7630 -0.0000 0.6464
vn -0.8255 -0.0000 0.5644
vn -0.9131 -0.0000 0.4078
vn -0.9615 -0.0000 0.2746
vn -0.9476 -0.1749 0.2672
vn -0.9492 -0.0000 0.3147
vn -0.5631 -0.0000 0.8264
vn -0.6117 -0.1815 0.7700
vn -0.9340 -0.1704 0.3141
vn -0.6303 -0.3002 0.7160
vn -0.9171 -0.2581 0.3039
vn -0.9275 -0.2649 0.2636
vn -0.8911 -0.3950 0.2235
vn -0.8910 -0.3926 0.2280
vn -0.8548 -0.4138 0.3132
vn -0.8391 -0.5254 0.1410
vn -0.8062 -0.5445 0.2313
vn -0.7437 -0.5595 0.3659
vn -0.7582 -0.6374 0.1370
vn -0.6906 -0.6689 0.2749
vn -0.5914 -0.6885 0.4197
vn -0.6226 -0.7610 0.1826
vn -0.5138 -0.7940 0.3247
vn -0.3841 -0.8055 0.4512
vn -0.4192 -0.8792 0.2265
vn -0.2835 -0.8923 0.3513
vn -0.1515 -0.8817 0.4467
vn -0.1696 -0.9531 0.2506
vn -0.0517 -0.9364 0.3471
vn 0.0497 -0.9099 0.4119
vn 0.0433 -0.9650 0.2587
vn 0.1335 -0.9355 0.3271
vn 0.2449 -0.8978 0.3660
vn 0.2156 -0.9418 0.2579
vn 0.3665 -0.8791 0.3046
vn 0.2892 -0.9252 0.2455
vn 0.4792 -0.8146 0.3269
vn 0.3351 -0.8759 0.3471
vn 0.4722 -0.7171 0.5126
vn 0.4424 -0.7596 0.4767
vn 0.4535 -0.6266 0.6339
vn 0.4950 -0.7473 0.4433
vn 0.5181 -0.5741 0.6341
vn 0.5885 -0.6640 0.4614
vn 0.5491 -0.5924 0.5896
vn 0.5825 -0.6679 0.4632
vn 0.6660 -0.7174 0.2044
vn 0.5844 -0.7031 0.4050
vn 0.5910 -0.7640 0.2591
vn 0.6393 -0.7542 0.1498
vn 0.6991 -0.6558 0.2850
vn 0.7416 -0.6199 0.2564
vn 0.7873 -0.5373 0.3024
vn 0.8142 -0.4469 0.3706
vn 0.8112 -0.3880 0.4374
vn 0.7282 -0.3453 0.5921
vn 0.7734 -0.4394 0.4569
vn 0.6117 -0.3987 0.6832
vn 0.5516 -0.3424 0.7606
vn 0.3702 -0.3754 0.8497
vn 0.3747 -0.4299 0.8215
vn 0.6786 -0.2863 0.6764
vn 0.5181 -0.2901 0.8046
vn 0.3636 -0.2966 0.8831
vn 0.2307 -0.2977 0.9264
vn 0.2393 -0.4057 0.8821
vn 0.5057 -0.1671 0.8464
vn 0.3505 -0.1658 0.9218
vn 0.2173 -0.1619 0.9626
vn 0.0933 -0.1599 0.9827
vn 0.1051 -0.2968 0.9491
vn 0.2117 -0.0000 0.9773
vn 0.0884 -0.0000 0.9961
vn -0.0476 -0.0000 0.9989
vn -0.0398 -0.1576 0.9867
vn -0.1946 -0.0000 0.9809
vn -0.3496 -0.0000 0.9369
vn -0.3439 -0.1564 0.9259
vn -0.1866 -0.1549 0.9701
vn -0.3287 -0.3112 0.8917
vn -0.1694 -0.3016 0.9382
vn -0.0233 -0.2973 0.9545
vn -0.1462 -0.4309 0.8905
vn -0.0039 -0.4214 0.9069
vn 0.1206 -0.4169 0.9009
vn 0.0199 -0.5415 0.8405
vn 0.1301 -0.5246 0.8413
vn 0.2263 -0.4866 0.8438
vn 0.1290 -0.6293 0.7664
vn 0.1975 -0.5894 0.7833
vn 0.3952 -0.5389 0.7439
vn 0.1827 -0.7392 0.6482
vn -0.5157 -0.1628 0.8412
vn -0.5236 -0.0000 0.8520
vn -0.6762 -0.0000 0.7368
vn -0.3879 -0.0000 0.9217
vn -0.3843 -0.1879 0.9039
vn -0.1150 -0.1587 0.9806
vn -0.3662 -0.3416 0.8656
vn -0.1800 -0.2873 0.9408
vn -0.3337 -0.4502 0.8282
vn -0.2250 -0.3869 0.8943
vn -0.6566 -0.4472 0.6073
vn -0.2371 -0.5372 0.8095
vn -0.6806 -0.6021 0.4174
vn -0.8492 -0.5201 0.0915
vn -0.6975 -0.6938 0.1795
vn -0.8087 -0.5872 -0.0343
vn -0.7929 -0.6082 0.0377
vn -0.7824 -0.6044 -0.1504
vn -0.7561 -0.6515 -0.0626
vn -0.7042 -0.7085 0.0463
vn -0.6953 -0.6966 -0.1768
vn -0.6273 -0.7767 -0.0563
vn -0.5369 -0.8395 0.0838
vn -0.5093 -0.8372 -0.1991
vn -0.4194 -0.9069 -0.0410
vn -0.2992 -0.9467 0.1192
vn -0.2666 -0.9481 -0.1733
vn -0.1577 -0.9874 0.0094
vn -0.0517 -0.9865 0.1552
vn -0.0110 -0.9961 -0.0873
vn 0.0595 -0.9958 0.0701
vn 0.1309 -0.9747 0.1810
vn 0.1388 -0.9903 -0.0023
vn 0.1866 -0.9735 0.1324
vn 0.1914 -0.9762 -0.1021
vn 0.2213 -0.9676 0.1214
vn 0.3600 -0.9054 -0.2252
vn 0.4098 -0.9005 0.1456
vn 0.5745 -0.7841 -0.2350
vn 0.6047 -0.7612 0.2343
vn 0.5609 -0.6438 0.5205
vn 0.6467 -0.6762 0.3528
vn 0.5968 -0.6085 0.5230
vn 0.6640 -0.6201 0.4179
vn 0.6350 -0.6007 0.4857
vn 0.6126 -0.6320 0.4747
vn 0.6981 -0.5813 0.4180
vn 0.7014 -0.6105 0.3678
vn 0.6970 -0.6366 0.3301
vn 0.7611 -0.5564 0.3334
vn 0.7648 -0.5457 0.3425
vn 0.7839 -0.5098 0.3543
vn 0.8159 -0.4125 0.4052
vn 0.8137 -0.3871 0.4336
vn 0.8226 -0.3448 0.4521
vn 0.8467 -0.2061 0.4905
vn 0.8352 -0.1918 0.5154
vn 0.7795 -0.1757 0.6013
vn 0.7914 -0.3026 0.5312
vn 0.6599 -0.1678 0.7324
vn 0.6550 -0.0000 0.7556
vn 0.5016 -0.0000 0.8651
vn -0.6361 -0.0000 0.7716
vn -0.7066 -0.0000 0.7076
vn -0.6219 -0.1716 0.7641
vn -0.6892 -0.1939 0.6981
vn -0.5771 -0.3189 0.7519
vn -0.6452 -0.3598 0.6740
vn -0.5053 -0.4470 0.7382
vn -0.5719 -0.4986 0.6514
vn -0.4104 -0.5802 0.7035
vn -0.4823 -0.6230 0.6158
vn -0.2742 -0.5662 0.7773
vn -0.3731 -0.7842 0.4959
vn -0.1890 -0.7222 0.6654
vn -0.2498 -0.7172 0.6505
vn -0.0652 -0.8890 0.4532
vn -0.2943 -0.8962 0.3319
vn -0.7204 -0.6853 -0.1066
vn -0.4302 -0.9026 -0.0130
vn -0.7357 -0.6052 -0.3041
vn -0.7448 -0.6084 -0.2739
vn -0.6581 -0.5949 -0.4615
vn -0.6320 -0.6451 -0.4294
vn -0.5730 -0.7540 -0.3212
vn -0.4670 -0.6727 -0.5738
vn -0.4140 -0.7745 -0.4783
vn -0.3554 -0.8673 -0.3484
vn -0.2589 -0.7532 -0.6047
vn -0.1761 -0.8608 -0.4776
vn -0.0886 -0.9536 -0.2879
vn 0.1123 -0.9792 -0.1690
vn 0.2127 -0.9370 -0.2771
vn 0.3774 -0.7813 -0.4971
vn 0.3543 -0.8243 -0.4416
vn 0.5014 -0.6662 -0.5521
vn 0.4889 -0.6699 -0.5587
vn 0.5391 -0.5759 -0.6145
vn 0.5419 -0.5924 -0.5962
vn 0.6685 -0.7332 -0.1245
vn 0.5907 -0.5667 -0.5744
vn 0.7240 -0.6897 0.0105
vn 0.6868 -0.5696 -0.4516
vn 0.7719 -0.6188 0.1461
vn 0.7076 -0.5688 0.4193
vn 0.8078 -0.5472 0.2192
vn 0.7681 -0.5320 0.3563
vn 0.7617 -0.5483 0.3452
vn 0.8577 -0.4333 0.2768
vn 0.8474 -0.4342 0.3058
vn 0.8313 -0.4276 0.3551
vn 0.9249 -0.2334 0.3001
vn 0.8933 -0.2242 0.3896
vn 0.8600 -0.2136 0.4634
vn 0.8605 -0.0000 0.5094
vn -0.4297 -0.0000 0.9030
vn -0.4298 -0.0000 0.9029
vn -0.4205 -0.1061 0.9011
vn -0.4123 -0.1229 0.9027
vn -0.3956 -0.2572 0.8817
vn -0.3734 -0.2534 0.8924
vn -0.3585 -0.3886 0.8488
vn -0.3301 -0.3789 0.8646
vn -0.2882 -0.5232 0.8020
vn -0.2710 -0.5206 0.8096
vn -0.1787 -0.6521 0.7368
vn -0.1599 -0.6793 0.7162
vn -0.2767 -0.7562 0.5930
vn 0.0062 -0.7846 0.6199
vn -0.1193 -0.9002 0.4188
vn -0.2223 -0.9334 0.2819
vn -0.0133 -0.9540 0.2994
vn -0.1042 -0.9825 0.1542
vn -0.0462 -0.9688 0.2437
vn -0.0835 -0.9780 0.1914
vn -0.2080 -0.9747 0.0824
vn -0.5467 -0.7892 -0.2798
vn -0.3311 -0.9092 -0.2524
vn -0.4726 -0.6977 -0.5384
vn -0.4942 -0.6189 -0.6105
vn -0.3560 -0.6222 -0.6972
vn -0.3542 -0.6094 -0.7093
vn -0.3167 -0.6678 -0.6736
vn -0.2490 -0.5771 -0.7778
vn -0.1859 -0.6366 -0.7485
vn -0.1418 -0.5174 -0.8439
vn -0.0601 -0.5725 -0.8177
vn -0.0319 -0.4417 -0.8966
vn 0.0367 -0.4764 -0.8785
vn 0.1048 -0.3636 -0.9256
vn 0.1752 -0.3881 -0.9048
vn 0.0506 -0.3411 -0.9387
vn 0.0930 -0.2287 -0.9690
vn 0.1496 -0.2475 -0.9573
vn -0.0699 -0.4255 -0.9023
vn 0.0050 -0.3141 -0.9494
vn 0.0390 -0.2076 -0.9774
vn 0.0644 -0.1171 -0.9910
vn 0.1179 -0.1239 -0.9853
vn -0.0120 -0.2982 -0.9544
vn 0.0063 -0.1948 -0.9808
vn 0.0361 -0.1155 -0.9927
vn 0.0592 -0.0000 -0.9982
vn 0.0793 -0.0000 -0.9969
vn 0.0627 -0.2117 -0.9753
vn 0.1130 -0.1316 -0.9848
vn 0.5696 -0.1976 -0.7978
vn 0.6068 -0.0000 -0.7949
vn 0.9923 -0.0000 -0.1239
vn -0.5437 -0.0000 0.8393
vn -0.6363 -0.1312 0.7602
vn -0.5377 -0.1206 0.8345
vn -0.6010 -0.2841 0.7470
vn -0.5035 -0.2761 0.8187
vn -0.5450 -0.4138 0.7292
vn -0.4440 -0.4058 0.7989
vn -0.4503 -0.5542 0.7001
vn -0.3618 -0.5386 0.7609
vn -0.3372 -0.6776 0.6535
vn -0.2530 -0.6592 0.7081
vn -0.2182 -0.7662 0.6045
vn -0.1298 -0.7430 0.6566
vn -0.0436 -0.7362 0.6754
vn 0.0205 -0.8077 0.5892
vn 0.1265 -0.7883 0.6022
vn 0.1671 -0.8287 0.5342
vn 0.2463 -0.8122 0.5289
vn 0.1545 -0.8413 0.5179
vn -0.0245 -0.9392 0.3424
vn 0.1634 -0.8164 0.5538
vn 0.2610 -0.8454 0.4660
vn 0.1119 -0.8370 0.5356
vn -0.0079 -0.7543 0.6565
vn 0.1854 -0.8416 0.5074
vn 0.0831 -0.8827 0.4626
vn 0.2229 -0.8874 0.4036
vn -0.0730 -0.8393 0.5387
vn -0.1502 -0.8625 0.4832
vn 0.0141 -0.9106 0.4130
vn -0.3004 -0.7888 0.5362
vn -0.3668 -0.8056 0.4653
vn -0.2225 -0.8769 0.4261
vn -0.4206 -0.6994 0.5778
vn -0.4913 -0.7109 0.5032
vn -0.5375 -0.7149 0.4472
vn -0.4128 -0.8142 0.4083
vn -0.5483 -0.5619 0.6193
vn -0.6118 -0.5673 0.5512
vn -0.6543 -0.5796 0.4857
vn -0.7029 -0.5858 0.4036
vn -0.5774 -0.7213 0.3826
vn -0.6752 -0.4467 0.5870
vn -0.7327 -0.4579 0.5035
vn -0.7929 -0.4565 0.4035
vn -0.8350 -0.4591 0.3033
vn -0.7534 -0.5887 0.2928
vn -0.7963 -0.3173 0.5150
vn -0.8596 -0.3181 0.3998
vn -0.8980 -0.3108 0.3115
vn -0.9264 -0.3085 0.2158
vn -0.8590 -0.4706 0.2018
vn -0.9021 -0.1300 0.4114
vn -0.9426 -0.1334 0.3063
vn -0.9693 -0.1211 0.2140
vn -0.9876 -0.1259 0.0942
vn -0.9483 -0.3058 0.0846
vn -0.9539 -0.0000 0.3000
vn -0.9781 -0.0000 0.2081
vn -0.9942 -0.0000 0.1073
vn -0.9994 -0.0000 -0.0339
vn -0.9904 -0.1347 -0.0310
vn -0.9889 -0.0000 -0.1488
vn -0.9629 -0.1003 -0.2506
vn -0.9841 -0.1140 -0.1362
vn -0.9312 -0.2804 -0.2327
vn -0.9517 -0.2855 -0.1131
vn -0.9554 -0.2945 -0.0204
vn -0.8913 -0.4440 -0.0919
vn -0.8908 -0.4543 -0.0011
vn -0.8781 -0.4685 0.0973
vn -0.7990 -0.6013 0.0090
vn -0.7967 -0.5961 0.0998
vn -0.7848 -0.5911 0.1864
vn -0.6932 -0.7152 0.0889
vn -0.6705 -0.7195 0.1810
vn -0.6267 -0.7247 0.2865
vn -0.5212 -0.8362 0.1706
vn -0.4867 -0.8312 0.2687
vn -0.4497 -0.8220 0.3494
vn -0.3596 -0.9029 0.2354
vn -0.3224 -0.8933 0.3132
vn -0.2794 -0.8850 0.3726
vn -0.1711 -0.9466 0.2734
vn -0.1088 -0.9339 0.3406
vn -0.0406 -0.9233 0.3818
vn 0.0316 -0.9446 0.3268
vn 0.0836 -0.9271 0.3654
vn 0.1419 -0.9187 0.3686
vn 0.1570 -0.9118 0.3794
vn 0.2335 -0.9013 0.3650
vn 0.2448 -0.8836 0.3991
vn 0.0575 -0.9006 0.4307
vn -0.0741 -0.8627 0.5003
vn -0.1979 -0.7290 0.6553
vn -0.4455 -0.7058 0.5508
vn -0.2802 -0.6587 0.6983
vn -0.0356 -0.6343 0.7723
vn -0.0798 -0.6496 0.7561
vn 0.1232 -0.6210 0.7741
vn -0.0112 -0.6345 0.7728
vn 0.0285 -0.3978 0.9170
vn 0.2428 -0.2028 0.9486
vn 0.2998 -0.6370 0.7102
vn 0.5712 -0.2819 0.7709
vn 0.5331 -0.7678 0.3554
vn 0.2821 -0.9492 -0.1393
vn 0.6972 -0.7163 -0.0286
vn 0.3006 -0.7856 -0.5408
vn 0.0319 -0.6725 -0.7394
vn 0.0639 -0.9084 -0.4131
vn -0.0915 -0.5816 -0.8083
vn -0.1298 -0.7364 -0.6639
vn -0.1431 -0.5354 -0.8324
vn -0.2285 -0.6135 -0.7559
vn -0.2884 -0.7462 -0.6000
vn -0.2657 -0.5556 -0.7879
vn -0.1758 -0.4996 -0.8482
vn -0.0584 -0.4311 -0.9004
vn -0.0007 -0.4545 -0.8907
vn 0.0472 -0.3103 -0.9495
vn 0.1639 -0.5391 -0.8262
vn 0.3354 -0.4298 -0.8383
vn 0.4725 -0.3378 -0.8140
vn 0.7558 -0.5756 -0.3122
vn 0.9120 -0.3936 -0.1157
vn 0.9776 -0.1911 -0.0877
vn 0.8707 -0.2950 0.3935
vn 0.9236 -0.1242 0.3626
vn 0.9450 -0.0000 0.3272
vn 0.8975 -0.1065 0.4279
vn 0.9140 -0.0000 0.4056
vn 0.9228 -0.0000 0.3853
vn -0.7254 -0.0000 0.6883
vn -0.7733 -0.1100 0.6244
vn -0.7087 -0.1232 0.6946
vn -0.7256 -0.3115 0.6135
vn -0.6689 -0.3001 0.6801
vn -0.6295 -0.4281 0.6485
vn -0.8393 -0.1131 0.5317
vn -0.9078 -0.0000 0.4194
vn 0.2873 -0.0000 0.9578
vn -0.2988 -0.0000 0.9543
vn 0.4807 -0.0000 0.8769
vn 0.4660 -0.3423 0.8159
vn 0.3009 -0.3636 0.8816
vn 0.6145 -0.0000 0.7889
vn 0.5825 -0.3450 0.7360
vn 0.5023 -0.5971 0.6254
vn 0.4337 -0.5666 0.7006
vn 0.6548 -0.3653 0.6616
vn 0.5388 -0.6383 0.5497
vn 0.4033 -0.8278 0.3900
vn 0.3767 -0.8066 0.4556
vn 0.6985 -0.4008 0.5928
vn 0.5638 -0.6717 0.4805
vn 0.4346 -0.8356 0.3359
vn 0.3267 -0.9289 0.1745
vn 0.2898 -0.9336 0.2108
vn 0.6019 -0.6888 0.4042
vn 0.4776 -0.8353 0.2723
vn 0.3467 -0.9292 0.1284
vn 0.2425 -0.9697 0.0300
vn 0.2518 -0.9668 0.0436
vn 0.4926 -0.8412 0.2230
vn 0.3212 -0.9420 0.0972
vn 0.2033 -0.9788 0.0246
vn 0.1557 -0.9877 -0.0139
vn 0.1906 -0.9811 -0.0337
vn 0.2707 -0.9586 0.0890
vn 0.1800 -0.9834 0.0242
vn 0.1442 -0.9895 -0.0125
vn 0.0912 -0.9934 -0.0696
vn 0.1237 -0.9887 -0.0841
vn 0.1606 -0.9860 0.0438
vn 0.1278 -0.9918 -0.0048
vn 0.0604 -0.9958 -0.0682
vn -0.0073 -0.9890 -0.1478
vn 0.0373 -0.9824 -0.1829
vn 0.0796 -0.9962 0.0362
vn 0.0175 -0.9988 -0.0459
vn -0.0476 -0.9922 -0.1155
vn -0.1881 -0.9436 -0.2724
vn -0.1115 -0.9291 -0.3526
vn -0.2549 -0.9531 -0.1630
vn -0.5584 -0.7573 -0.3388
vn -0.4218 -0.7388 -0.5256
vn -0.2873 -0.9577 -0.0147
vn -0.6381 -0.7646 -0.0903
vn -0.9118 -0.3823 -0.1500
vn -0.7984 -0.3762 -0.4702
vn -0.2718 -0.9566 0.1054
vn -0.6303 -0.7610 0.1538
vn -0.9059 -0.3810 0.1851
vn -0.9857 -0.0000 -0.1687
vn -0.5445 -0.7550 0.3653
vn -0.7869 -0.3723 0.4920
vn -0.5558 -0.3614 0.7487
vn 0.0927 -0.0000 0.9957
vn -0.6050 -0.3633 -0.7085
vn -0.4273 -0.0000 -0.9041
vn -0.3874 -0.3516 -0.8522
vn -0.2639 -0.7120 -0.6507
vn -0.1989 -0.3452 -0.9172
vn -0.1159 -0.6760 -0.7277
vn -0.0276 -0.9016 -0.4316
vn -0.0160 -0.6459 -0.7632
vn 0.0504 -0.8638 -0.5013
vn 0.0948 -0.9669 -0.2368
vn 0.0948 -0.8333 -0.5446
vn 0.1417 -0.9441 -0.2977
vn 0.1667 -0.9780 -0.1250
vn 0.1413 -0.9287 -0.3429
vn 0.1783 -0.9709 -0.1597
vn 0.2087 -0.9767 -0.0498
vn 0.1497 -0.9721 -0.1808
vn 0.1807 -0.9823 -0.0499
vn 0.2196 -0.9736 0.0624
vn 0.1328 -0.9898 -0.0523
vn 0.1713 -0.9814 0.0862
vn 0.2507 -0.9339 0.2549
vn 0.1489 -0.9819 0.1173
vn 0.2395 -0.9176 0.3172
vn 0.3558 -0.7680 0.5326
vn 0.2508 -0.8917 0.3769
vn 0.3192 -0.7471 0.5831
vn 0.3255 -0.5799 0.7468
vn 0.0735 -0.8108 0.5806
vn -0.0844 -0.6673 0.7400
vn -0.2395 -0.4189 0.8759
vn -0.8044 -0.5229 0.2818
vn -0.9149 -0.2836 0.2872
vn -0.9580 -0.0000 0.2868
vn -0.9642 -0.0873 -0.2503
vn -0.9669 -0.0000 -0.2551
vn -0.9275 -0.0000 -0.3738
vn -0.9265 -0.0000 -0.3762
vn -0.9229 -0.0419 -0.3828
vn -0.9289 -0.0583 -0.3657
vn -0.9259 -0.0403 -0.3755
vn -0.9210 -0.0891 -0.3792
vn -0.9150 -0.0963 -0.3919
vn -0.9535 -0.1861 -0.2372
vn -0.9115 -0.3540 -0.2094
vn -0.9030 -0.1845 -0.3881
vn -0.5908 -0.7581 0.2760
vn -0.3239 -0.9211 0.2160
vn -0.7837 -0.5892 -0.1965
vn 0.1440 -0.9072 0.3954
vn 0.1298 -0.9712 0.1998
vn -0.1265 -0.9876 0.0931
vn 0.1629 -0.9736 0.1601
vn 0.1099 -0.9929 -0.0463
vn 0.1022 -0.9947 -0.0102
vn 0.1028 -0.9929 -0.0600
vn 0.0855 -0.9666 -0.2415
vn 0.0892 -0.9630 -0.2542
vn 0.1123 -0.9715 -0.2085
vn 0.0959 -0.9052 -0.4140
vn 0.0805 -0.8913 -0.4462
vn 0.1172 -0.9180 -0.3790
vn 0.0893 -0.7934 -0.6021
vn 0.0831 -0.7742 -0.6274
vn 0.0991 -0.8137 -0.5728
vn 0.0605 -0.6168 -0.7848
vn 0.0699 -0.6024 -0.7952
vn 0.0357 -0.6300 -0.7758
vn -0.0141 -0.3459 -0.9382
vn 0.0317 -0.3455 -0.9379
vn -0.0813 -0.3462 -0.9346
vn -0.1104 -0.0000 -0.9939
vn -0.0333 -0.0000 -0.9994
vn 0.0208 -0.0000 -0.9998
vn 0.0526 -0.0000 -0.9986
vn 0.0571 -0.3436 -0.9374
vn 0.0740 -0.0000 -0.9973
vn 0.0739 -0.3368 -0.9387
vn 0.0762 -0.5869 -0.8060
vn 0.0913 -0.3283 -0.9402
vn 0.0867 -0.5740 -0.8142
vn 0.0823 -0.7588 -0.6461
vn 0.1019 -0.5650 -0.8188
vn 0.0902 -0.7496 -0.6557
vn 0.0842 -0.8824 -0.4630
vn 0.1100 -0.7614 -0.6388
vn 0.0977 -0.8956 -0.4340
vn 0.0942 -0.9699 -0.2248
vn 0.0701 -0.9247 -0.3742
vn 0.0493 -0.9791 -0.1972
vn -0.0091 -0.9985 -0.0544
vn -0.1403 -0.9254 -0.3520
vn -0.3188 -0.8941 -0.3146
vn -0.5606 -0.7905 -0.2467
vn -0.5622 -0.6069 -0.5618
vn -0.7246 -0.4997 -0.4746
vn -0.8444 -0.3418 -0.4125
vn -0.7181 -0.4613 -0.5210
vn -0.8171 -0.3518 -0.4568
vn -0.8876 -0.2001 -0.4149
vn -0.7949 -0.3929 -0.4624
vn -0.8734 -0.2669 -0.4074
vn -0.9184 -0.1350 -0.3719
vn -0.7974 -0.3504 -0.4913
vn -0.8032 -0.3450 -0.4856
vn -0.7182 -0.4402 -0.5389
vn -0.5627 -0.4572 -0.6888
vn -0.5914 -0.4974 -0.6347
vn -0.4042 -0.5149 -0.7560
vn -0.3836 -0.4578 -0.8020
vn -0.3596 -0.7003 -0.6167
vn -0.0479 -0.9145 -0.4018
vn 0.0505 -0.8425 -0.5363
vn 0.1050 -0.8053 -0.5835
vn 0.1409 -0.6153 -0.7756
vn 0.1353 -0.6836 -0.7172
vn 0.1255 -0.5718 -0.8108
vn 0.1400 -0.3207 -0.9368
vn 0.1604 -0.3518 -0.9222
vn 0.1143 -0.3205 -0.9403
vn 0.8072 -0.0000 0.5902
vn 0.8495 -0.0000 0.5277
vn 0.6743 -0.3951 0.6239
vn 0.7516 -0.4124 0.5149
vn 0.5752 -0.0000 0.8180
vn 0.5483 -0.3828 0.7435
vn 0.4164 -0.7578 0.5023
vn 0.5314 -0.7365 0.4186
vn 0.3643 -0.3732 0.8532
vn 0.2675 -0.7677 0.5823
vn 0.1219 -0.9579 0.2599
vn 0.2129 -0.9492 0.2319
vn 0.0961 -0.3627 0.9269
vn -0.2373 -0.3570 0.9035
vn 0.0861 -0.9884 0.1249
vn 0.1592 -0.9805 0.1155
vn 0.3108 -0.9270 0.2100
vn 0.0343 -0.9921 0.1205
vn -0.0103 -0.9935 0.1132
vn 0.0386 -0.9918 0.1219
vn -0.0454 -0.9944 0.0958
vn -0.2292 -0.9545 0.1908
vn 0.1094 -0.9901 0.0881
vn 0.2223 -0.9701 0.0973
vn 0.4568 -0.8657 0.2047
vn 0.3929 -0.8975 0.2003
vn 0.6388 -0.6961 0.3277
vn 0.6049 -0.7130 0.3546
vn 0.7788 -0.4306 0.4561
vn 0.6361 -0.6903 0.3448
vn 0.7685 -0.4431 0.4616
vn 0.7379 -0.4336 0.5172
vn 0.1674 -0.0000 -0.9859
vn 0.1748 -0.4180 -0.8915
vn 0.0429 -0.4641 -0.8848
vn -0.1768 -0.0000 -0.9843
vn -0.2683 -0.3464 -0.8989
vn -0.1088 -0.2964 -0.9488
vn 0.4813 -0.0000 -0.8765
vn 0.3595 -0.3078 -0.8809
vn 0.4003 -0.0000 -0.9164
vn 0.4158 -0.3240 -0.8498
vn 0.5612 -0.2958 -0.7730
vn 0.4350 -0.4462 -0.7821
vn 0.5649 -0.4250 -0.7073
vn 0.1259 -0.4646 -0.8765
vn 0.5949 -0.4511 -0.6653
vn 0.0406 -0.4984 -0.8660
vn 0.6694 -0.3680 -0.6453
vn 0.2304 -0.4824 -0.8451
vn -0.3898 -0.4538 -0.8014
vn 0.4488 -0.2296 -0.8636
vn -0.1415 -0.4291 -0.8921
vn -0.4792 -0.4392 -0.7599
vn -0.5702 -0.3912 -0.7224
vn -0.5496 -0.4225 -0.7207
vn -0.4481 -0.4292 -0.7842
vn -0.3514 -0.4126 -0.8404
vn -0.5461 -0.4981 -0.6735
vn -0.3651 -0.5606 -0.7432
vn -0.5479 -0.6561 -0.5190
vn -0.4264 -0.8179 -0.3863
vn -0.5795 -0.8049 -0.1279
vn -0.6146 -0.7888 0.0078
vn -0.5724 -0.7942 0.2042
vn -0.5668 -0.7902 0.2333
vn -0.2872 -0.9576 -0.0215
vn -0.4132 -0.8886 -0.1991
vn -0.0171 -0.9665 -0.2562
vn -0.2232 -0.9016 -0.3705
vn -0.0502 -0.9660 -0.2537
vn -0.2458 -0.9138 -0.3234
vn -0.3686 -0.8496 -0.3772
vn -0.4931 -0.7784 -0.3885
vn -0.2930 -0.9241 -0.2454
vn -0.3700 -0.8853 -0.2817
vn -0.4800 -0.8275 -0.2913
vn -0.3716 -0.9032 -0.2150
vn -0.4986 -0.8388 -0.2186
vn -0.6401 -0.7406 -0.2044
vn -0.5251 -0.8388 -0.1440
vn -0.6701 -0.7306 -0.1314
vn -0.7909 -0.5958 -0.1396
vn -0.7728 -0.5976 -0.2135
vn -0.8814 -0.4337 -0.1871
vn -0.8645 -0.4187 -0.2782
vn -0.7970 -0.6001 -0.0683
vn -0.6922 -0.7191 -0.0613
vn -0.6989 -0.7152 0.0065
vn -0.5470 -0.8340 -0.0726
vn -0.5562 -0.8311 0.0002
vn -0.5459 -0.8341 0.0797
vn -0.4120 -0.9111 -0.0150
vn -0.4080 -0.9108 0.0636
vn -0.3898 -0.9094 0.1449
vn -0.2750 -0.9608 0.0361
vn -0.2494 -0.9626 0.1059
vn -0.2157 -0.9579 0.1894
vn -0.0994 -0.9932 0.0610
vn -0.0611 -0.9885 0.1382
vn -0.0225 -0.9719 0.2343
vn 0.0376 -0.9938 0.1047
vn 0.0632 -0.9763 0.2071
vn 0.1000 -0.9408 0.3240
vn 0.1153 -0.9772 0.1783
vn 0.1005 -0.9437 0.3151
vn 0.0966 -0.9071 0.4098
vn -0.2754 -0.9178 0.2861
vn -0.3501 -0.8469 0.4003
vn -0.4347 -0.7730 0.4621
vn -0.5584 -0.7599 0.3328
vn -0.5333 -0.7077 0.4634
vn -0.3442 -0.7466 0.5693
vn -0.0409 -0.8535 0.5196
vn 0.0230 -0.8476 0.5302
vn -0.0208 -0.7941 0.6074
vn -0.0948 -0.7478 0.6571
vn -0.1528 -0.5479 0.8225
vn -0.3606 -0.6280 0.6896
vn -0.4210 -0.3004 0.8559
vn -0.2360 0.0690 0.9693
vn -0.1316 -0.1297 0.9828
vn 0.0735 0.2840 0.9560
vn 0.1329 0.1312 0.9824
vn 0.3944 0.3202 0.8614
vn 0.4640 0.1236 0.8772
vn 0.8202 -0.3234 0.4718
vn 0.8101 -0.3813 0.4454
vn 0.7900 -0.6116 0.0436
vn 0.8113 -0.5042 0.2959
vn 0.5024 -0.6748 -0.5407
vn 0.7462 -0.4253 0.5122
vn 0.7327 -0.3883 0.5589
vn 0.8396 -0.2668 0.4731
vn 0.8295 -0.2760 0.4855
vn 0.9089 -0.1022 0.4043
vn 0.8695 -0.2572 0.4216
vn 0.9349 -0.1003 0.3405
vn 0.9477 -0.0000 0.3192
vn 0.9551 -0.0926 0.2813
vn 0.9715 -0.0000 0.2369
vn 0.9827 -0.0000 0.1850
vn -0.1096 -0.0000 -0.9940
vn 0.0695 -0.0000 -0.9976
vn -0.1456 -0.2718 -0.9513
vn 0.0496 -0.3114 -0.9490
vn -0.1957 -0.3841 -0.9023
vn -0.0122 -0.4252 -0.9050
vn -0.2004 -0.4814 -0.8533
vn -0.1037 -0.4993 -0.8602
vn 0.4107 -0.5021 -0.7611
vn -0.1528 -0.5431 -0.8257
vn 0.3484 -0.4928 -0.7973
vn -0.1166 -0.5835 -0.8037
vn 0.3300 -0.3314 -0.8839
vn 0.6779 -0.0921 -0.7294
vn 0.2502 -0.1204 -0.9607
vn 0.5514 0.2286 -0.8023
vn 0.4113 0.0961 -0.9064
vn 0.4789 0.1878 -0.8576
vn 0.2936 -0.0236 -0.9556
vn -0.0993 -0.3607 -0.9274
vn -0.0263 -0.2424 -0.9698
vn 0.1269 -0.5421 -0.8307
vn -0.2321 -0.7464 -0.6237
vn -0.0379 -0.9157 -0.4001
vn -0.2772 -0.9436 -0.1813
vn -0.4344 -0.9006 0.0156
vn -0.1355 -0.9891 0.0583
vn -0.2195 -0.9734 0.0656
vn -0.4784 -0.8558 0.1965
vn -0.0175 -0.9974 -0.0694
vn -0.3833 -0.9231 0.0299
vn -0.5904 -0.7671 0.2511
vn -0.5322 -0.8411 0.0961
vn -0.3706 -0.9255 0.0778
vn -0.2495 -0.9679 -0.0294
vn 0.0321 -0.9862 -0.1626
vn 0.0827 -0.9858 -0.1461
vn 0.1216 -0.9718 -0.2019
vn 0.1141 -0.9844 -0.1337
vn 0.0213 -0.9871 -0.1585
vn -0.1531 -0.9681 -0.1985
vn -0.2991 -0.9346 -0.1927
vn -0.3040 -0.9426 -0.1381
vn -0.3858 -0.9113 -0.1439
vn -0.3048 -0.9484 -0.0870
vn -0.4022 -0.9117 -0.0842
vn -0.2938 -0.9554 -0.0290
vn -0.1713 -0.9845 -0.0367
vn -0.1339 -0.9910 0.0054
vn -0.0425 -0.9977 -0.0537
vn -0.0124 -0.9995 -0.0287
vn 0.0128 -0.9996 0.0245
vn 0.0761 -0.9951 -0.0625
vn 0.1018 -0.9948 -0.0101
vn 0.1182 -0.9904 0.0721
vn -0.0720 -0.9972 0.0202
vn -0.1746 -0.9774 0.1193
vn -0.2288 -0.9564 0.1816
vn -0.4503 -0.8758 0.1737
vn -0.4414 -0.8788 0.1815
vn -0.4878 -0.8443 0.2216
vn 0.1379 -0.9787 0.1522
vn 0.0701 -0.9725 0.2222
vn -0.0345 -0.9254 0.3775
vn 0.6873 -0.7164 0.1200
vn 0.4441 -0.8449 0.2982
vn 0.1305 -0.8714 0.4728
vn 0.1570 -0.9781 0.1363
vn -0.3798 -0.8571 0.3480
vn -0.6205 -0.5745 0.5338
vn -0.1330 -0.8181 0.5595
vn -0.6518 -0.3450 0.6753
vn -0.7261 -0.5029 0.4688
vn -0.6756 -0.3302 0.6592
vn -0.5274 -0.1438 0.8373
vn -0.5438 -0.1431 0.8269
vn -0.2255 0.0984 0.9693
vn -0.2518 0.1151 0.9609
vn 0.0533 0.3236 0.9447
vn 0.0558 0.3267 0.9435
vn 0.2344 0.5314 0.8141
vn 0.3029 0.4609 0.8342
vn 0.3878 0.6969 0.6032
vn 0.2429 0.4937 0.8350
vn 0.3626 0.7022 0.6127
vn 0.4726 0.8094 0.3486
vn 0.6158 0.6673 0.4189
vn 0.6173 0.7579 0.2110
vn 0.8694 0.2555 0.4230
vn 0.8431 0.4908 0.2197
vn 0.9034 -0.1887 0.3850
vn 0.8281 -0.3754 0.4163
vn 0.8770 -0.4091 0.2521
vn 0.8751 -0.4084 0.2596
vn 0.9068 -0.3439 0.2437
vn 0.8418 -0.3573 0.4046
vn 0.9375 -0.2714 0.2180
vn 0.8870 -0.2981 0.3526
vn 0.8190 -0.3399 0.4623
vn 0.9389 -0.1918 0.2857
vn 0.9070 -0.2234 0.3570
vn 0.7634 -0.3708 0.5289
vn 0.9656 -0.0847 0.2458
vn 0.9641 -0.1798 0.1952
vn 0.9787 -0.0855 0.1865
vn 0.9779 -0.1813 0.1044
vn 0.9906 -0.0902 0.1029
vn 0.9946 -0.0000 0.1035
vn 0.9951 -0.0905 0.0403
vn 0.9993 -0.0000 0.0380
vn 0.9549 -0.0000 -0.2969
vn 0.9868 -0.0000 -0.1619
vn 0.9843 -0.0748 -0.1598
vn 0.9529 -0.0744 -0.2941
vn 0.9957 -0.0000 -0.0924
vn 0.9932 -0.0777 -0.0871
vn 0.9808 -0.1802 -0.0742
vn 0.9734 -0.1744 -0.1485
vn 0.9963 -0.0848 -0.0169
vn 0.9831 -0.1831 -0.0069
vn 0.9613 -0.2756 -0.0037
vn 0.9588 -0.2780 -0.0578
vn 0.9821 -0.1832 0.0433
vn 0.9628 -0.2669 0.0423
vn 0.9316 -0.3611 0.0410
vn 0.9256 -0.3784 -0.0044
vn 0.9586 -0.2625 0.1103
vn 0.9306 -0.3456 0.1203
vn 0.8900 -0.4348 0.1374
vn 0.8500 -0.5055 0.1482
vn 0.9768 -0.2130 0.0238
vn 0.9852 0.0849 0.1486
vn 0.6702 0.7398 -0.0588
vn 0.8090 0.5382 -0.2364
vn 0.5183 0.8545 0.0339
vn 0.4597 0.8781 0.1324
vn 0.4657 0.8722 0.1495
vn 0.4736 0.8806 0.0136
vn 0.4830 0.8669 -0.1236
vn 0.4963 0.8679 0.0222
vn 0.4994 0.8570 -0.1272
vn 0.5007 0.7992 -0.3325
vn 0.5002 0.8059 -0.3169
vn 0.4665 0.6318 -0.6190
vn 0.5023 0.6330 -0.5890
vn 0.8486 0.2671 -0.4566
vn 0.4137 0.3033 -0.8584
vn 0.7499 -0.1023 -0.6536
vn 0.2103 -0.0041 -0.9776
vn 0.4856 -0.4299 -0.7612
vn -0.0317 -0.1698 -0.9850
vn 0.1439 -0.5500 -0.8227
vn 0.3674 -0.9154 -0.1647
vn 0.1083 -0.9474 -0.3012
vn 0.2279 -0.9640 0.1369
vn 0.3898 -0.9075 0.1566
vn -0.1616 -0.5068 -0.8468
vn -0.2350 -0.2917 -0.9272
vn -0.3869 -0.4853 -0.7841
vn -0.3951 -0.4735 -0.7872
vn -0.1735 -0.8685 -0.4643
vn -0.5620 -0.5583 -0.6103
vn 0.0767 -0.9956 0.0537
vn 0.1073 -0.9775 0.1818
vn 0.2119 -0.9657 0.1502
vn 0.1007 -0.9839 0.1475
vn 0.1926 -0.9761 0.1012
vn 0.3507 -0.9355 0.0437
vn 0.3740 -0.9209 0.1098
vn 0.5664 -0.8240 -0.0150
vn 0.5803 -0.8121 0.0617
vn 0.7500 -0.6586 -0.0605
vn 0.7610 -0.6487 0.0058
vn 0.8511 -0.5181 -0.0848
vn 0.8631 -0.5041 -0.0318
vn 0.9125 -0.3959 -0.1035
vn 0.9199 -0.3897 -0.0438
vn 0.9534 -0.2733 -0.1278
vn 0.8955 -0.3961 -0.2029
vn 0.9295 -0.2711 -0.2500
vn 0.9452 -0.1692 -0.2794
vn 0.8813 -0.2690 -0.3885
vn 0.8937 -0.1655 -0.4171
vn 0.9006 -0.0722 -0.4286
vn 0.8726 -0.0747 -0.4826
vn 0.8329 -0.0776 -0.5480
vn 0.7338 -0.0000 -0.6794
vn 0.6367 -0.0000 -0.7711
vn 0.5621 -0.0000 -0.8270
vn 0.7314 -0.0702 -0.6784
vn 0.6314 -0.0656 -0.7727
vn 0.5552 -0.0741 -0.8284
vn 0.6223 -0.1178 -0.7739
vn 0.5377 -0.1233 -0.8341
vn 0.4373 -0.1508 -0.8866
vn 0.4574 -0.0895 -0.8847
vn 0.4653 -0.0000 -0.8851
vn 0.3665 -0.1115 -0.9237
vn -0.0142 -0.0000 -0.9999
vn -0.0985 -0.0000 -0.9951
vn -0.0390 -0.2445 -0.9689
vn -0.1292 -0.2571 -0.9577
vn -0.0743 -0.4005 -0.9133
vn -0.1663 -0.3939 -0.9040
vn -0.0827 -0.5070 -0.8580
vn -0.1565 -0.5036 -0.8497
vn -0.0814 -0.5637 -0.8220
vn -0.1221 -0.5700 -0.8125
vn -0.1648 -0.5520 -0.8174
vn -0.0991 -0.6032 -0.7914
vn -0.1188 -0.6095 -0.7838
vn -0.0829 -0.5886 -0.8042
vn -0.1050 -0.5432 -0.8330
vn -0.0525 -0.5280 -0.8476
vn -0.2589 0.0172 -0.9657
vn -0.3725 -0.0766 -0.9249
vn -0.0321 -0.5466 -0.8368
vn 0.0220 -0.4989 -0.8664
vn -0.0028 -0.4564 -0.8898
vn -0.0268 -0.5206 -0.8534
vn 0.0302 -0.4683 -0.8831
vn 0.0768 -0.4196 -0.9045
vn 0.0632 -0.4650 -0.8830
vn -0.0164 -0.4748 -0.8799
vn 0.0410 -0.4297 -0.9020
vn 0.0972 -0.3790 -0.9203
vn 0.1891 -0.3109 -0.9315
vn 0.1610 -0.3622 -0.9181
vn 0.0595 -0.3504 -0.9347
vn 0.1250 -0.3076 -0.9433
vn 0.2227 -0.2494 -0.9424
vn 0.3405 -0.1926 -0.9203
vn 0.3117 -0.2407 -0.9192
vn 0.1596 -0.1756 -0.9714
vn 0.2578 -0.1421 -0.9557
vn 0.1776 -0.0000 -0.9841
vn 0.0915 -0.2013 -0.9752
vn 0.0358 -0.2220 -0.9744
vn 0.0020 -0.3814 -0.9244
vn 0.4118 -0.1905 -0.8912
vn 0.3824 -0.2533 -0.8886
vn 0.2824 -0.3003 -0.9111
vn 0.3552 -0.3117 -0.8813
vn 0.2518 -0.3695 -0.8944
vn 0.1380 -0.4286 -0.8929
vn 0.2568 -0.0523 -0.9650
vn 0.1250 -0.2081 -0.9701
vn 0.0435 -0.3509 -0.9354
vn 0.0920 0.5266 -0.8451
vn -0.0167 0.3808 -0.9245
vn -0.1297 0.1813 -0.9748
vn -0.0626 0.8360 -0.5452
vn -0.2095 0.7644 -0.6097
vn -0.3943 0.6276 -0.6713
vn -0.2393 0.8165 -0.5255
vn -0.4376 0.6936 -0.5722
vn -0.6129 0.5076 -0.6055
vn -0.5683 0.4668 -0.6776
vn -0.7782 0.2623 -0.5707
vn -0.6715 0.5281 -0.5198
vn -0.8328 0.2798 -0.4776
vn -0.9569 -0.0221 -0.2896
vn -0.9472 -0.0540 -0.3160
vn -0.9372 -0.3416 -0.0704
vn -0.9491 -0.3149 0.0006
vn -0.9546 -0.2927 0.0552
vn -0.8207 -0.5469 0.1653
vn -0.8572 -0.4370 0.2725
vn -0.8710 -0.3843 0.3059
vn -0.9377 -0.3472 -0.0112
vn -0.8033 -0.5768 0.1480
vn -0.6516 -0.4791 -0.5881
vn -0.2763 -0.8890 -0.3653
vn 0.0816 -0.4088 -0.9090
vn 0.2067 0.0396 -0.9776
vn 0.3732 -0.3194 -0.8710
vn 0.1180 -0.8478 -0.5170
vn -0.4991 -0.8424 0.2033
vn -0.1485 -0.9889 -0.0088
vn -0.1195 -0.9924 0.0284
vn -0.2505 -0.8710 0.4227
vn -0.3781 -0.7763 0.5044
vn -0.0500 -0.7377 0.6733
vn -0.0373 -0.7852 0.6181
vn 0.2626 -0.6983 0.6659
vn 0.2466 -0.8182 0.5195
vn 0.4811 -0.6665 0.5695
vn 0.4242 -0.8605 0.2820
vn 0.2965 -0.9517 -0.0795
vn 0.5287 -0.8486 0.0213
vn 0.3807 -0.8957 -0.2300
vn 0.3967 -0.8894 -0.2272
vn 0.2485 -0.9547 -0.1637
vn 0.4689 -0.8714 -0.1443
vn 0.2782 -0.9558 -0.0949
vn 0.5275 -0.8466 -0.0701
vn 0.3171 -0.9483 -0.0161
vn 0.1692 -0.9850 0.0352
vn 0.0774 -0.9944 0.0720
vn 0.0783 -0.9941 0.0751
vn 0.0830 -0.9819 0.1705
vn 0.4694 -0.8804 0.0676
vn 0.5134 -0.8520 -0.1028
vn 0.5804 -0.7741 -0.2529
vn 0.8614 -0.4967 -0.1061
vn 0.8164 -0.5147 -0.2619
vn 0.6896 -0.6260 -0.3642
vn 0.2802 -0.9219 -0.2676
vn 0.5524 -0.7928 -0.2575
vn 0.5235 -0.8393 -0.1467
vn 0.1278 -0.9858 -0.1092
vn -0.3855 -0.9217 0.0436
vn -0.4963 -0.8485 0.1837
vn -0.5377 -0.8302 0.1469
vn -0.3788 -0.9201 0.0994
vn -0.1335 -0.9907 -0.0281
vn 0.0409 -0.9965 -0.0727
vn 0.1131 -0.9873 -0.1112
vn 0.0538 -0.9954 -0.0788
vn -0.4597 -0.8750 0.1518
vn -0.2442 -0.9629 0.1148
vn 0.0087 -0.9939 0.1096
vn 0.7287 -0.6814 -0.0692
vn 0.7956 -0.6054 0.0209
vn 0.6680 -0.7196 -0.1895
vn 0.7216 -0.6829 -0.1139
vn 0.8021 -0.5421 -0.2505
vn 0.8334 -0.5311 -0.1527
vn 0.8606 -0.3891 -0.3286
vn 0.7430 -0.5684 -0.3533
vn 0.5814 -0.7641 -0.2796
vn 0.5135 -0.7935 -0.3267
vn 0.6707 -0.6113 -0.4202
vn 0.6041 -0.7686 -0.2104
vn 0.6760 -0.6189 -0.3999
vn 0.8141 -0.5597 0.1551
vn 0.8871 -0.4426 -0.1308
vn 0.8756 -0.3383 -0.3447
vn 0.9610 -0.1236 0.2472
vn 0.9988 0.0257 0.0424
vn 0.9705 0.1167 -0.2108
vn 0.8236 -0.2671 -0.5003
vn 0.8600 0.1821 -0.4767
vn 0.7266 -0.2254 -0.6491
vn 0.6987 0.1893 -0.6899
vn 0.5935 -0.2373 -0.7690
vn 0.5926 -0.2461 -0.7670
vn 0.4626 -0.2728 -0.8436
vn 0.4851 -0.2331 -0.8428
vn 0.5150 -0.1636 -0.8414
vn 0.6124 -0.1732 -0.7713
vn 0.5415 0.1493 -0.8273
vn 0.3970 0.0713 -0.9150
vn 0.4841 0.6986 -0.5269
vn 0.3416 0.6738 -0.6552
vn 0.2121 0.6151 -0.7594
vn 0.2875 0.8098 -0.5114
vn 0.1667 0.8249 -0.5402
vn 0.0560 0.8456 -0.5309
vn 0.1782 0.8257 -0.5353
vn 0.0669 0.8495 -0.5234
vn -0.0670 0.8577 -0.5097
vn 0.0785 0.8768 -0.4744
vn -0.0601 0.8869 -0.4580
vn -0.2590 0.8477 -0.4630
vn -0.0444 0.9310 -0.3623
vn -0.2693 0.8986 -0.3465
vn -0.5365 0.7664 -0.3533
vn -0.4828 0.7227 -0.4946
vn -0.7466 0.5507 -0.3732
vn -0.5788 0.7816 -0.2328
vn -0.8091 0.5346 -0.2440
vn -0.9269 0.2758 -0.2547
vn -0.8876 0.2957 -0.3532
vn -0.9764 -0.0148 -0.2154
vn -0.9671 -0.0047 -0.2543
vn -0.9244 -0.3585 -0.1301
vn -0.9278 -0.3571 -0.1080
vn -0.7410 -0.6694 -0.0538
vn -0.7492 -0.6623 0.0079
vn -0.7734 -0.6297 0.0723
vn -0.5176 -0.8521 0.0775
vn -0.5336 -0.8306 0.1591
vn -0.5832 -0.7742 0.2462
vn -0.2673 -0.9318 0.2457
vn -0.2632 -0.9063 0.3307
vn -0.3192 -0.8399 0.4390
vn -0.6725 -0.6431 0.3663
vn -0.4078 -0.7427 0.5311
vn -0.7424 -0.5035 0.4419
vn -0.4436 -0.7028 0.5561
vn -0.7290 -0.5556 0.3998
vn 0.0046 -0.8202 0.5720
vn -0.0262 -0.7643 0.6443
vn 0.2688 -0.7744 0.5728
vn 0.2656 -0.7146 0.6472
vn 0.4792 -0.6902 0.5422
vn 0.4836 -0.6317 0.6058
vn 0.6716 -0.5617 0.4832
vn 0.6811 -0.5090 0.5264
vn 0.6673 -0.6294 0.3982
vn 0.8498 -0.3320 0.4094
vn 0.8327 -0.3546 0.4253
vn 0.9308 -0.0564 0.3610
vn 0.8127 -0.4568 0.3619
vn 0.9361 -0.1711 0.3073
vn 0.9660 0.1589 0.2041
vn 0.9441 0.2192 0.2463
vn 0.9056 0.4213 0.0492
vn 0.9116 0.4079 0.0517
vn 0.7803 0.6140 -0.1191
vn 0.8094 0.5595 -0.1783
vn 0.6020 0.7485 -0.2781
vn 0.6465 0.6655 -0.3730
vn 0.4304 0.8004 -0.4173
vn 0.6065 0.7285 -0.3186
vn 0.4279 0.7858 -0.4466
vn 0.2913 0.8038 -0.5187
vn 0.4069 0.8097 -0.4228
vn 0.2847 0.8332 -0.4742
vn 0.1851 0.8541 -0.4862
vn 0.2721 0.8786 -0.3925
vn 0.1902 0.8962 -0.4008
vn 0.0953 0.9171 -0.3871
vn 0.1919 0.9269 -0.3227
vn 0.1144 0.9410 -0.3185
vn -0.0152 0.9577 -0.2874
vn 0.1242 0.9447 -0.3036
vn 0.0139 0.9553 -0.2954
vn -0.2313 0.9323 -0.2782
vn -0.2595 0.9329 -0.2496
vn -0.5851 0.7691 -0.2570
vn -0.1907 0.8642 -0.4656
vn -0.5390 0.7058 -0.4597
vn -0.7959 0.4445 -0.4110
vn -0.8318 0.4980 -0.2451
vn -0.9050 0.2057 -0.3723
vn -0.9384 0.2408 -0.2480
vn -0.9481 -0.0025 -0.3180
vn -0.9762 -0.0177 -0.2160
vn -0.9190 -0.3191 -0.2314
vn -0.9271 -0.3468 -0.1425
vn -0.7142 -0.6814 -0.1601
vn -0.7347 -0.6730 -0.0853
vn -0.7948 -0.2463 -0.5546
vn -0.6101 -0.6278 -0.4833
vn -0.4391 -0.7886 -0.4305
vn -0.3317 -0.3679 -0.8687
vn -0.2540 -0.4969 -0.8298
vn -0.2713 -0.4080 -0.8718
vn -0.4633 -0.7487 -0.4741
vn -0.2350 -0.2148 -0.9480
vn -0.5367 -0.5894 -0.6038
vn -0.0661 -0.1034 -0.9924
vn -0.0709 -0.1463 -0.9867
vn -0.0094 -0.0188 -0.9998
vn -0.0029 -0.0059 -1.0000
vn -0.0789 -0.0948 -0.9924
vn -0.1080 -0.0251 -0.9938
vn -0.4365 -0.1124 -0.8926
vn -0.4505 0.0208 -0.8925
vn -0.1275 0.0087 -0.9918
vn -0.8042 0.0201 -0.5941
vn -0.7578 0.1600 -0.6326
vn -0.4353 0.0903 -0.8958
vn -0.3784 0.2024 -0.9032
vn -0.1280 0.0315 -0.9913
vn -0.6484 0.3483 -0.6769
vn -0.4115 0.5460 -0.7298
vn -0.2298 0.3171 -0.9201
vn -0.0637 0.3568 -0.9320
vn -0.1319 0.6653 -0.7348
vn 0.0297 0.6940 -0.7193
vn 0.0128 0.3389 -0.9407
vn 0.0307 0.8980 -0.4389
vn 0.1179 0.9035 -0.4121
vn 0.0849 0.6983 -0.7108
vn 0.1153 0.6936 -0.7111
vn 0.0376 0.2812 -0.9589
vn 0.0306 0.3115 -0.9498
vn 0.1660 0.9056 -0.3903
vn 0.2020 0.9085 -0.3659
vn 0.1306 0.6895 -0.7124
vn 0.1856 0.9382 -0.2920
vn 0.2387 0.9357 -0.2596
vn 0.3106 0.9289 -0.2017
vn 0.2403 0.9218 -0.3043
vn 0.2579 0.9169 -0.3045
vn 0.3541 0.8928 -0.2783
vn 0.5522 0.7952 -0.2505
vn 0.5056 0.8541 -0.1221
vn 0.3803 0.8507 -0.3630
vn 0.5721 0.7560 -0.3179
vn 0.7966 0.5421 -0.2673
vn 0.8108 0.5362 -0.2348
vn 0.5881 0.7368 -0.3335
vn 0.7945 0.5622 -0.2298
vn 0.9463 0.2947 -0.1330
vn 0.9411 0.2538 -0.2235
vn 0.7923 0.5846 -0.1746
vn 0.9347 0.3538 -0.0343
vn 0.9941 0.0454 0.0985
vn 0.9991 -0.0331 -0.0281
vn 0.9342 -0.3445 0.0925
vn 0.9287 -0.3669 -0.0536
vn 0.9853 -0.0675 -0.1568
vn 0.9342 -0.2858 0.2135
vn 0.7990 -0.5217 0.2990
vn 0.8081 -0.5529 0.2032
vn 0.6684 -0.6867 0.2858
vn 0.6708 -0.7314 0.1226
vn 0.8148 -0.5779 0.0464
vn 0.6597 -0.6578 0.3633
vn 0.4838 -0.7684 0.4189
vn 0.4861 -0.8053 0.3394
vn 0.6613 -0.6297 0.4075
vn 0.4796 -0.7456 0.4627
vn 0.2712 -0.8280 0.4908
vn 0.2635 -0.8573 0.4424
vn 0.0305 -0.9120 0.4091
vn 0.0002 -0.9464 0.3229
vn 0.2541 -0.8989 0.3568
vn 0.0377 -0.8752 0.4823
vn -0.0128 -0.9821 0.1878
vn 0.2500 -0.9480 0.1971
vn 0.4821 -0.8589 0.1728
vn 0.2555 -0.9654 0.0513
vn 0.4744 -0.8802 0.0131
vn 0.6601 -0.7504 -0.0346
vn 0.8018 -0.5907 -0.0904
vn -0.2762 -0.9508 0.1404
vn 0.8319 0.5517 -0.0601
vn 0.8407 0.5408 -0.0256
vn 0.4219 0.8912 -0.1665
vn 0.1381 0.7172 -0.6830
vn 0.0338 0.2766 -0.9604
vn 0.0369 0.2633 -0.9640
vn -0.0035 0.0174 -0.9998
vn -0.0055 0.0278 -0.9996
vn -0.0020 0.0419 -0.9991
vn -0.0046 -0.0087 -1.0000
vn -0.0038 0.0023 -1.0000
vn -0.0038 0.0102 -0.9999
vn -0.0003 0.0627 -0.9980
vn -0.0072 0.0174 -0.9998
vn -0.0034 0.0858 -0.9963
vn -0.0020 0.0032 -1.0000
vn -0.0057 0.0080 -1.0000
vn -0.0009 -0.0005 -1.0000
vn -0.0047 0.0026 -1.0000
vn -0.0084 0.0062 -0.9999
vn -0.0209 0.0110 -0.9997
vn -0.0011 -0.0032 -1.0000
vn 0.0045 -0.0064 -1.0000
vn 0.0033 -0.0040 -1.0000
vn 0.0108 -0.0107 -0.9999
vn 0.0160 -0.0135 -0.9998
vn 0.0003 -0.0019 -1.0000
vn 0.0040 -0.0087 -1.0000
vn 0.0120 -0.0163 -0.9998
vn 0.0017 -0.0212 -0.9998
vn 0.0597 -0.0300 -0.9978
vn 0.0314 -0.0099 -0.9995
vn 0.2912 -0.0166 -0.9565
vn 0.7587 0.0453 -0.6498
vn -0.4761 -0.6851 -0.5514
vn -0.4994 -0.8224 -0.2724
vn -0.6310 -0.7051 -0.3235
vn -0.4717 -0.8817 0.0092
vn -0.6068 -0.7944 -0.0287
vn -0.7181 -0.6913 -0.0801
vn -0.5447 -0.8017 0.2462
vn -0.6832 -0.7011 0.2043
vn -0.7020 -0.6841 0.1980
vn -0.4771 -0.8705 -0.1213
vn -0.6319 -0.6141 0.4729
vn -0.4779 -0.7352 0.4808
vn -0.3918 -0.6212 0.6787
vn -0.5696 -0.4729 0.6723
vn -0.2491 -0.4204 0.8725
vn -0.4125 -0.2783 0.8674
vn -0.0539 -0.1059 0.9929
vn -0.1421 -0.0091 0.9898
vn 0.1117 0.2105 0.9712
vn 0.0928 0.2556 0.9623
vn 0.2301 0.4860 0.8431
vn 0.1524 0.1462 0.9775
vn 0.2383 0.4563 0.8574
vn 0.3279 0.7023 0.6319
vn 0.3323 0.7087 0.6223
vn 0.4187 0.8338 0.3598
vn 0.4189 0.8383 0.3490
vn 0.3964 0.6522 0.6462
vn 0.4601 0.8068 0.3706
vn 0.4907 0.8565 0.1600
vn 0.5322 0.7617 0.3695
vn 0.5236 0.8351 0.1688
vn 0.5155 0.8564 0.0272
vn 0.5816 0.7949 0.1731
vn 0.5528 0.8328 0.0293
vn 0.5282 0.8378 -0.1380
vn 0.5094 0.8504 -0.1315
vn 0.5018 0.7820 -0.3696
vn 0.4978 0.7934 -0.3504
vn 0.4427 0.6013 -0.6652
vn 0.4473 0.6204 -0.6442
vn 0.3379 0.3130 -0.8876
vn 0.3243 0.3368 -0.8840
vn 0.3427 0.3408 -0.8755
vn 0.1712 0.0608 -0.9834
vn 0.1630 0.0595 -0.9848
vn 0.0286 -0.1713 -0.9848
vn -0.0192 -0.1490 -0.9886
vn -0.0926 -0.3998 -0.9119
vn -0.1837 -0.3531 -0.9174
vn -0.1962 -0.6404 -0.7426
vn -0.2957 -0.5822 -0.7574
vn -0.2573 -0.8257 -0.5020
vn -0.3601 -0.7742 -0.5205
vn -0.2680 -0.9339 -0.2367
vn -0.3760 -0.8929 -0.2477
vn -0.2423 -0.9699 0.0253
vn -0.3489 -0.9368 0.0243
vn -0.1967 -0.9460 0.2576
vn -0.2946 -0.9175 0.2673
vn -0.4098 -0.8732 0.2637
vn -0.2234 -0.8498 0.4774
vn -0.3316 -0.8106 0.4827
vn -0.1324 -0.7366 0.6632
vn -0.2378 -0.6997 0.6737
vn -0.0036 -0.5317 0.8469
vn -0.1038 -0.4968 0.8616
vn 0.1339 -0.2367 0.9623
vn 0.0443 -0.1901 0.9808
vn 0.2345 0.0708 0.9695
vn 0.2190 -0.2890 0.9319
vn 0.3387 -0.0023 0.9409
vn 0.4387 0.2866 0.8517
vn 0.3146 0.3809 0.8695
vn 0.5121 0.5734 0.6394
vn 0.5362 0.2137 0.8166
vn 0.6095 0.4976 0.6171
vn 0.6126 0.7031 0.3612
vn 0.6163 0.4815 0.6231
vn 0.4940 0.5534 0.6706
vn 0.4279 -0.0639 0.9015
vn 0.2936 -0.3407 0.8932
vn 0.1391 -0.5971 0.7900
vn 0.1700 -0.6007 0.7812
vn 0.0769 -0.5666 0.8204
vn -0.0499 -0.7612 0.6466
vn 0.0112 -0.7811 0.6243
vn -0.0661 -0.8958 0.4395
vn -0.0222 -0.9185 0.3948
vn 0.0356 -0.7968 0.6032
vn -0.1363 -0.8760 0.4627
vn -0.1134 -0.9631 0.2439
vn -0.1533 -0.9878 0.0279
vn -0.0592 -0.9965 0.0597
vn -0.0330 -0.9750 0.2196
vn 0.0301 -0.9867 0.1600
vn -0.0416 -0.9566 0.2884
vn 0.1303 -0.9897 0.0596
vn -0.0297 -0.8110 0.5843
vn 0.5255 -0.8504 -0.0246
vn 0.9035 -0.4285 0.0036
vn 0.9597 -0.2763 0.0511
vn 0.9692 -0.2438 -0.0350
vn 0.9138 -0.3981 -0.0808
vn 0.9338 -0.3576 0.0134
vn 0.9609 -0.2747 -0.0349
vn 0.8826 -0.4083 -0.2329
vn 0.9028 -0.3292 0.2767
vn 0.9147 -0.2308 0.3318
vn 0.9812 0.1887 -0.0399
vn 0.8533 -0.3437 0.3922
vn 0.8293 -0.2775 0.4850
vn 0.9202 -0.3702 0.1271
vn 0.8825 -0.1195 -0.4549
vn 0.8502 -0.2367 -0.4703
vn 0.5755 -0.0604 -0.8156
vn 0.5665 -0.0211 -0.8238
vn 0.4224 -0.0372 -0.9057
vn 0.4380 0.0973 -0.8937
vn 0.4326 0.3992 -0.8084
vn 0.3966 0.7846 -0.4765
vn 0.4082 0.1774 -0.8955
vn 0.4496 0.4903 -0.7467
vn 0.4854 0.7733 -0.4080
vn 0.4553 0.5537 -0.6972
vn 0.5208 0.7631 -0.3827
vn 0.5618 0.8172 -0.1285
vn 0.5987 0.8003 0.0327
vn 0.3730 0.2537 -0.8925
vn 0.3600 -0.0222 -0.9327
vn 0.2913 0.0048 -0.9566
vn 0.2210 0.0378 -0.9745
vn 0.2011 -0.1957 -0.9598
vn 0.1101 -0.1916 -0.9753
vn 0.0901 -0.4161 -0.9049
vn 0.0010 -0.4236 -0.9059
vn -0.0333 -0.6931 -0.7201
vn -0.1062 -0.6781 -0.7272
vn -0.1055 -0.8988 -0.4254
vn -0.1702 -0.8642 -0.4735
vn -0.1002 -0.9832 -0.1528
vn -0.1795 -0.9593 -0.2180
vn 0.0146 -0.6945 -0.7194
vn 0.1646 -0.3755 -0.9121
vn 0.2419 -0.3202 -0.9159
vn 0.0469 -0.7004 -0.7122
vn 0.3666 -0.1234 -0.9221
vn 0.5423 -0.0669 -0.8375
vn 0.2823 -0.1700 -0.9441
vn 0.8782 0.0216 -0.4777
vn 0.9422 0.0065 -0.3350
vn 0.8217 -0.5697 0.0115
vn 0.7654 -0.0000 0.6436
vn 0.1295 -0.0000 -0.9916
vn 0.1883 -0.0000 -0.9821
vn 0.1770 -0.1315 -0.9754
vn 0.2337 -0.0000 -0.9723
vn 0.2253 -0.1388 -0.9643
vn 0.2062 -0.2642 -0.9422
vn 0.2702 -0.1441 -0.9520
vn 0.2644 -0.2788 -0.9232
vn 0.2573 -0.4141 -0.8731
vn 0.3376 -0.2867 -0.8965
vn 0.3473 -0.4263 -0.8353
vn 0.3570 -0.5665 -0.7428
vn 0.4396 -0.4201 -0.7939
vn 0.4729 -0.5462 -0.6914
vn 0.5070 -0.6526 -0.5631
vn 0.3667 -0.6985 -0.6145
vn 0.5536 -0.5197 -0.6507
vn 0.5824 -0.6062 -0.5417
vn 0.5913 -0.4995 -0.6332
vn 0.6067 -0.5692 -0.5549
vn 0.5343 -0.5130 -0.6719
vn 0.6117 -0.5321 -0.5853
vn 0.5538 -0.4834 -0.6780
vn 0.5749 -0.5166 -0.6346
vn 0.6014 -0.5182 -0.6081
vn 0.7847 -0.5745 -0.2330
vn 0.6841 -0.5717 -0.4530
vn 0.8563 -0.5128 -0.0619
vn 0.8724 -0.4448 0.2026
vn 0.9441 -0.3291 0.0198
vn 0.9487 -0.2591 0.1813
vn 0.9398 -0.2398 0.2433
vn 0.9835 -0.0000 0.1807
vn 0.9702 -0.0000 0.2424
vn 0.9522 -0.0000 0.3055
vn 0.2735 -0.0000 -0.9619
vn 0.3331 -0.1467 -0.9314
vn 0.4036 -0.1449 -0.9034
vn 0.4164 -0.2835 -0.8638
vn 0.4650 -0.1405 -0.8741
vn 0.4845 -0.2737 -0.8309
vn 0.5156 -0.4038 -0.7557
vn 0.5286 -0.2667 -0.8059
vn 0.5591 -0.3906 -0.7314
vn 0.5377 -0.2693 -0.7990
vn 0.5675 -0.3898 -0.7252
vn 0.6052 -0.4911 -0.6265
vn 0.5943 -0.4869 -0.6401
vn 0.4424 -0.5071 -0.7396
vn 0.4969 -0.5667 -0.6572
vn 0.2375 -0.4169 -0.8774
vn 0.5332 -0.4971 -0.6846
vn 0.8356 -0.4483 -0.3174
vn 0.6486 -0.0000 -0.7612
vn 0.9598 -0.0000 -0.2808
vn 0.9992 -0.0000 0.0399
vn 0.4985 -0.0000 -0.8669
vn 0.5063 -0.1379 -0.8512
vn 0.5078 -0.0000 -0.8615
vn 0.5157 -0.1398 -0.8453
vn 0.4027 -0.0000 -0.9153
vn 0.3353 0.0443 -0.9411
vn 0.3792 -0.7908 -0.4804
vn 0.6179 -0.4677 -0.6320
vn 0.3439 -0.0000 0.9390
vn -0.0848 -0.0000 0.9964
vn 0.7770 -0.0000 0.6295
vn 0.9141 -0.0000 0.4055
vn 0.8748 -0.0000 0.4846
vn 0.8420 -0.0000 0.5394
vn 0.1571 -0.0000 -0.9876
vn -0.6486 -0.0000 0.7611
vn -0.9690 -0.0000 -0.2471
vn -0.7850 -0.0000 0.6196
vn -0.8439 -0.0000 0.5365
vn 0.7050 -0.0000 0.7092
vn -0.9819 -0.0000 0.1896
vn -0.8524 -0.0000 0.5229
vn -0.6031 -0.0000 0.7976
vn -0.2641 -0.0000 0.9645
vn -0.8622 -0.0000 -0.5066
vn -0.6554 -0.0000 -0.7553
vn -0.9299 -0.0000 -0.3677
vn -0.9247 -0.0000 -0.3806
vn -0.2336 -0.0000 -0.9723
vn 0.1202 -0.0000 -0.9928
vn 0.1470 -0.0000 -0.9891
vn 0.0941 -0.0000 -0.9956
vn 0.7128 -0.0000 0.7013
vn 0.3804 -0.0000 0.9248
vn 0.8489 -0.0000 0.5286
vn 0.8175 -0.0000 0.5759
vn 0.1888 -0.0000 -0.9820
vn 0.0722 -0.0000 -0.9974
vn 0.0935 -0.0000 -0.9956
vn 0.5607 -0.0000 -0.8281
vn 0.9654 -0.0000 0.2606
vn 0.9997 -0.0000 -0.0230
vn 0.8771 -0.0000 -0.4802
vn 0.9024 -0.0000 -0.4310
vn 0.8368 -0.0000 -0.5475
vn 0.3778 -0.0000 -0.9259
vn 0.2746 -0.0000 -0.9616
vn 0.1099 -0.0000 -0.9939
vn 0.0564 -0.0000 -0.9984
vn -0.9362 -0.0000 -0.3516
vn 0.3328 -0.0000 -0.9430
vn 0.3999 -0.0000 -0.9165
vn 0.4583 -0.0000 -0.8888
vn 0.4828 -0.0000 -0.8757
vn 0.1806 -0.0000 -0.9836
vn 0.1539 -0.0000 -0.9881
vn -0.0087 0.0019 -1.0000
vn -0.0246 -0.0374 -0.9990
vn -0.4157 0.5046 -0.7567
vn -0.0644 0.9963 0.0560
vn -0.0608 0.9299 0.3628
vn -0.1363 0.9855 -0.1011
vn -0.7198 0.6070 -0.3369
vn -0.5020 0.5273 -0.6855
vn -0.7117 0.1391 -0.6885
vn -0.8960 0.2189 -0.3863
vn 0.0746 0.5912 -0.8031
vn -0.2361 0.9067 0.3496
vn 0.5536 0.7763 0.3015
vn 0.4574 0.8749 0.1590
vn -0.3038 0.9523 0.0269
vn 0.3092 0.7551 0.5781
vn 0.7420 0.6701 0.0189
vn 0.3602 0.8528 0.3781
vn 0.0393 0.0520 -0.9979
vn 0.6748 0.2859 -0.6804
vn 0.2684 0.2271 -0.9362
vn 0.8371 0.5406 0.0836
vn 0.9799 0.1610 -0.1174
vn 0.6191 -0.0322 -0.7847
vn 0.9978 0.0625 -0.0206
vn 0.4171 -0.2005 -0.8864
vn 0.0977 0.9889 0.1122
vn 0.7915 0.2899 -0.5381
vn 0.6516 0.6245 -0.4306
vn -0.0190 0.9635 0.2670
vn -0.0132 0.8975 0.4408
vn 0.7398 0.0753 0.6685
vn 0.3616 0.9007 0.2407
vn 0.7989 0.1209 0.5892
vn 0.5052 0.2404 0.8288
vn 0.0404 0.9711 -0.2352
vn 0.1896 0.7264 -0.6606
vn 0.7567 0.6507 0.0629
vn 0.0806 0.9668 0.2427
vn 0.7933 0.2023 0.5743
vn 0.4122 0.1412 0.9001
vn 0.3600 0.1795 0.9155
vn 0.5939 -0.8028 0.0529
vn 0.7134 -0.4622 0.5267
vn 0.4359 -0.7542 0.4911
vn 0.9204 -0.3382 -0.1964
vn 0.5773 -0.7635 0.2896
vn 0.6254 -0.7662 0.1476
vn 0.4815 0.2907 -0.8268
vn 0.3222 0.9263 0.1952
vn 0.6597 0.7119 0.2409
vn -0.0186 0.0033 -0.9998
vn -0.0218 -0.0033 -0.9998
vn -0.0082 -0.0018 -1.0000
vn -0.0063 0.0044 -1.0000
vn -0.0117 0.0123 -0.9999
vn -0.0045 0.0006 -1.0000
vn -0.0130 -0.0277 -0.9995
vn -0.0097 -0.0129 -0.9999
vn -0.0233 -0.0228 -0.9995
vn -0.1241 -0.0725 -0.9896
vn -0.0880 -0.1270 -0.9880
vn -0.0247 -0.1183 -0.9927
vn -0.0959 0.7655 -0.6363
vn -0.0156 0.6897 -0.7239
vn -0.3807 0.5120 -0.7700
vn -0.3059 0.5379 -0.7856
vn -0.1952 0.7654 -0.6133
vn -0.4184 0.3938 -0.8185
vn -0.5098 0.3856 -0.7691
vn -0.0282 0.9996 0.0035
vn 0.0152 0.9960 0.0886
vn -0.0428 0.9935 0.1053
vn -0.0991 0.9945 0.0347
vn -0.0851 0.9949 -0.0550
vn -0.0774 0.9932 0.0873
vn -0.1555 0.9472 0.2803
vn -0.0063 0.9918 0.1276
vn 0.0411 0.9511 0.3060
vn -0.1501 0.7398 0.6559
vn -0.3818 0.7449 0.5472
vn 0.0857 0.7558 0.6491
vn -0.0745 0.9895 -0.1237
vn 0.0154 0.9957 -0.0910
vn -0.0905 0.9932 -0.0727
vn -0.2283 0.9660 -0.1211
vn -0.2080 0.9645 -0.1628
vn -0.2106 0.9746 -0.0760
vn -0.6216 0.6926 -0.3659
vn -0.6146 0.7412 -0.2698
vn -0.7451 0.6096 -0.2707
vn -0.8403 0.4229 -0.3393
vn -0.7787 0.4722 -0.4131
vn -0.6579 0.5583 -0.5055
vn -0.5426 0.5412 -0.6425
vn -0.6207 0.7140 -0.3239
vn -0.4768 0.7432 -0.4695
vn -0.3598 0.7788 -0.5138
vn -0.4996 0.6606 -0.5604
vn -0.6811 0.4321 -0.5911
vn -0.7143 0.3861 -0.5837
vn -0.5153 0.4343 -0.7388
vn -0.4411 0.4265 -0.7896
vn -0.4154 0.2478 -0.8753
vn -0.1933 0.4343 -0.8798
vn -0.2456 0.4639 -0.8511
vn -0.4308 0.0499 -0.9011
vn -0.7275 -0.2693 -0.6310
vn -0.9376 0.0632 -0.3420
vn -0.1355 0.4650 -0.8749
vn -0.9116 0.1811 -0.3691
vn -0.8632 0.2944 -0.4101
vn -0.8630 0.3004 -0.4062
vn -0.8969 0.2734 -0.3476
vn -0.9250 0.1212 -0.3600
vn -0.9239 0.0799 -0.3743
vn -0.3681 0.5161 -0.7734
vn 0.0010 0.1524 -0.9883
vn 0.4701 0.3987 -0.7875
vn 0.6930 0.6997 -0.1736
vn 0.1747 0.9573 -0.2305
vn -0.4245 0.8946 -0.1394
vn 0.1945 0.9125 0.3599
vn -0.2852 0.9304 0.2303
vn -0.5417 0.8364 -0.0839
vn 0.1079 0.9369 0.3325
vn 0.7052 0.7045 -0.0800
vn 0.3061 0.9511 0.0424
vn 0.0168 0.9953 0.0949
vn 0.4649 0.8814 0.0835
vn 0.4804 0.8768 -0.0198
vn 0.4335 0.9009 0.0189
vn -0.4555 0.8833 -0.1114
vn -0.5038 0.8620 -0.0564
vn -0.5022 0.8532 -0.1412
vn -0.2713 0.9620 0.0317
vn -0.5048 0.8632 -0.0106
vn -0.0096 0.9980 0.0633
vn 0.1309 0.9794 -0.1540
vn 0.8521 0.3445 0.3941
vn 0.0172 0.9612 -0.2752
vn 0.8530 0.3557 0.3818
vn 0.1161 0.4633 -0.8786
vn 0.8661 -0.0562 -0.4968
vn 0.6234 0.7594 0.1862
vn -0.0012 0.0123 -0.9999
vn 0.0047 0.0090 -0.9999
vn 0.0195 0.0205 -0.9996
vn 0.1745 0.3470 -0.9215
vn 0.2168 0.1419 -0.9658
vn -0.0070 0.0407 -0.9991
vn 0.0163 0.0922 -0.9956
vn -0.0172 0.4791 -0.8776
vn 0.0475 0.0131 -0.9988
vn 0.2113 -0.0349 -0.9768
vn 0.3495 0.1127 -0.9301
vn 0.0603 0.0258 -0.9978
vn 0.0525 0.0534 -0.9972
vn 0.1208 0.2366 -0.9641
vn 0.5932 0.6546 -0.4686
vn 0.8432 0.3427 -0.4143
vn 0.9199 0.0216 -0.3917
vn 0.7936 0.5739 0.2019
vn 0.7978 0.6000 -0.0592
vn 0.6566 0.7527 -0.0482
vn 0.9131 0.4078 0.0035
vn 0.6876 0.7131 -0.1365
vn 0.2478 0.3247 -0.9128
vn 0.6261 -0.2607 -0.7349
vn 0.9804 -0.1909 -0.0491
vn 0.8922 0.2530 0.3742
vn 0.1601 -0.0764 -0.9841
vn 0.9889 -0.0888 -0.1193
vn 0.9942 -0.0966 -0.0463
vn 0.9848 -0.1600 -0.0673
vn 0.9724 0.0813 -0.2185
vn 0.9136 0.3757 -0.1555
vn 0.9472 -0.2156 -0.2374
vn 0.1265 -0.3101 -0.9423
vn 0.2951 -0.7584 -0.5811
vn 0.7351 -0.4941 -0.4642
vn 0.3979 0.0554 -0.9158
vn 0.0656 0.0116 -0.9978
vn 0.8684 0.0108 -0.4958
vn 0.3083 0.9513 -0.0049
vn 0.2135 0.9769 -0.0111
vn 0.0967 0.9782 0.1835
vn -0.1189 0.9341 0.3365
vn 0.0509 0.9150 0.4003
vn 0.1946 0.9632 0.1853
vn 0.1442 0.9885 -0.0460
vn 0.1442 0.9888 -0.0382
vn 0.0586 0.9982 0.0093
vn 0.1375 0.9904 -0.0116
vn 0.7442 0.3559 -0.5653
vn 0.6910 0.2904 -0.6620
vn 0.7143 0.2289 -0.6614
vn 0.7284 0.1489 -0.6688
vn 0.8197 0.1744 -0.5455
vn 0.7604 0.4272 -0.4892
vn 0.7269 0.4656 -0.5047
vn 0.8394 0.2737 -0.4697
vn 0.8154 0.3917 -0.4263
vn 0.8588 0.1699 -0.4833
vn 0.2179 0.7303 -0.6475
vn 0.4329 0.2397 -0.8690
vn 0.8513 0.1064 -0.5137
vn 0.9786 0.0417 0.2015
vn 0.6804 0.6985 0.2216
vn 0.0360 0.9990 -0.0257
vn -0.0486 0.9988 -0.0016
vn -0.0759 0.9380 -0.3384
vn -0.1026 0.9714 -0.2141
vn 0.4406 0.5791 0.6859
vn 0.3904 0.6291 0.6722
vn 0.5180 0.7870 0.3351
vn 0.1340 0.9654 0.2236
vn 0.0251 0.9901 0.1380
vn 0.9782 -0.0649 0.1975
vn 0.4575 0.8772 -0.1459
vn 0.9031 0.4097 -0.1290
vn 0.7844 0.4959 0.3726
vn -0.0018 0.8604 0.5095
vn -0.0105 0.9967 0.0801
vn 0.2488 0.4889 0.8361
vn 0.9744 0.1594 0.1584
vn 0.8829 0.1693 0.4379
vn 0.9178 0.2269 0.3257
vn 0.8601 0.3490 0.3720
vn 0.9014 0.2243 0.3703
vn 0.8627 0.4379 0.2528
vn 0.5711 0.3368 0.7486
vn 0.3330 0.3036 0.8927
vn 0.1291 0.5465 0.8275
vn 0.4022 0.9136 0.0605
vn 0.0764 0.9822 0.1715
vn -0.0465 0.9957 -0.0803
vn -0.4104 0.7573 -0.5080
vn -0.6534 0.6640 -0.3636
vn 0.6416 0.7654 -0.0501
vn 0.8242 0.5650 -0.0371
vn 0.0175 0.8112 -0.5844
vn -0.0895 0.7086 -0.6999
vn 0.0491 0.6357 -0.7704
vn 0.2268 0.8633 -0.4509
vn 0.0850 0.9188 -0.3856
vn 0.1263 0.5210 -0.8442
vn 0.2368 0.5607 -0.7935
vn 0.8684 0.4959 0.0084
vn 0.8780 0.4754 0.0557
vn 0.8106 0.5790 0.0878
vn 0.7934 0.6017 -0.0923
vn 0.6015 0.7906 -0.1149
vn 0.5775 0.8074 0.1207
vn 0.9103 0.4100 -0.0575
vn -0.1086 0.9481 -0.2989
vn -0.1013 0.9842 0.1452
vn 0.0017 0.9167 0.3996
vn 0.0652 0.7808 0.6213
vn 0.1183 0.7502 0.6505
vn 0.2370 0.9056 0.3518
vn 0.0478 0.8198 0.5707
vn 0.7619 -0.1419 0.6320
vn 0.5824 -0.4863 0.6514
vn 0.8470 -0.1489 0.5103
vn 0.8224 0.2059 0.5303
vn 0.7709 0.3467 0.5343
vn 0.7987 0.2042 0.5660
vn 0.7603 -0.0149 0.6494
vn 0.6252 0.4670 0.6253
vn 0.3904 -0.1452 0.9091
vn 0.4289 -0.2029 0.8803
vn 0.5500 -0.1813 0.8153
vn 0.4598 0.1051 0.8818
vn 0.3341 0.3597 0.8712
vn 0.8375 0.1444 0.5270
vn 0.5524 -0.7507 0.3625
vn 0.5199 -0.8004 0.2984
vn 0.8555 -0.5165 0.0359
vn 0.8004 -0.5720 -0.1795
vn 0.7645 -0.6441 0.0254
vn 0.4298 -0.5932 0.6807
vn 0.9766 0.1704 -0.1312
vn 0.4431 -0.8844 0.1464
vn 0.3812 -0.9245 -0.0028
vn 0.7414 -0.2417 0.6260
vn 0.8926 -0.2638 0.3657
vn 0.8515 -0.2888 0.4377
vn 0.8924 0.1618 -0.4212
vn 0.5666 -0.2049 -0.7981
vn 0.5470 -0.6854 -0.4807
vn 0.9120 0.3464 0.2196
vn 0.5314 -0.8434 -0.0788
vn 0.6024 -0.7923 0.0966
vn 0.6275 -0.7595 0.1714
vn 0.6363 -0.6823 0.3599
vn 0.5217 0.2799 -0.8059
vn 0.4932 0.1469 -0.8574
vn 0.4257 0.1986 -0.8828
vn 0.4530 0.3931 -0.8002
vn 0.5576 0.3932 -0.7311
vn 0.2560 0.3071 -0.9166
vn 0.5333 0.7919 0.2974
vn 0.4757 0.7837 0.3995
vn 0.3270 0.9311 0.1618
vn 0.3219 0.9161 0.2390
vn 0.5157 0.8027 0.2995
vn 0.2029 0.9640 0.1716
vn 0.4612 0.8189 0.3415
vn 0.4669 0.8476 0.2523
vn 0.6961 0.6916 0.1925
vn 0.6911 0.6499 0.3161
vn 0.4334 0.7093 0.5560
vn 0.7379 0.6531 0.1700
vn 0.7376 0.6670 0.1051
vn 0.6971 0.7005 0.1530
vn 0.7493 0.6070 0.2646
vn 0.6739 0.5214 0.5234
vn 0.7138 0.6904 0.1176
vn 0.7006 0.7120 0.0471
vn 0.7187 0.6896 0.0886
vn 0.4565 0.8705 0.1843
vn 0.4699 0.8763 0.1059
vn 0.4870 0.8643 0.1259
vn 0.6706 0.7295 0.1346
vn 0.2077 0.9490 0.2373
vn 0.2928 0.9057 0.3065
vn 0.2254 0.9205 0.3192
vn 0.2407 0.8869 0.3943
vn 0.2723 0.8475 0.4557
vn 0.3984 0.8385 0.3718
vn 0.1993 0.8664 0.4579
vn 0.1806 0.8328 0.5233
vn 0.1666 0.8149 0.5552
vn 0.0646 0.8322 0.5506
vn 0.1477 0.8801 0.4513
vn 0.1397 0.7414 0.6564
vn 0.0922 0.7429 0.6630
vn -0.0073 0.7586 0.6516
vn -0.1197 0.7796 0.6148
vn -0.0370 0.8580 0.5123
vn 0.0485 0.6506 0.7579
vn -0.0648 0.6677 0.7416
vn -0.1960 0.6821 0.7045
vn -0.3335 0.6906 0.6418
vn -0.2476 0.7986 0.5486
vn -0.1114 0.5550 0.8244
vn -0.2626 0.5657 0.7817
vn -0.4057 0.5659 0.7178
vn -0.5341 0.5622 0.6314
vn -0.4679 0.6943 0.5468
vn -0.3050 0.4427 0.8432
vn -0.4582 0.4439 0.7701
vn -0.5827 0.4329 0.6878
vn -0.6874 0.4291 0.5860
vn -0.6491 0.5623 0.5124
vn -0.4935 0.3184 0.8094
vn -0.6250 0.3079 0.7174
vn -0.7229 0.2906 0.6268
vn -0.8149 0.2867 0.5037
vn -0.7862 0.4274 0.4463
vn -0.6617 0.1593 0.7326
vn -0.7521 0.1466 0.6426
vn -0.8243 0.1523 0.5453
vn -0.9060 0.1712 0.3872
vn -0.8894 0.2840 0.3582
vn -0.9476 0.1749 0.2672
vn -0.6117 0.1815 0.7700
vn -0.9340 0.1704 0.3141
vn -0.6303 0.3002 0.7160
vn -0.9171 0.2581 0.3039
vn -0.9275 0.2649 0.2636
vn -0.8911 0.3950 0.2235
vn -0.8910 0.3926 0.2280
vn -0.8548 0.4138 0.3132
vn -0.8391 0.5254 0.1410
vn -0.8062 0.5445 0.2313
vn -0.7437 0.5595 0.3659
vn -0.7582 0.6374 0.1370
vn -0.6906 0.6689 0.2749
vn -0.5914 0.6885 0.4197
vn -0.6226 0.7610 0.1826
vn -0.5138 0.7940 0.3247
vn -0.3841 0.8055 0.4512
vn -0.4192 0.8792 0.2265
vn -0.2835 0.8923 0.3513
vn -0.1515 0.8817 0.4467
vn -0.1696 0.9531 0.2506
vn -0.0517 0.9364 0.3471
vn 0.0497 0.9099 0.4119
vn 0.0433 0.9650 0.2587
vn 0.1335 0.9355 0.3271
vn 0.2449 0.8978 0.3660
vn 0.2156 0.9418 0.2579
vn 0.3665 0.8791 0.3046
vn 0.2892 0.9252 0.2455
vn 0.4792 0.8146 0.3269
vn 0.3351 0.8759 0.3471
vn 0.4722 0.7171 0.5126
vn 0.4424 0.7596 0.4767
vn 0.4535 0.6266 0.6339
vn 0.4950 0.7473 0.4433
vn 0.5181 0.5741 0.6341
vn 0.5885 0.6640 0.4614
vn 0.5491 0.5924 0.5896
vn 0.5825 0.6679 0.4632
vn 0.6660 0.7174 0.2044
vn 0.5844 0.7031 0.4050
vn 0.5910 0.7640 0.2591
vn 0.6393 0.7542 0.1498
vn 0.6991 0.6558 0.2850
vn 0.7416 0.6199 0.2564
vn 0.7873 0.5373 0.3024
vn 0.8142 0.4469 0.3706
vn 0.8112 0.3880 0.4374
vn 0.7282 0.3453 0.5921
vn 0.7734 0.4394 0.4569
vn 0.6117 0.3987 0.6832
vn 0.5516 0.3424 0.7606
vn 0.3702 0.3754 0.8497
vn 0.3747 0.4299 0.8215
vn 0.6786 0.2863 0.6764
vn 0.5181 0.2901 0.8046
vn 0.3636 0.2966 0.8831
vn 0.2307 0.2977 0.9264
vn 0.2393 0.4057 0.8821
vn 0.5057 0.1671 0.8464
vn 0.3505 0.1658 0.9218
vn 0.2173 0.1619 0.9626
vn 0.0933 0.1599 0.9827
vn 0.1051 0.2968 0.9491
vn -0.0398 0.1576 0.9867
vn -0.3439 0.1564 0.9259
vn -0.1866 0.1549 0.9701
vn -0.3287 0.3112 0.8917
vn -0.1694 0.3016 0.9382
vn -0.0233 0.2973 0.9545
vn -0.1462 0.4309 0.8905
vn -0.0039 0.4214 0.9069
vn 0.1206 0.4169 0.9009
vn 0.0199 0.5415 0.8405
vn 0.1301 0.5246 0.8413
vn 0.2263 0.4866 0.8438
vn 0.1290 0.6293 0.7664
vn 0.1975 0.5894 0.7833
vn 0.3952 0.5389 0.7439
vn 0.1827 0.7392 0.6482
vn -0.5157 0.1628 0.8412
vn -0.3843 0.1879 0.9039
vn -0.1150 0.1587 0.9806
vn -0.3662 0.3416 0.8656
vn -0.1800 0.2873 0.9408
vn -0.3337 0.4502 0.8282
vn -0.2250 0.3869 0.8943
vn -0.6566 0.4472 0.6073
vn -0.2371 0.5372 0.8095
vn -0.6806 0.6021 0.4174
vn -0.8492 0.5201 0.0915
vn -0.6975 0.6938 0.1795
vn -0.8087 0.5872 -0.0343
vn -0.7929 0.6082 0.0377
vn -0.7824 0.6044 -0.1504
vn -0.7561 0.6515 -0.0626
vn -0.7042 0.7085 0.0463
vn -0.6953 0.6968 -0.1763
vn -0.6273 0.7767 -0.0563
vn -0.5369 0.8395 0.0837
vn -0.5094 0.8379 -0.1959
vn -0.4194 0.9069 -0.0409
vn -0.2992 0.9467 0.1192
vn -0.2666 0.9481 -0.1733
vn -0.1577 0.9874 0.0094
vn -0.0517 0.9865 0.1552
vn -0.0110 0.9961 -0.0873
vn 0.0595 0.9958 0.0701
vn 0.1309 0.9747 0.1810
vn 0.1388 0.9903 -0.0023
vn 0.1866 0.9735 0.1324
vn 0.1914 0.9762 -0.1021
vn 0.2213 0.9676 0.1214
vn 0.3600 0.9054 -0.2252
vn 0.4098 0.9005 0.1456
vn 0.5745 0.7841 -0.2350
vn 0.6047 0.7612 0.2343
vn 0.5609 0.6438 0.5205
vn 0.6467 0.6762 0.3528
vn 0.5968 0.6085 0.5230
vn 0.6640 0.6201 0.4179
vn 0.6350 0.6007 0.4857
vn 0.6126 0.6320 0.4747
vn 0.6981 0.5813 0.4180
vn 0.7014 0.6105 0.3678
vn 0.6970 0.6366 0.3301
vn 0.7611 0.5564 0.3334
vn 0.7648 0.5457 0.3425
vn 0.7839 0.5098 0.3543
vn 0.8159 0.4125 0.4052
vn 0.8137 0.3871 0.4336
vn 0.8226 0.3448 0.4521
vn 0.8467 0.2061 0.4905
vn 0.8352 0.1918 0.5154
vn 0.7795 0.1757 0.6013
vn 0.7914 0.3026 0.5312
vn 0.6599 0.1678 0.7324
vn -0.6219 0.1716 0.7641
vn -0.6892 0.1939 0.6981
vn -0.5771 0.3189 0.7519
vn -0.6452 0.3598 0.6740
vn -0.5053 0.4470 0.7382
vn -0.5719 0.4986 0.6514
vn -0.4104 0.5802 0.7035
vn -0.4823 0.6230 0.6158
vn -0.2742 0.5662 0.7773
vn -0.3731 0.7842 0.4959
vn -0.1890 0.7222 0.6654
vn -0.2498 0.7172 0.6505
vn -0.0652 0.8890 0.4532
vn -0.2943 0.8962 0.3319
vn -0.7204 0.6853 -0.1066
vn -0.4299 0.9028 -0.0130
vn -0.7355 0.6055 -0.3041
vn -0.7453 0.6076 -0.2745
vn -0.6562 0.5991 -0.4587
vn -0.6312 0.6448 -0.4311
vn -0.5757 0.7504 -0.3248
vn -0.4675 0.6726 -0.5736
vn -0.4177 0.7687 -0.4844
vn -0.3537 0.8692 -0.3456
vn -0.2582 0.7523 -0.6061
vn -0.1747 0.8613 -0.4771
vn -0.0885 0.9536 -0.2878
vn 0.1123 0.9792 -0.1690
vn 0.2127 0.9370 -0.2771
vn 0.3774 0.7813 -0.4971
vn 0.3543 0.8243 -0.4416
vn 0.5014 0.6662 -0.5521
vn 0.4889 0.6699 -0.5587
vn 0.5391 0.5759 -0.6145
vn 0.5419 0.5924 -0.5962
vn 0.6685 0.7332 -0.1245
vn 0.5907 0.5667 -0.5744
vn 0.7240 0.6897 0.0105
vn 0.6868 0.5696 -0.4516
vn 0.7719 0.6188 0.1461
vn 0.7076 0.5688 0.4193
vn 0.8078 0.5472 0.2192
vn 0.7681 0.5320 0.3563
vn 0.7617 0.5483 0.3452
vn 0.8577 0.4333 0.2768
vn 0.8474 0.4342 0.3058
vn 0.8313 0.4276 0.3551
vn 0.9249 0.2334 0.3001
vn 0.8933 0.2242 0.3896
vn 0.8600 0.2136 0.4634
vn -0.4205 0.1061 0.9011
vn -0.4123 0.1229 0.9027
vn -0.3956 0.2572 0.8817
vn -0.3734 0.2534 0.8924
vn -0.3585 0.3886 0.8488
vn -0.3301 0.3789 0.8646
vn -0.2882 0.5232 0.8020
vn -0.2710 0.5206 0.8096
vn -0.1786 0.6521 0.7368
vn -0.1599 0.6793 0.7162
vn -0.2767 0.7562 0.5930
vn 0.0062 0.7846 0.6199
vn -0.1193 0.9002 0.4188
vn -0.2223 0.9334 0.2819
vn -0.0137 0.9541 0.2992
vn -0.1044 0.9824 0.1547
vn -0.0457 0.9686 0.2445
vn -0.0831 0.9775 0.1939
vn -0.2048 0.9749 0.0870
vn -0.5475 0.7875 -0.2831
vn -0.3289 0.9119 -0.2454
vn -0.4743 0.6943 -0.5413
vn -0.4922 0.6256 -0.6053
vn -0.3564 0.6206 -0.6984
vn -0.3557 0.6128 -0.7056
vn -0.3183 0.6662 -0.6745
vn -0.2501 0.5727 -0.7807
vn -0.1892 0.6339 -0.7499
vn -0.1460 0.5129 -0.8460
vn -0.0661 0.5673 -0.8208
vn -0.0343 0.4413 -0.8967
vn 0.0321 0.4725 -0.8807
vn 0.1037 0.3628 -0.9261
vn 0.1758 0.3880 -0.9047
vn 0.0504 0.3415 -0.9385
vn 0.0930 0.2287 -0.9690
vn 0.1496 0.2475 -0.9573
vn -0.0664 0.4299 -0.9005
vn 0.0059 0.3149 -0.9491
vn 0.0390 0.2076 -0.9774
vn 0.0644 0.1171 -0.9910
vn 0.1179 0.1239 -0.9853
vn -0.0123 0.2981 -0.9545
vn 0.0063 0.1948 -0.9808
vn 0.0361 0.1155 -0.9927
vn 0.0627 0.2117 -0.9753
vn 0.1130 0.1316 -0.9848
vn 0.5696 0.1976 -0.7978
vn -0.6363 0.1312 0.7602
vn -0.5377 0.1206 0.8345
vn -0.6010 0.2841 0.7470
vn -0.5035 0.2761 0.8187
vn -0.5450 0.4138 0.7292
vn -0.4440 0.4058 0.7989
vn -0.4503 0.5542 0.7001
vn -0.3618 0.5386 0.7609
vn -0.3372 0.6776 0.6535
vn -0.2530 0.6592 0.7081
vn -0.2182 0.7662 0.6045
vn -0.1298 0.7430 0.6566
vn -0.0436 0.7362 0.6754
vn 0.0205 0.8077 0.5892
vn 0.1265 0.7883 0.6022
vn 0.1671 0.8287 0.5342
vn 0.2463 0.8122 0.5289
vn 0.1544 0.8413 0.5180
vn -0.0268 0.9397 0.3411
vn 0.1636 0.8165 0.5537
vn 0.2610 0.8454 0.4660
vn 0.1118 0.8370 0.5357
vn -0.0071 0.7544 0.6564
vn 0.1854 0.8416 0.5074
vn 0.0831 0.8827 0.4626
vn 0.2229 0.8874 0.4036
vn -0.0730 0.8393 0.5387
vn -0.1502 0.8625 0.4832
vn 0.0141 0.9106 0.4130
vn -0.3004 0.7888 0.5362
vn -0.3668 0.8056 0.4653
vn -0.2225 0.8769 0.4261
vn -0.4206 0.6994 0.5778
vn -0.4913 0.7109 0.5032
vn -0.5375 0.7149 0.4472
vn -0.4128 0.8142 0.4083
vn -0.5483 0.5619 0.6193
vn -0.6118 0.5673 0.5512
vn -0.6543 0.5796 0.4857
vn -0.7029 0.5858 0.4036
vn -0.5774 0.7213 0.3826
vn -0.6752 0.4467 0.5870
vn -0.7327 0.4579 0.5035
vn -0.7929 0.4565 0.4035
vn -0.8350 0.4591 0.3033
vn -0.7534 0.5887 0.2928
vn -0.7963 0.3173 0.5150
vn -0.8596 0.3181 0.3998
vn -0.8980 0.3108 0.3115
vn -0.9264 0.3085 0.2158
vn -0.8590 0.4706 0.2018
vn -0.9021 0.1300 0.4114
vn -0.9426 0.1334 0.3063
vn -0.9693 0.1211 0.2140
vn -0.9876 0.1259 0.0942
vn -0.9483 0.3058 0.0846
vn -0.9904 0.1347 -0.0310
vn -0.9629 0.1003 -0.2506
vn -0.9841 0.1140 -0.1362
vn -0.9312 0.2804 -0.2327
vn -0.9517 0.2855 -0.1131
vn -0.9554 0.2945 -0.0204
vn -0.8913 0.4440 -0.0919
vn -0.8908 0.4543 -0.0011
vn -0.8781 0.4685 0.0973
vn -0.7990 0.6013 0.0090
vn -0.7967 0.5961 0.0998
vn -0.7848 0.5911 0.1864
vn -0.6932 0.7152 0.0889
vn -0.6705 0.7195 0.1810
vn -0.6267 0.7247 0.2865
vn -0.5212 0.8362 0.1706
vn -0.4867 0.8312 0.2687
vn -0.4497 0.8220 0.3494
vn -0.3596 0.9029 0.2354
vn -0.3224 0.8933 0.3132
vn -0.2794 0.8850 0.3726
vn -0.1711 0.9466 0.2734
vn -0.1088 0.9339 0.3406
vn -0.0406 0.9233 0.3818
vn 0.0316 0.9446 0.3268
vn 0.0836 0.9271 0.3654
vn 0.1419 0.9187 0.3686
vn 0.1570 0.9118 0.3794
vn 0.2335 0.9013 0.3650
vn 0.2448 0.8836 0.3991
vn 0.0575 0.9006 0.4307
vn -0.0741 0.8627 0.5003
vn -0.1980 0.7290 0.6552
vn -0.4455 0.7058 0.5508
vn -0.2791 0.6594 0.6980
vn -0.0348 0.6331 0.7733
vn -0.0797 0.6475 0.7579
vn 0.1214 0.6207 0.7745
vn -0.0137 0.6344 0.7729
vn 0.0221 0.4011 0.9158
vn 0.2419 0.2185 0.9454
vn 0.3044 0.6644 0.6825
vn 0.5742 0.2958 0.7634
vn 0.5252 0.7953 0.3028
vn 0.2775 0.9488 -0.1511
vn 0.6866 0.7252 -0.0520
vn 0.2973 0.7817 -0.5482
vn 0.0345 0.6716 -0.7401
vn 0.0586 0.9030 -0.4256
vn -0.0873 0.5822 -0.8084
vn -0.1285 0.7353 -0.6655
vn -0.1407 0.5364 -0.8322
vn -0.2238 0.6197 -0.7523
vn -0.2868 0.7511 -0.5946
vn -0.2613 0.5580 -0.7876
vn -0.1673 0.5067 -0.8457
vn -0.0594 0.4315 -0.9002
vn 0.0009 0.4564 -0.8898
vn 0.0474 0.3105 -0.9494
vn 0.1659 0.5408 -0.8246
vn 0.3357 0.4301 -0.8380
vn 0.4725 0.3378 -0.8140
vn 0.7559 0.5756 -0.3120
vn 0.9120 0.3936 -0.1157
vn 0.9776 0.1911 -0.0877
vn 0.8707 0.2950 0.3935
vn 0.9236 0.1242 0.3626
vn 0.8975 0.1065 0.4279
vn -0.7733 0.1100 0.6244
vn -0.7087 0.1232 0.6946
vn -0.7256 0.3115 0.6135
vn -0.6689 0.3001 0.6801
vn -0.6295 0.4281 0.6485
vn -0.8393 0.1131 0.5317
vn 0.4660 0.3423 0.8159
vn 0.3009 0.3636 0.8816
vn 0.5825 0.3450 0.7360
vn 0.5023 0.5971 0.6254
vn 0.4337 0.5666 0.7006
vn 0.6548 0.3653 0.6616
vn 0.5388 0.6383 0.5497
vn 0.4033 0.8278 0.3900
vn 0.3767 0.8066 0.4556
vn 0.6985 0.4008 0.5928
vn 0.5638 0.6717 0.4805
vn 0.4346 0.8356 0.3359
vn 0.3267 0.9289 0.1745
vn 0.2898 0.9336 0.2108
vn 0.6019 0.6888 0.4042
vn 0.4776 0.8353 0.2723
vn 0.3467 0.9292 0.1284
vn 0.2425 0.9697 0.0300
vn 0.2518 0.9668 0.0436
vn 0.4926 0.8412 0.2230
vn 0.3212 0.9420 0.0972
vn 0.2033 0.9788 0.0246
vn 0.1557 0.9877 -0.0139
vn 0.1906 0.9811 -0.0337
vn 0.2707 0.9586 0.0890
vn 0.1800 0.9834 0.0242
vn 0.1442 0.9895 -0.0125
vn 0.0912 0.9934 -0.0696
vn 0.1237 0.9887 -0.0841
vn 0.1606 0.9860 0.0438
vn 0.1278 0.9918 -0.0048
vn 0.0604 0.9958 -0.0682
vn -0.0073 0.9890 -0.1478
vn 0.0373 0.9824 -0.1829
vn 0.0796 0.9962 0.0362
vn 0.0175 0.9988 -0.0459
vn -0.0476 0.9922 -0.1155
vn -0.1881 0.9436 -0.2724
vn -0.1115 0.9291 -0.3526
vn -0.2549 0.9531 -0.1630
vn -0.5584 0.7573 -0.3388
vn -0.4218 0.7388 -0.5256
vn -0.2873 0.9577 -0.0147
vn -0.6381 0.7646 -0.0903
vn -0.9118 0.3823 -0.1500
vn -0.7984 0.3762 -0.4702
vn -0.2718 0.9566 0.1054
vn -0.6303 0.7610 0.1538
vn -0.9059 0.3810 0.1851
vn -0.5445 0.7550 0.3653
vn -0.7869 0.3723 0.4920
vn -0.5558 0.3614 0.7487
vn -0.6050 0.3633 -0.7085
vn -0.3874 0.3516 -0.8522
vn -0.2639 0.7120 -0.6507
vn -0.1989 0.3452 -0.9172
vn -0.1159 0.6760 -0.7277
vn -0.0276 0.9016 -0.4316
vn -0.0160 0.6459 -0.7632
vn 0.0504 0.8638 -0.5013
vn 0.0948 0.9669 -0.2368
vn 0.0948 0.8333 -0.5446
vn 0.1417 0.9441 -0.2977
vn 0.1667 0.9780 -0.1250
vn 0.1413 0.9287 -0.3429
vn 0.1783 0.9709 -0.1597
vn 0.2087 0.9767 -0.0498
vn 0.1497 0.9721 -0.1808
vn 0.1807 0.9823 -0.0499
vn 0.2196 0.9736 0.0624
vn 0.1328 0.9898 -0.0523
vn 0.1713 0.9814 0.0862
vn 0.2507 0.9339 0.2549
vn 0.1489 0.9819 0.1173
vn 0.2395 0.9176 0.3172
vn 0.3558 0.7680 0.5326
vn 0.2508 0.8917 0.3769
vn 0.3192 0.7471 0.5831
vn 0.3255 0.5799 0.7468
vn 0.0735 0.8108 0.5806
vn -0.0844 0.6673 0.7400
vn -0.2395 0.4189 0.8759
vn -0.8044 0.5229 0.2818
vn -0.9149 0.2836 0.2872
vn -0.9642 0.0873 -0.2503
vn -0.9229 0.0419 -0.3828
vn -0.9289 0.0583 -0.3657
vn -0.9259 0.0403 -0.3755
vn -0.9210 0.0891 -0.3792
vn -0.9150 0.0963 -0.3919
vn -0.9535 0.1861 -0.2372
vn -0.9115 0.3540 -0.2094
vn -0.9030 0.1845 -0.3881
vn -0.5908 0.7581 0.2760
vn -0.3239 0.9211 0.2160
vn -0.7837 0.5892 -0.1965
vn 0.1440 0.9072 0.3954
vn 0.1298 0.9712 0.1998
vn -0.1265 0.9876 0.0932
vn 0.1629 0.9736 0.1601
vn 0.1099 0.9929 -0.0463
vn 0.1022 0.9947 -0.0102
vn 0.1028 0.9929 -0.0600
vn 0.0855 0.9666 -0.2415
vn 0.0891 0.9630 -0.2542
vn 0.1123 0.9715 -0.2085
vn 0.0959 0.9052 -0.4140
vn 0.0805 0.8913 -0.4462
vn 0.1172 0.9180 -0.3790
vn 0.0893 0.7934 -0.6021
vn 0.0831 0.7742 -0.6274
vn 0.0991 0.8137 -0.5728
vn 0.0605 0.6168 -0.7848
vn 0.0699 0.6024 -0.7952
vn 0.0357 0.6300 -0.7758
vn -0.0141 0.3459 -0.9382
vn 0.0317 0.3455 -0.9379
vn -0.0813 0.3462 -0.9346
vn 0.0571 0.3436 -0.9374
vn 0.0739 0.3368 -0.9387
vn 0.0762 0.5869 -0.8060
vn 0.0913 0.3283 -0.9402
vn 0.0867 0.5740 -0.8142
vn 0.0823 0.7588 -0.6461
vn 0.1019 0.5650 -0.8188
vn 0.0902 0.7496 -0.6557
vn 0.0842 0.8824 -0.4630
vn 0.1100 0.7614 -0.6388
vn 0.0977 0.8956 -0.4340
vn 0.0942 0.9699 -0.2248
vn 0.0701 0.9247 -0.3742
vn 0.0493 0.9791 -0.1972
vn -0.0091 0.9985 -0.0544
vn -0.1403 0.9254 -0.3520
vn -0.3188 0.8941 -0.3146
vn -0.5606 0.7905 -0.2467
vn -0.5622 0.6069 -0.5618
vn -0.7246 0.4997 -0.4746
vn -0.8444 0.3418 -0.4125
vn -0.7181 0.4613 -0.5210
vn -0.8171 0.3518 -0.4568
vn -0.8876 0.2001 -0.4149
vn -0.7949 0.3929 -0.4624
vn -0.8734 0.2669 -0.4074
vn -0.9184 0.1350 -0.3719
vn -0.7974 0.3504 -0.4913
vn -0.8032 0.3450 -0.4856
vn -0.7182 0.4402 -0.5389
vn -0.5627 0.4572 -0.6888
vn -0.5914 0.4974 -0.6347
vn -0.4042 0.5149 -0.7560
vn -0.3836 0.4578 -0.8020
vn -0.3596 0.7003 -0.6167
vn -0.0479 0.9145 -0.4018
vn 0.0505 0.8425 -0.5363
vn 0.1050 0.8053 -0.5835
vn 0.1409 0.6153 -0.7756
vn 0.1353 0.6836 -0.7172
vn 0.1255 0.5718 -0.8108
vn 0.1400 0.3207 -0.9368
vn 0.1604 0.3518 -0.9222
vn 0.1143 0.3205 -0.9403
vn 0.6743 0.3951 0.6239
vn 0.7516 0.4124 0.5149
vn 0.5483 0.3828 0.7435
vn 0.4164 0.7578 0.5023
vn 0.5314 0.7365 0.4186
vn 0.3643 0.3732 0.8532
vn 0.2675 0.7677 0.5823
vn 0.1219 0.9579 0.2599
vn 0.2129 0.9492 0.2319
vn 0.0961 0.3627 0.9269
vn -0.2373 0.3570 0.9035
vn 0.0861 0.9884 0.1249
vn 0.1592 0.9805 0.1155
vn 0.3108 0.9270 0.2100
vn 0.0343 0.9921 0.1205
vn -0.0103 0.9935 0.1132
vn 0.0386 0.9918 0.1219
vn -0.0454 0.9944 0.0958
vn -0.2292 0.9545 0.1908
vn 0.1094 0.9901 0.0881
vn 0.2223 0.9701 0.0973
vn 0.4568 0.8657 0.2047
vn 0.3929 0.8975 0.2003
vn 0.6388 0.6961 0.3277
vn 0.6049 0.7130 0.3546
vn 0.7788 0.4306 0.4561
vn 0.6361 0.6903 0.3448
vn 0.7685 0.4431 0.4616
vn 0.7379 0.4336 0.5172
vn 0.1748 0.4180 -0.8915
vn 0.0429 0.4641 -0.8848
vn -0.2683 0.3464 -0.8989
vn -0.1088 0.2964 -0.9488
vn 0.3595 0.3078 -0.8809
vn 0.4158 0.3240 -0.8498
vn 0.5612 0.2958 -0.7730
vn 0.4350 0.4462 -0.7821
vn 0.5649 0.4250 -0.7072
vn 0.1259 0.4646 -0.8765
vn 0.5949 0.4511 -0.6653
vn 0.0406 0.4984 -0.8660
vn 0.6694 0.3680 -0.6453
vn 0.2304 0.4824 -0.8451
vn -0.3898 0.4538 -0.8014
vn 0.4488 0.2296 -0.8636
vn -0.1415 0.4291 -0.8921
vn -0.4792 0.4392 -0.7599
vn -0.5702 0.3912 -0.7224
vn -0.5496 0.4225 -0.7207
vn -0.4481 0.4292 -0.7842
vn -0.3514 0.4126 -0.8404
vn -0.5461 0.4981 -0.6735
vn -0.3651 0.5606 -0.7432
vn -0.5479 0.6561 -0.5190
vn -0.4264 0.8179 -0.3863
vn -0.5795 0.8049 -0.1279
vn -0.6146 0.7888 0.0078
vn -0.5724 0.7942 0.2042
vn -0.5668 0.7902 0.2333
vn -0.2872 0.9576 -0.0215
vn -0.4132 0.8886 -0.1991
vn -0.0171 0.9665 -0.2562
vn -0.2232 0.9016 -0.3705
vn -0.0502 0.9660 -0.2537
vn -0.2458 0.9138 -0.3234
vn -0.3686 0.8496 -0.3772
vn -0.4931 0.7784 -0.3885
vn -0.2930 0.9241 -0.2454
vn -0.3700 0.8853 -0.2817
vn -0.4800 0.8275 -0.2913
vn -0.3716 0.9032 -0.2150
vn -0.4986 0.8388 -0.2186
vn -0.6401 0.7406 -0.2044
vn -0.5251 0.8388 -0.1440
vn -0.6701 0.7306 -0.1314
vn -0.7909 0.5958 -0.1396
vn -0.7728 0.5976 -0.2135
vn -0.8814 0.4337 -0.1871
vn -0.8645 0.4187 -0.2782
vn -0.7970 0.6001 -0.0683
vn -0.6922 0.7191 -0.0613
vn -0.6989 0.7152 0.0065
vn -0.5470 0.8340 -0.0726
vn -0.5562 0.8311 0.0002
vn -0.5459 0.8341 0.0797
vn -0.4120 0.9111 -0.0150
vn -0.4080 0.9108 0.0636
vn -0.3898 0.9094 0.1449
vn -0.2750 0.9608 0.0361
vn -0.2494 0.9626 0.1059
vn -0.2157 0.9579 0.1894
vn -0.0994 0.9932 0.0610
vn -0.0611 0.9885 0.1382
vn -0.0225 0.9719 0.2343
vn 0.0376 0.9938 0.1047
vn 0.0632 0.9763 0.2071
vn 0.1000 0.9408 0.3240
vn 0.1153 0.9772 0.1783
vn 0.1005 0.9437 0.3151
vn 0.0966 0.9071 0.4098
vn -0.2754 0.9178 0.2861
vn -0.3501 0.8469 0.4003
vn -0.4347 0.7730 0.4621
vn -0.5584 0.7599 0.3328
vn -0.5333 0.7077 0.4634
vn -0.3442 0.7466 0.5693
vn -0.0409 0.8535 0.5196
vn 0.0230 0.8476 0.5302
vn -0.0215 0.7935 0.6082
vn -0.0941 0.7477 0.6573
vn -0.1577 0.5437 0.8243
vn -0.3610 0.6280 0.6895
vn -0.4182 0.3079 0.8546
vn -0.2297 -0.0558 0.9717
vn -0.1313 0.1322 0.9825
vn 0.0808 -0.2736 0.9585
vn 0.1362 -0.1225 0.9831
vn 0.3985 -0.3153 0.8613
vn 0.4686 -0.1170 0.8756
vn 0.8219 0.3227 0.4695
vn 0.8095 0.3801 0.4475
vn 0.7881 0.6142 0.0411
vn 0.8113 0.5042 0.2959
vn 0.5008 0.6755 -0.5412
vn 0.7462 0.4253 0.5122
vn 0.7327 0.3883 0.5589
vn 0.8396 0.2668 0.4732
vn 0.8295 0.2760 0.4855
vn 0.9089 0.1022 0.4043
vn 0.8695 0.2572 0.4216
vn 0.9349 0.1003 0.3405
vn 0.9551 0.0926 0.2813
vn -0.1456 0.2718 -0.9513
vn 0.0496 0.3114 -0.9490
vn -0.1957 0.3841 -0.9023
vn -0.0122 0.4252 -0.9050
vn -0.2004 0.4814 -0.8533
vn -0.1037 0.4993 -0.8602
vn 0.4107 0.5021 -0.7611
vn -0.1528 0.5431 -0.8257
vn 0.3484 0.4928 -0.7973
vn -0.1166 0.5835 -0.8037
vn 0.3300 0.3314 -0.8839
vn 0.6779 0.0921 -0.7294
vn 0.2502 0.1204 -0.9607
vn 0.5514 -0.2286 -0.8023
vn 0.4113 -0.0961 -0.9064
vn 0.4789 -0.1878 -0.8576
vn 0.2936 0.0236 -0.9556
vn -0.0993 0.3607 -0.9274
vn -0.0263 0.2424 -0.9698
vn 0.1269 0.5421 -0.8307
vn -0.2321 0.7464 -0.6237
vn -0.0379 0.9157 -0.4001
vn -0.2772 0.9436 -0.1813
vn -0.4344 0.9006 0.0156
vn -0.1355 0.9891 0.0583
vn -0.2195 0.9734 0.0656
vn -0.4784 0.8558 0.1965
vn -0.0175 0.9974 -0.0694
vn -0.3833 0.9231 0.0299
vn -0.5904 0.7671 0.2511
vn -0.5322 0.8411 0.0961
vn -0.3706 0.9255 0.0778
vn -0.2495 0.9679 -0.0294
vn 0.0321 0.9862 -0.1626
vn 0.0827 0.9858 -0.1461
vn 0.1216 0.9718 -0.2019
vn 0.1141 0.9844 -0.1337
vn 0.0213 0.9871 -0.1585
vn -0.1531 0.9681 -0.1985
vn -0.2991 0.9346 -0.1927
vn -0.3040 0.9426 -0.1381
vn -0.3858 0.9113 -0.1439
vn -0.3048 0.9484 -0.0870
vn -0.4022 0.9117 -0.0842
vn -0.2938 0.9554 -0.0290
vn -0.1713 0.9845 -0.0367
vn -0.1339 0.9910 0.0054
vn -0.0425 0.9977 -0.0537
vn -0.0124 0.9995 -0.0287
vn 0.0128 0.9996 0.0245
vn 0.0761 0.9951 -0.0625
vn 0.1018 0.9948 -0.0101
vn 0.1182 0.9904 0.0721
vn -0.0720 0.9972 0.0202
vn -0.1746 0.9774 0.1193
vn -0.2288 0.9564 0.1816
vn -0.4503 0.8758 0.1737
vn -0.4414 0.8788 0.1815
vn -0.4878 0.8443 0.2216
vn 0.1379 0.9787 0.1522
vn 0.0701 0.9725 0.2222
vn -0.0345 0.9254 0.3775
vn 0.6873 0.7164 0.1200
vn 0.4441 0.8449 0.2982
vn 0.1305 0.8714 0.4728
vn 0.1570 0.9781 0.1363
vn -0.3798 0.8571 0.3480
vn -0.6205 0.5744 0.5338
vn -0.1330 0.8181 0.5595
vn -0.6523 0.3448 0.6750
vn -0.7261 0.5029 0.4688
vn -0.6747 0.3317 0.6593
vn -0.5230 0.1505 0.8389
vn -0.5447 0.1392 0.8270
vn -0.2159 -0.0861 0.9726
vn -0.2513 -0.1177 0.9607
vn 0.0656 -0.3068 0.9495
vn 0.0590 -0.3207 0.9453
vn 0.2430 -0.5154 0.8218
vn 0.3037 -0.4580 0.8355
vn 0.3921 -0.6905 0.6078
vn 0.2299 -0.4983 0.8360
vn 0.3487 -0.7093 0.6126
vn 0.4675 -0.8142 0.3442
vn 0.6181 -0.6658 0.4179
vn 0.6168 -0.7585 0.2105
vn 0.8694 -0.2554 0.4229
vn 0.8431 -0.4908 0.2197
vn 0.9034 0.1887 0.3850
vn 0.8281 0.3754 0.4163
vn 0.8770 0.4091 0.2521
vn 0.8751 0.4084 0.2596
vn 0.9068 0.3439 0.2437
vn 0.8418 0.3573 0.4046
vn 0.9375 0.2714 0.2180
vn 0.8870 0.2981 0.3526
vn 0.8190 0.3399 0.4623
vn 0.9389 0.1918 0.2857
vn 0.9070 0.2234 0.3570
vn 0.7634 0.3708 0.5289
vn 0.9656 0.0847 0.2458
vn 0.9641 0.1798 0.1952
vn 0.9787 0.0855 0.1865
vn 0.9779 0.1813 0.1044
vn 0.9906 0.0902 0.1029
vn 0.9951 0.0905 0.0403
vn 0.9843 0.0748 -0.1598
vn 0.9529 0.0744 -0.2941
vn 0.9932 0.0777 -0.0871
vn 0.9808 0.1802 -0.0742
vn 0.9734 0.1744 -0.1485
vn 0.9963 0.0848 -0.0169
vn 0.9831 0.1831 -0.0069
vn 0.9613 0.2756 -0.0037
vn 0.9588 0.2780 -0.0578
vn 0.9821 0.1832 0.0433
vn 0.9628 0.2669 0.0423
vn 0.9316 0.3611 0.0410
vn 0.9256 0.3784 -0.0044
vn 0.9586 0.2625 0.1103
vn 0.9306 0.3456 0.1203
vn 0.8900 0.4348 0.1374
vn 0.8500 0.5055 0.1482
vn 0.9768 0.2130 0.0238
vn 0.9852 -0.0849 0.1486
vn 0.6702 -0.7398 -0.0588
vn 0.8090 -0.5382 -0.2364
vn 0.5183 -0.8545 0.0339
vn 0.4604 -0.8778 0.1322
vn 0.4666 -0.8716 0.1501
vn 0.4736 -0.8806 0.0136
vn 0.4830 -0.8669 -0.1236
vn 0.4963 -0.8679 0.0222
vn 0.4994 -0.8570 -0.1272
vn 0.5007 -0.7992 -0.3325
vn 0.5002 -0.8059 -0.3169
vn 0.4665 -0.6318 -0.6190
vn 0.5023 -0.6330 -0.5890
vn 0.8486 -0.2671 -0.4566
vn 0.4137 -0.3033 -0.8584
vn 0.7499 0.1023 -0.6536
vn 0.2103 0.0041 -0.9776
vn 0.4856 0.4299 -0.7612
vn -0.0317 0.1698 -0.9850
vn 0.1439 0.5500 -0.8227
vn 0.3674 0.9154 -0.1647
vn 0.1083 0.9474 -0.3012
vn 0.2279 0.9640 0.1369
vn 0.3898 0.9075 0.1566
vn -0.1616 0.5068 -0.8468
vn -0.2350 0.2917 -0.9272
vn -0.3869 0.4853 -0.7841
vn -0.3951 0.4735 -0.7872
vn -0.1735 0.8685 -0.4643
vn -0.5620 0.5583 -0.6103
vn 0.0767 0.9956 0.0537
vn 0.1073 0.9775 0.1818
vn 0.2119 0.9657 0.1502
vn 0.1007 0.9839 0.1475
vn 0.1926 0.9761 0.1012
vn 0.3507 0.9355 0.0437
vn 0.3740 0.9209 0.1098
vn 0.5664 0.8240 -0.0150
vn 0.5803 0.8121 0.0617
vn 0.7500 0.6586 -0.0605
vn 0.7610 0.6487 0.0058
vn 0.8511 0.5181 -0.0848
vn 0.8631 0.5041 -0.0318
vn 0.9125 0.3959 -0.1035
vn 0.9199 0.3897 -0.0438
vn 0.9534 0.2733 -0.1278
vn 0.8955 0.3961 -0.2029
vn 0.9295 0.2711 -0.2500
vn 0.9452 0.1692 -0.2794
vn 0.8813 0.2690 -0.3885
vn 0.8937 0.1655 -0.4171
vn 0.9006 0.0722 -0.4286
vn 0.8726 0.0747 -0.4826
vn 0.8329 0.0776 -0.5480
vn 0.7314 0.0702 -0.6784
vn 0.6314 0.0656 -0.7727
vn 0.5552 0.0741 -0.8284
vn 0.6223 0.1178 -0.7739
vn 0.5377 0.1233 -0.8341
vn 0.4373 0.1508 -0.8866
vn 0.4574 0.0895 -0.8847
vn 0.3665 0.1115 -0.9237
vn -0.0390 0.2445 -0.9689
vn -0.1292 0.2571 -0.9577
vn -0.0743 0.4005 -0.9133
vn -0.1663 0.3939 -0.9040
vn -0.0827 0.5070 -0.8580
vn -0.1565 0.5036 -0.8497
vn -0.0814 0.5637 -0.8220
vn -0.1221 0.5700 -0.8125
vn -0.1648 0.5520 -0.8174
vn -0.0991 0.6032 -0.7914
vn -0.1188 0.6095 -0.7838
vn -0.0829 0.5886 -0.8042
vn -0.1050 0.5432 -0.8330
vn -0.0525 0.5280 -0.8476
vn -0.2589 -0.0172 -0.9657
vn -0.3725 0.0766 -0.9249
vn -0.0321 0.5466 -0.8368
vn 0.0220 0.4989 -0.8664
vn -0.0028 0.4564 -0.8898
vn -0.0268 0.5206 -0.8534
vn 0.0302 0.4683 -0.8831
vn 0.0768 0.4196 -0.9045
vn 0.0632 0.4650 -0.8830
vn -0.0164 0.4748 -0.8799
vn 0.0410 0.4297 -0.9020
vn 0.0972 0.3790 -0.9203
vn 0.1891 0.3109 -0.9315
vn 0.1610 0.3622 -0.9181
vn 0.0595 0.3504 -0.9347
vn 0.1250 0.3076 -0.9433
vn 0.2227 0.2494 -0.9424
vn 0.3405 0.1926 -0.9203
vn 0.3117 0.2407 -0.9192
vn 0.1596 0.1756 -0.9714
vn 0.2578 0.1421 -0.9557
vn 0.0915 0.2013 -0.9752
vn 0.0358 0.2220 -0.9744
vn 0.0020 0.3814 -0.9244
vn 0.4118 0.1905 -0.8912
vn 0.3824 0.2533 -0.8886
vn 0.2824 0.3003 -0.9111
vn 0.3552 0.3117 -0.8813
vn 0.2518 0.3695 -0.8944
vn 0.1380 0.4286 -0.8929
vn 0.2568 0.0523 -0.9650
vn 0.1250 0.2081 -0.9701
vn 0.0435 0.3509 -0.9354
vn 0.0920 -0.5266 -0.8451
vn -0.0167 -0.3808 -0.9245
vn -0.1297 -0.1813 -0.9748
vn -0.0626 -0.8360 -0.5452
vn -0.2095 -0.7644 -0.6097
vn -0.3943 -0.6276 -0.6713
vn -0.2393 -0.8165 -0.5255
vn -0.4376 -0.6936 -0.5722
vn -0.6129 -0.5076 -0.6055
vn -0.5683 -0.4668 -0.6776
vn -0.7782 -0.2623 -0.5707
vn -0.6715 -0.5281 -0.5198
vn -0.8328 -0.2798 -0.4776
vn -0.9569 0.0221 -0.2896
vn -0.9472 0.0540 -0.3160
vn -0.9372 0.3416 -0.0704
vn -0.9491 0.3149 0.0006
vn -0.9546 0.2927 0.0552
vn -0.8207 0.5469 0.1653
vn -0.8572 0.4370 0.2725
vn -0.8710 0.3843 0.3059
vn -0.9377 0.3472 -0.0112
vn -0.8033 0.5768 0.1480
vn -0.6516 0.4791 -0.5881
vn -0.2763 0.8890 -0.3653
vn 0.0816 0.4088 -0.9090
vn 0.2067 -0.0396 -0.9776
vn 0.3732 0.3194 -0.8710
vn 0.1180 0.8478 -0.5170
vn -0.4991 0.8424 0.2033
vn -0.1485 0.9889 -0.0088
vn -0.1195 0.9924 0.0284
vn -0.2505 0.8710 0.4227
vn -0.3781 0.7763 0.5044
vn -0.0500 0.7377 0.6733
vn -0.0373 0.7852 0.6181
vn 0.2626 0.6983 0.6659
vn 0.2466 0.8182 0.5195
vn 0.4811 0.6665 0.5695
vn 0.4242 0.8605 0.2820
vn 0.2965 0.9517 -0.0795
vn 0.5287 0.8486 0.0213
vn 0.3807 0.8957 -0.2300
vn 0.3967 0.8894 -0.2272
vn 0.2485 0.9547 -0.1637
vn 0.4689 0.8714 -0.1443
vn 0.2782 0.9558 -0.0949
vn 0.5275 0.8466 -0.0701
vn 0.3171 0.9483 -0.0161
vn 0.1692 0.9850 0.0352
vn 0.0774 0.9944 0.0720
vn 0.0783 0.9941 0.0751
vn 0.0830 0.9819 0.1705
vn 0.4694 0.8804 0.0676
vn 0.5134 0.8520 -0.1028
vn 0.5804 0.7741 -0.2529
vn 0.8614 0.4967 -0.1061
vn 0.8164 0.5147 -0.2619
vn 0.6896 0.6260 -0.3642
vn 0.2802 0.9219 -0.2676
vn 0.5524 0.7928 -0.2575
vn 0.5235 0.8393 -0.1467
vn 0.1278 0.9858 -0.1092
vn -0.3855 0.9217 0.0436
vn -0.4963 0.8485 0.1837
vn -0.5377 0.8302 0.1469
vn -0.3788 0.9201 0.0994
vn -0.1335 0.9907 -0.0281
vn 0.0409 0.9965 -0.0727
vn 0.1131 0.9873 -0.1112
vn 0.0538 0.9954 -0.0788
vn -0.4597 0.8750 0.1518
vn -0.2442 0.9629 0.1148
vn 0.0087 0.9939 0.1096
vn 0.7287 0.6814 -0.0692
vn 0.7956 0.6054 0.0209
vn 0.6680 0.7196 -0.1895
vn 0.7216 0.6829 -0.1139
vn 0.8021 0.5421 -0.2505
vn 0.8334 0.5311 -0.1527
vn 0.8606 0.3891 -0.3286
vn 0.7430 0.5684 -0.3533
vn 0.5814 0.7641 -0.2796
vn 0.5135 0.7935 -0.3267
vn 0.6707 0.6113 -0.4202
vn 0.6041 0.7686 -0.2104
vn 0.6760 0.6189 -0.3999
vn 0.8141 0.5597 0.1551
vn 0.8871 0.4426 -0.1308
vn 0.8756 0.3383 -0.3447
vn 0.9610 0.1236 0.2472
vn 0.9988 -0.0257 0.0424
vn 0.9705 -0.1167 -0.2108
vn 0.8236 0.2671 -0.5003
vn 0.8600 -0.1821 -0.4767
vn 0.7266 0.2254 -0.6491
vn 0.6987 -0.1893 -0.6899
vn 0.5935 0.2373 -0.7690
vn 0.5926 0.2461 -0.7670
vn 0.4626 0.2728 -0.8436
vn 0.4851 0.2331 -0.8428
vn 0.5150 0.1636 -0.8414
vn 0.6124 0.1732 -0.7713
vn 0.5415 -0.1493 -0.8273
vn 0.3970 -0.0713 -0.9150
vn 0.4841 -0.6986 -0.5269
vn 0.3416 -0.6738 -0.6552
vn 0.2121 -0.6151 -0.7594
vn 0.2875 -0.8098 -0.5114
vn 0.1667 -0.8249 -0.5402
vn 0.0560 -0.8456 -0.5309
vn 0.1782 -0.8257 -0.5353
vn 0.0669 -0.8495 -0.5234
vn -0.0670 -0.8577 -0.5097
vn 0.0785 -0.8768 -0.4744
vn -0.0601 -0.8869 -0.4580
vn -0.2590 -0.8477 -0.4630
vn -0.0444 -0.9310 -0.3623
vn -0.2693 -0.8986 -0.3465
vn -0.5365 -0.7664 -0.3533
vn -0.4828 -0.7227 -0.4946
vn -0.7466 -0.5507 -0.3732
vn -0.5788 -0.7816 -0.2328
vn -0.8091 -0.5346 -0.2440
vn -0.9269 -0.2758 -0.2547
vn -0.8876 -0.2957 -0.3532
vn -0.9764 0.0148 -0.2154
vn -0.9671 0.0047 -0.2543
vn -0.9244 0.3585 -0.1301
vn -0.9278 0.3571 -0.1080
vn -0.7410 0.6694 -0.0538
vn -0.7492 0.6623 0.0079
vn -0.7734 0.6297 0.0723
vn -0.5176 0.8521 0.0775
vn -0.5336 0.8306 0.1591
vn -0.5832 0.7742 0.2462
vn -0.2673 0.9318 0.2457
vn -0.2632 0.9063 0.3307
vn -0.3192 0.8399 0.4390
vn -0.6725 0.6431 0.3663
vn -0.4078 0.7427 0.5311
vn -0.7424 0.5035 0.4419
vn -0.4436 0.7028 0.5561
vn -0.7290 0.5556 0.3998
vn 0.0046 0.8202 0.5720
vn -0.0262 0.7643 0.6443
vn 0.2688 0.7744 0.5728
vn 0.2656 0.7146 0.6472
vn 0.4792 0.6902 0.5422
vn 0.4836 0.6317 0.6058
vn 0.6716 0.5617 0.4832
vn 0.6811 0.5090 0.5264
vn 0.6673 0.6294 0.3982
vn 0.8498 0.3320 0.4094
vn 0.8327 0.3546 0.4253
vn 0.9308 0.0564 0.3610
vn 0.8127 0.4568 0.3619
vn 0.9361 0.1711 0.3073
vn 0.9660 -0.1589 0.2041
vn 0.9441 -0.2192 0.2463
vn 0.9056 -0.4213 0.0492
vn 0.9116 -0.4079 0.0517
vn 0.7803 -0.6140 -0.1191
vn 0.8094 -0.5595 -0.1783
vn 0.6020 -0.7485 -0.2781
vn 0.6465 -0.6655 -0.3730
vn 0.4304 -0.8004 -0.4173
vn 0.6065 -0.7285 -0.3186
vn 0.4279 -0.7858 -0.4466
vn 0.2913 -0.8038 -0.5187
vn 0.4069 -0.8097 -0.4228
vn 0.2846 -0.8332 -0.4741
vn 0.1850 -0.8541 -0.4861
vn 0.2721 -0.8786 -0.3925
vn 0.1902 -0.8962 -0.4008
vn 0.0953 -0.9171 -0.3871
vn 0.1919 -0.9269 -0.3227
vn 0.1144 -0.9410 -0.3185
vn -0.0152 -0.9577 -0.2874
vn 0.1242 -0.9447 -0.3036
vn 0.0139 -0.9553 -0.2954
vn -0.2313 -0.9323 -0.2782
vn -0.2595 -0.9329 -0.2496
vn -0.5851 -0.7691 -0.2570
vn -0.1907 -0.8642 -0.4656
vn -0.5390 -0.7058 -0.4597
vn -0.7959 -0.4445 -0.4110
vn -0.8318 -0.4980 -0.2451
vn -0.9050 -0.2057 -0.3723
vn -0.9384 -0.2408 -0.2480
vn -0.9481 0.0025 -0.3180
vn -0.9762 0.0177 -0.2160
vn -0.9190 0.3191 -0.2314
vn -0.9271 0.3468 -0.1425
vn -0.7142 0.6814 -0.1601
vn -0.7347 0.6730 -0.0853
vn -0.7948 0.2463 -0.5546
vn -0.6101 0.6278 -0.4833
vn -0.4391 0.7886 -0.4305
vn -0.3317 0.3679 -0.8687
vn -0.2540 0.4969 -0.8298
vn -0.2713 0.4080 -0.8718
vn -0.4633 0.7487 -0.4742
vn -0.2349 0.2149 -0.9480
vn -0.5366 0.5894 -0.6038
vn -0.0661 0.1034 -0.9924
vn -0.0709 0.1463 -0.9867
vn -0.0094 0.0188 -0.9998
vn -0.0029 0.0059 -1.0000
vn -0.0789 0.0948 -0.9924
vn -0.1080 0.0251 -0.9938
vn -0.4365 0.1124 -0.8926
vn -0.4505 -0.0208 -0.8925
vn -0.1275 -0.0087 -0.9918
vn -0.8042 -0.0201 -0.5941
vn -0.7578 -0.1600 -0.6326
vn -0.4353 -0.0903 -0.8958
vn -0.3784 -0.2024 -0.9032
vn -0.1280 -0.0315 -0.9913
vn -0.6484 -0.3483 -0.6769
vn -0.4115 -0.5460 -0.7298
vn -0.2298 -0.3171 -0.9201
vn -0.0637 -0.3568 -0.9320
vn -0.1319 -0.6653 -0.7348
vn 0.0297 -0.6940 -0.7193
vn 0.0128 -0.3389 -0.9407
vn 0.0307 -0.8980 -0.4389
vn 0.1179 -0.9035 -0.4121
vn 0.0849 -0.6983 -0.7108
vn 0.1153 -0.6936 -0.7111
vn 0.0375 -0.2812 -0.9589
vn 0.0306 -0.3115 -0.9498
vn 0.1660 -0.9056 -0.3903
vn 0.2019 -0.9085 -0.3660
vn 0.1306 -0.6895 -0.7124
vn 0.1856 -0.9382 -0.2920
vn 0.2387 -0.9357 -0.2596
vn 0.3106 -0.9289 -0.2017
vn 0.2403 -0.9218 -0.3043
vn 0.2578 -0.9169 -0.3045
vn 0.3541 -0.8929 -0.2783
vn 0.5522 -0.7952 -0.2505
vn 0.5056 -0.8541 -0.1221
vn 0.3803 -0.8507 -0.3629
vn 0.5721 -0.7560 -0.3179
vn 0.7966 -0.5421 -0.2673
vn 0.8108 -0.5362 -0.2348
vn 0.5881 -0.7368 -0.3335
vn 0.7945 -0.5622 -0.2298
vn 0.9463 -0.2947 -0.1330
vn 0.9411 -0.2538 -0.2235
vn 0.7923 -0.5846 -0.1746
vn 0.9347 -0.3538 -0.0343
vn 0.9941 -0.0454 0.0985
vn 0.9991 0.0331 -0.0281
vn 0.9342 0.3445 0.0925
vn 0.9287 0.3669 -0.0536
vn 0.9853 0.0675 -0.1568
vn 0.9342 0.2858 0.2135
vn 0.7990 0.5217 0.2990
vn 0.8081 0.5529 0.2032
vn 0.6684 0.6867 0.2857
vn 0.6709 0.7314 0.1225
vn 0.8148 0.5779 0.0464
vn 0.6597 0.6578 0.3633
vn 0.4838 0.7684 0.4189
vn 0.4861 0.8053 0.3394
vn 0.6613 0.6297 0.4075
vn 0.4796 0.7456 0.4627
vn 0.2712 0.8280 0.4908
vn 0.2635 0.8573 0.4424
vn 0.0305 0.9120 0.4091
vn 0.0002 0.9464 0.3229
vn 0.2541 0.8989 0.3568
vn 0.0377 0.8752 0.4823
vn -0.0128 0.9821 0.1878
vn 0.2500 0.9480 0.1971
vn 0.4821 0.8589 0.1728
vn 0.2555 0.9654 0.0513
vn 0.4744 0.8802 0.0131
vn 0.6601 0.7504 -0.0346
vn 0.8018 0.5907 -0.0904
vn -0.2762 0.9508 0.1404
vn 0.8319 -0.5517 -0.0601
vn 0.8407 -0.5408 -0.0256
vn 0.4219 -0.8912 -0.1666
vn 0.1381 -0.7172 -0.6830
vn 0.0338 -0.2766 -0.9604
vn 0.0369 -0.2633 -0.9640
vn -0.0035 -0.0174 -0.9998
vn -0.0055 -0.0278 -0.9996
vn -0.0021 -0.0418 -0.9991
vn -0.0046 0.0088 -1.0000
vn -0.0038 -0.0023 -1.0000
vn -0.0038 -0.0102 -0.9999
vn -0.0004 -0.0627 -0.9980
vn -0.0072 -0.0174 -0.9998
vn -0.0034 -0.0858 -0.9963
vn -0.0020 -0.0032 -1.0000
vn -0.0057 -0.0080 -1.0000
vn -0.0009 0.0005 -1.0000
vn -0.0047 -0.0026 -1.0000
vn -0.0084 -0.0062 -0.9999
vn -0.0209 -0.0110 -0.9997
vn -0.0011 0.0032 -1.0000
vn 0.0045 0.0064 -1.0000
vn 0.0033 0.0041 -1.0000
vn 0.0108 0.0108 -0.9999
vn 0.0160 0.0135 -0.9998
vn 0.0003 0.0019 -1.0000
vn 0.0040 0.0087 -1.0000
vn 0.0119 0.0163 -0.9998
vn 0.0016 0.0212 -0.9998
vn 0.0596 0.0300 -0.9978
vn 0.0313 0.0100 -0.9995
vn 0.2912 0.0166 -0.9565
vn 0.7587 -0.0453 -0.6498
vn -0.4761 0.6851 -0.5514
vn -0.4994 0.8224 -0.2724
vn -0.6310 0.7051 -0.3235
vn -0.4717 0.8817 0.0092
vn -0.6068 0.7944 -0.0287
vn -0.7181 0.6913 -0.0801
vn -0.5447 0.8017 0.2462
vn -0.6832 0.7011 0.2043
vn -0.7020 0.6841 0.1980
vn -0.4771 0.8705 -0.1213
vn -0.6319 0.6141 0.4729
vn -0.4779 0.7352 0.4808
vn -0.3918 0.6213 0.6786
vn -0.5698 0.4726 0.6723
vn -0.2487 0.4204 0.8726
vn -0.4135 0.2746 0.8681
vn -0.0525 0.1043 0.9932
vn -0.1439 0.0004 0.9896
vn 0.1099 -0.2138 0.9707
vn 0.0887 -0.2641 0.9604
vn 0.2248 -0.4860 0.8446
vn 0.1504 -0.1478 0.9775
vn 0.2407 -0.4546 0.8575
vn 0.3360 -0.6967 0.6338
vn 0.3359 -0.7052 0.6244
vn 0.4247 -0.8295 0.3628
vn 0.4243 -0.8361 0.3478
vn 0.3928 -0.6546 0.6459
vn 0.4566 -0.8079 0.3725
vn 0.4901 -0.8569 0.1600
vn 0.5322 -0.7616 0.3698
vn 0.5237 -0.8350 0.1687
vn 0.5155 -0.8564 0.0272
vn 0.5816 -0.7949 0.1731
vn 0.5528 -0.8328 0.0293
vn 0.5282 -0.8378 -0.1380
vn 0.5094 -0.8504 -0.1315
vn 0.5018 -0.7820 -0.3696
vn 0.4978 -0.7934 -0.3504
vn 0.4427 -0.6013 -0.6652
vn 0.4473 -0.6204 -0.6442
vn 0.3379 -0.3130 -0.8876
vn 0.3243 -0.3368 -0.8840
vn 0.3427 -0.3408 -0.8755
vn 0.1712 -0.0608 -0.9834
vn 0.1630 -0.0595 -0.9848
vn 0.0286 0.1713 -0.9848
vn -0.0192 0.1490 -0.9886
vn -0.0926 0.3998 -0.9119
vn -0.1837 0.3531 -0.9174
vn -0.1962 0.6404 -0.7426
vn -0.2957 0.5822 -0.7574
vn -0.2573 0.8257 -0.5020
vn -0.3601 0.7742 -0.5205
vn -0.2680 0.9339 -0.2367
vn -0.3760 0.8929 -0.2477
vn -0.2423 0.9699 0.0253
vn -0.3489 0.9368 0.0243
vn -0.1967 0.9460 0.2576
vn -0.2946 0.9175 0.2673
vn -0.4098 0.8732 0.2637
vn -0.2234 0.8498 0.4774
vn -0.3316 0.8106 0.4827
vn -0.1324 0.7366 0.6632
vn -0.2378 0.6997 0.6737
vn -0.0036 0.5317 0.8469
vn -0.1039 0.4965 0.8618
vn 0.1339 0.2367 0.9623
vn 0.0436 0.1887 0.9811
vn 0.2344 -0.0708 0.9696
vn 0.2190 0.2890 0.9319
vn 0.3387 0.0024 0.9409
vn 0.4387 -0.2869 0.8516
vn 0.3139 -0.3834 0.8686
vn 0.5119 -0.5735 0.6395
vn 0.5362 -0.2137 0.8166
vn 0.6095 -0.4976 0.6171
vn 0.6126 -0.7031 0.3612
vn 0.6163 -0.4815 0.6231
vn 0.4940 -0.5534 0.6706
vn 0.4279 0.0639 0.9015
vn 0.2936 0.3407 0.8932
vn 0.1391 0.5971 0.7901
vn 0.1700 0.6007 0.7812
vn 0.0769 0.5666 0.8204
vn -0.0499 0.7612 0.6466
vn 0.0112 0.7811 0.6243
vn -0.0661 0.8958 0.4395
vn -0.0222 0.9185 0.3948
vn 0.0356 0.7968 0.6032
vn -0.1363 0.8760 0.4627
vn -0.1134 0.9631 0.2439
vn -0.1533 0.9878 0.0279
vn -0.0592 0.9965 0.0597
vn -0.0330 0.9750 0.2196
vn 0.0301 0.9867 0.1600
vn -0.0416 0.9566 0.2884
vn 0.1303 0.9897 0.0596
vn -0.0297 0.8110 0.5843
vn 0.5255 0.8504 -0.0246
vn 0.9035 0.4285 0.0036
vn 0.9597 0.2763 0.0511
vn 0.9692 0.2438 -0.0350
vn 0.9138 0.3981 -0.0808
vn 0.9338 0.3576 0.0134
vn 0.9609 0.2747 -0.0349
vn 0.8826 0.4083 -0.2329
vn 0.9028 0.3292 0.2767
vn 0.9147 0.2308 0.3318
vn 0.9812 -0.1887 -0.0399
vn 0.8533 0.3437 0.3922
vn 0.8293 0.2775 0.4850
vn 0.9202 0.3702 0.1271
vn 0.8825 0.1195 -0.4549
vn 0.8502 0.2367 -0.4703
vn 0.5755 0.0604 -0.8156
vn 0.5665 0.0211 -0.8238
vn 0.4224 0.0372 -0.9057
vn 0.4380 -0.0973 -0.8937
vn 0.4326 -0.3992 -0.8084
vn 0.3966 -0.7846 -0.4765
vn 0.4082 -0.1774 -0.8955
vn 0.4496 -0.4903 -0.7466
vn 0.4854 -0.7733 -0.4080
vn 0.4553 -0.5537 -0.6972
vn 0.5208 -0.7631 -0.3827
vn 0.5618 -0.8172 -0.1285
vn 0.5987 -0.8003 0.0327
vn 0.3730 -0.2537 -0.8925
vn 0.3600 0.0222 -0.9327
vn 0.2913 -0.0048 -0.9566
vn 0.2210 -0.0378 -0.9745
vn 0.2011 0.1957 -0.9598
vn 0.1101 0.1916 -0.9753
vn 0.0901 0.4161 -0.9049
vn 0.0010 0.4236 -0.9059
vn -0.0333 0.6931 -0.7201
vn -0.1062 0.6781 -0.7272
vn -0.1055 0.8988 -0.4254
vn -0.1701 0.8642 -0.4735
vn -0.1002 0.9832 -0.1528
vn -0.1795 0.9593 -0.2180
vn 0.0146 0.6945 -0.7194
vn 0.1646 0.3755 -0.9121
vn 0.2419 0.3202 -0.9159
vn 0.0469 0.7004 -0.7122
vn 0.3666 0.1234 -0.9221
vn 0.5423 0.0669 -0.8375
vn 0.2823 0.1700 -0.9441
vn 0.8782 -0.0216 -0.4777
vn 0.9422 -0.0065 -0.3350
vn 0.8217 0.5697 0.0115
vn 0.1770 0.1315 -0.9754
vn 0.2253 0.1388 -0.9643
vn 0.2062 0.2642 -0.9422
vn 0.2702 0.1441 -0.9520
vn 0.2644 0.2788 -0.9232
vn 0.2573 0.4141 -0.8731
vn 0.3376 0.2867 -0.8965
vn 0.3473 0.4263 -0.8353
vn 0.3570 0.5665 -0.7428
vn 0.4396 0.4201 -0.7939
vn 0.4729 0.5462 -0.6914
vn 0.5070 0.6526 -0.5631
vn 0.3667 0.6985 -0.6145
vn 0.5536 0.5197 -0.6507
vn 0.5824 0.6062 -0.5417
vn 0.5913 0.4995 -0.6332
vn 0.6067 0.5692 -0.5549
vn 0.5343 0.5130 -0.6719
vn 0.6117 0.5321 -0.5853
vn 0.5538 0.4834 -0.6780
vn 0.5749 0.5166 -0.6346
vn 0.6014 0.5182 -0.6081
vn 0.7847 0.5745 -0.2330
vn 0.6841 0.5717 -0.4530
vn 0.8563 0.5128 -0.0619
vn 0.8724 0.4448 0.2026
vn 0.9441 0.3291 0.0198
vn 0.9487 0.2591 0.1813
vn 0.9398 0.2398 0.2433
vn 0.3331 0.1467 -0.9314
vn 0.4036 0.1449 -0.9034
vn 0.4164 0.2835 -0.8638
vn 0.4650 0.1405 -0.8741
vn 0.4845 0.2737 -0.8309
vn 0.5156 0.4038 -0.7557
vn 0.5286 0.2667 -0.8059
vn 0.5591 0.3906 -0.7314
vn 0.5377 0.2693 -0.7990
vn 0.5675 0.3898 -0.7252
vn 0.6052 0.4911 -0.6265
vn 0.5943 0.4869 -0.6401
vn 0.4424 0.5071 -0.7396
vn 0.4969 0.5667 -0.6572
vn 0.2375 0.4169 -0.8774
vn 0.5332 0.4971 -0.6846
vn 0.8356 0.4483 -0.3174
vn 0.5063 0.1379 -0.8512
vn 0.5157 0.1398 -0.8453
vn 0.3352 -0.0443 -0.9411
vn 0.3792 0.7908 -0.4804
vn 0.6179 0.4677 -0.6320
vn 0.0087 0.0019 1.0000
vn 0.0257 -0.0386 0.9989
vn 0.4131 0.5061 0.7571
vn 0.0643 0.9964 -0.0560
vn 0.0618 0.9287 -0.3656
vn 0.1364 0.9855 0.1011
vn 0.7198 0.6067 0.3372
vn 0.5018 0.5277 0.6854
vn 0.7072 0.1345 0.6941
vn 0.8960 0.2192 0.3861
vn -0.0790 0.6148 0.7847
vn 0.2325 0.9156 -0.3281
vn -0.5510 0.7835 -0.2871
vn -0.4609 0.8723 -0.1633
vn 0.3041 0.9523 -0.0266
vn -0.3199 0.7606 -0.5649
vn -0.7374 0.6752 0.0148
vn -0.3421 0.8626 -0.3727
vn -0.0415 0.0558 0.9976
vn -0.6747 0.3091 0.6702
vn -0.2781 0.2349 0.9314
vn -0.8426 0.5337 -0.0719
vn -0.9775 0.1684 0.1271
vn -0.6347 -0.0148 0.7727
vn -0.9981 0.0584 0.0214
vn -0.4319 -0.2118 0.8767
vn -0.0944 0.9895 -0.1093
vn -0.7914 0.2898 0.5382
vn -0.6561 0.6283 0.4181
vn 0.0189 0.9646 -0.2632
vn -0.0036 0.8973 -0.4413
vn -0.7421 0.0944 -0.6636
vn -0.3681 0.8962 -0.2475
vn -0.7984 0.1204 -0.5899
vn -0.5146 0.2481 -0.8208
vn -0.0616 0.9668 0.2482
vn -0.1895 0.7266 0.6604
vn -0.7533 0.6539 -0.0700
vn -0.0892 0.9534 -0.2884
vn -0.7913 0.2127 -0.5732
vn -0.4130 0.1416 -0.8996
vn -0.3723 0.1800 -0.9105
vn -0.5997 -0.7986 -0.0513
vn -0.7227 -0.4457 -0.5283
vn -0.4477 -0.7451 -0.4943
vn -0.9209 -0.3362 0.1974
vn -0.5747 -0.7636 -0.2943
vn -0.6255 -0.7662 -0.1476
vn -0.4815 0.2904 0.8269
vn -0.3220 0.9270 -0.1923
vn -0.6580 0.7126 -0.2435
vn 0.0197 0.0037 0.9998
vn 0.0231 -0.0034 0.9997
vn 0.0082 -0.0018 1.0000
vn 0.0063 0.0044 1.0000
vn 0.0125 0.0134 0.9998
vn 0.0045 0.0006 1.0000
vn 0.0132 -0.0286 0.9995
vn 0.0097 -0.0130 0.9999
vn 0.0246 -0.0234 0.9994
vn 0.1313 -0.0756 0.9885
vn 0.0924 -0.1325 0.9869
vn 0.0256 -0.1238 0.9920
vn 0.0875 0.7685 0.6339
vn 0.0061 0.6914 0.7224
vn 0.3739 0.5138 0.7722
vn 0.3057 0.5350 0.7876
vn 0.1924 0.7652 0.6144
vn 0.4095 0.3937 0.8230
vn 0.4969 0.3893 0.7755
vn 0.0282 0.9996 -0.0035
vn -0.0153 0.9960 -0.0885
vn 0.0428 0.9935 -0.1051
vn 0.1003 0.9944 -0.0343
vn 0.0859 0.9948 0.0555
vn 0.0788 0.9930 -0.0875
vn 0.1572 0.9464 -0.2820
vn 0.0071 0.9916 -0.1288
vn -0.0415 0.9503 -0.3086
vn 0.1509 0.7379 -0.6579
vn 0.3831 0.7432 -0.5486
vn -0.0857 0.7539 -0.6513
vn 0.0745 0.9895 0.1238
vn -0.0153 0.9957 0.0911
vn 0.0906 0.9932 0.0727
vn 0.2281 0.9661 0.1211
vn 0.2077 0.9645 0.1629
vn 0.2106 0.9746 0.0759
vn 0.6217 0.6923 0.3663
vn 0.6147 0.7412 0.2699
vn 0.7452 0.6095 0.2708
vn 0.8402 0.4231 0.3393
vn 0.7785 0.4724 0.4132
vn 0.6577 0.5584 0.5056
vn 0.5436 0.5419 0.6410
vn 0.6207 0.7129 0.3264
vn 0.4791 0.7424 0.4684
vn 0.3559 0.7794 0.5156
vn 0.4991 0.6604 0.5610
vn 0.6807 0.4326 0.5912
vn 0.7136 0.3866 0.5842
vn 0.5154 0.4346 0.7385
vn 0.4421 0.4275 0.7885
vn 0.3314 0.2250 0.9163
vn 0.2036 0.4362 0.8765
vn 0.2434 0.4693 0.8488
vn 0.4473 0.0447 0.8933
vn 0.7390 -0.2817 0.6120
vn 0.9469 0.0605 0.3157
vn 0.1316 0.4779 0.8685
vn 0.9114 0.1813 0.3694
vn 0.8632 0.2944 0.4101
vn 0.8630 0.3006 0.4060
vn 0.8971 0.2734 0.3472
vn 0.9251 0.1214 0.3597
vn 0.9240 0.0801 0.3740
vn 0.3602 0.5368 0.7630
vn -0.0039 0.1669 0.9860
vn -0.4711 0.4151 0.7783
vn -0.6827 0.7052 0.1913
vn -0.1727 0.9562 0.2362
vn 0.4147 0.8964 0.1563
vn -0.1920 0.9227 -0.3344
vn 0.2876 0.9307 -0.2260
vn 0.5387 0.8371 0.0957
vn -0.1066 0.9373 -0.3320
vn -0.7045 0.7037 0.0921
vn -0.3041 0.9517 -0.0430
vn -0.0151 0.9954 -0.0943
vn -0.4641 0.8817 -0.0851
vn -0.4809 0.8766 0.0202
vn -0.4320 0.9018 -0.0109
vn 0.4543 0.8832 0.1162
vn 0.5044 0.8616 0.0563
vn 0.5026 0.8522 0.1451
vn 0.2709 0.9621 -0.0317
vn 0.5051 0.8630 0.0104
vn 0.0096 0.9980 -0.0631
vn -0.1452 0.9766 0.1585
vn -0.8549 0.3630 -0.3705
vn -0.0196 0.9606 0.2773
vn -0.8541 0.3563 -0.3789
vn -0.1406 0.4834 0.8640
vn -0.8683 -0.0320 0.4949
vn -0.6298 0.7529 -0.1908
vn 0.0016 0.0129 0.9999
vn -0.0047 0.0091 0.9999
vn -0.0195 0.0205 0.9996
vn -0.1782 0.3494 0.9199
vn -0.2270 0.1462 0.9628
vn 0.0075 0.0433 0.9990
vn -0.0194 0.1010 0.9947
vn 0.0134 0.4938 0.8695
vn -0.0517 0.0116 0.9986
vn -0.2340 -0.0218 0.9720
vn -0.3655 0.1180 0.9233
vn -0.0651 0.0267 0.9975
vn -0.0565 0.0550 0.9969
vn -0.1399 0.2450 0.9594
vn -0.5882 0.6551 0.4742
vn -0.8465 0.3409 0.4090
vn -0.9241 0.0169 0.3818
vn -0.7901 0.5866 -0.1778
vn -0.7976 0.6002 0.0596
vn -0.6572 0.7521 0.0494
vn -0.9144 0.4048 -0.0089
vn -0.6903 0.7105 0.1370
vn -0.2785 0.3375 0.8992
vn -0.6366 -0.2498 0.7296
vn -0.9834 -0.1709 0.0616
vn -0.8978 0.2662 -0.3508
vn -0.1742 -0.0727 0.9820
vn -0.9889 -0.0812 0.1246
vn -0.9929 -0.1024 0.0608
vn -0.9840 -0.1646 0.0679
vn -0.9722 0.0816 0.2197
vn -0.9138 0.3747 0.1568
vn -0.9467 -0.2167 0.2384
vn -0.1404 -0.3193 0.9372
vn -0.3055 -0.7525 0.5834
vn -0.7350 -0.4887 0.4700
vn -0.4114 0.0486 0.9102
vn -0.0732 0.0068 0.9973
vn -0.8665 0.0037 0.4992
vn -0.3051 0.9523 0.0037
vn -0.2120 0.9772 0.0120
vn -0.0997 0.9742 -0.2025
vn 0.1334 0.9308 -0.3404
vn -0.0441 0.9083 -0.4161
vn -0.1919 0.9642 -0.1831
vn -0.1424 0.9885 0.0512
vn -0.1442 0.9888 0.0384
vn -0.0569 0.9983 -0.0091
vn -0.1247 0.9922 0.0070
vn -0.7413 0.3586 0.5674
vn -0.6902 0.2917 0.6623
vn -0.7144 0.2288 0.6613
vn -0.7285 0.1489 0.6687
vn -0.8195 0.1744 0.5459
vn -0.7606 0.4272 0.4889
vn -0.7173 0.4729 0.5118
vn -0.8394 0.2739 0.4696
vn -0.8152 0.3923 0.4262
vn -0.8588 0.1700 0.4833
vn -0.2325 0.7365 0.6352
vn -0.4407 0.2530 0.8613
vn -0.8564 0.1246 0.5010
vn -0.9796 0.0611 -0.1913
vn -0.6812 0.7021 -0.2075
vn -0.0550 0.9980 0.0324
vn 0.0490 0.9988 0.0052
vn 0.0737 0.9369 0.3419
vn 0.0973 0.9707 0.2199
vn -0.4477 0.5837 -0.6774
vn -0.3889 0.6297 -0.6725
vn -0.5188 0.7885 -0.3304
vn -0.1430 0.9642 -0.2234
vn -0.0243 0.9902 -0.1377
vn -0.9803 -0.0602 -0.1879
vn -0.4642 0.8759 0.1313
vn -0.8974 0.4266 0.1131
vn -0.7774 0.5038 -0.3766
vn -0.0184 0.8597 -0.5105
vn -0.0010 0.9963 -0.0855
vn -0.2603 0.4981 -0.8271
vn -0.9764 0.1605 -0.1447
vn -0.8852 0.1702 -0.4330
vn -0.9167 0.2277 -0.3285
vn -0.8549 0.3599 -0.3736
vn -0.8954 0.2348 -0.3784
vn -0.8588 0.4395 -0.2633
vn -0.5729 0.3343 -0.7483
vn -0.3336 0.3038 -0.8924
vn -0.1313 0.5484 -0.8258
vn -0.4068 0.9114 -0.0622
vn -0.0647 0.9821 -0.1768
vn 0.0516 0.9963 0.0690
vn 0.4276 0.7458 0.5109
vn 0.6824 0.6339 0.3640
vn -0.6594 0.7508 0.0399
vn -0.8341 0.5505 0.0349
vn -0.0174 0.8115 0.5841
vn 0.0906 0.7066 0.7018
vn -0.0464 0.6343 0.7717
vn -0.2266 0.8630 0.4516
vn -0.0847 0.9186 0.3860
vn -0.1237 0.5212 0.8444
vn -0.2367 0.5611 0.7932
vn -0.8681 0.4963 -0.0084
vn -0.8780 0.4755 -0.0556
vn -0.7993 0.5925 -0.1003
vn -0.7771 0.6281 0.0400
vn -0.5914 0.8038 0.0649
vn -0.5749 0.8075 -0.1322
vn -0.8901 0.4555 0.0160
vn 0.1212 0.9377 0.3257
vn 0.0878 0.9830 -0.1610
vn -0.0083 0.9141 -0.4054
vn -0.0651 0.7759 -0.6275
vn -0.1192 0.7445 -0.6569
vn -0.2408 0.8771 -0.4156
vn -0.0476 0.8178 -0.5736
vn -0.7750 -0.1225 -0.6200
vn -0.5538 -0.5213 -0.6493
vn -0.8512 -0.1095 -0.5134
vn -0.8149 0.2295 -0.5322
vn -0.7698 0.3485 -0.5347
vn -0.7978 0.2003 -0.5686
vn -0.7593 -0.0309 -0.6500
vn -0.6363 0.4584 -0.6205
vn -0.4074 -0.1418 -0.9022
vn -0.4295 -0.2035 -0.8799
vn -0.5507 -0.1820 -0.8146
vn -0.4598 0.1046 -0.8818
vn -0.3337 0.3598 -0.8713
vn -0.8393 0.1378 -0.5260
vn -0.5529 -0.7494 -0.3643
vn -0.5298 -0.7927 -0.3017
vn -0.8650 -0.4995 -0.0473
vn -0.8088 -0.5608 0.1771
vn -0.7670 -0.6410 -0.0266
vn -0.4472 -0.5807 -0.6803
vn -0.9802 0.1664 0.1075
vn -0.4609 -0.8768 -0.1370
vn -0.3873 -0.9219 0.0102
vn -0.7462 -0.2484 -0.6177
vn -0.8997 -0.2696 -0.3433
vn -0.8477 -0.2955 -0.4406
vn -0.8980 0.1453 0.4153
vn -0.5786 -0.2091 0.7883
vn -0.5625 -0.6801 0.4701
vn -0.9220 0.3280 -0.2056
vn -0.5325 -0.8424 0.0833
vn -0.6023 -0.7925 -0.0957
vn -0.6276 -0.7593 -0.1722
vn -0.6366 -0.6813 -0.3614
vn -0.5218 0.2800 0.8058
vn -0.4933 0.1467 0.8574
vn -0.4269 0.1956 0.8829
vn -0.4509 0.3938 0.8010
vn -0.5580 0.3932 0.7308
vn -0.2544 0.3037 0.9182
vn -0.5323 0.7930 -0.2965
vn -0.4735 0.7853 -0.3989
vn -0.3241 0.9334 -0.1543
vn -0.3227 0.9154 -0.2408
vn -0.5205 0.7987 -0.3019
vn -0.1961 0.9658 -0.1694
vn -0.4607 0.8181 -0.3441
vn -0.4669 0.8476 -0.2522
vn -0.6955 0.6923 -0.1926
vn -0.6900 0.6496 -0.3192
vn -0.4332 0.7096 -0.5557
vn -0.7379 0.6525 -0.1724
vn -0.7372 0.6673 -0.1057
vn -0.6977 0.6994 -0.1547
vn -0.7497 0.6053 -0.2674
vn -0.6733 0.5218 -0.5238
vn -0.7138 0.6905 -0.1176
vn -0.7012 0.7115 -0.0456
vn -0.7179 0.6905 -0.0883
vn -0.4568 0.8703 -0.1842
vn -0.4702 0.8761 -0.1064
vn -0.4867 0.8655 -0.1185
vn -0.6713 0.7299 -0.1290
vn -0.2046 0.9498 -0.2367
vn -0.2925 0.9053 -0.3081
vn -0.2252 0.9206 -0.3190
vn -0.2407 0.8863 -0.3955
vn -0.2725 0.8471 -0.4562
vn -0.4006 0.8368 -0.3732
vn -0.2006 0.8657 -0.4585
vn -0.1808 0.8324 -0.5238
vn -0.1665 0.8147 -0.5554
vn -0.0646 0.8323 -0.5506
vn -0.1479 0.8800 -0.4513
vn -0.1399 0.7412 -0.6566
vn -0.0922 0.7428 -0.6631
vn 0.0073 0.7586 -0.6515
vn 0.1199 0.7796 -0.6147
vn 0.0371 0.8580 -0.5123
vn -0.0484 0.6505 -0.7579
vn 0.0650 0.6676 -0.7417
vn 0.1961 0.6821 -0.7045
vn 0.3336 0.6906 -0.6417
vn 0.2477 0.7986 -0.5486
vn 0.1115 0.5550 -0.8244
vn 0.2626 0.5657 -0.7817
vn 0.4056 0.5660 -0.7177
vn 0.5340 0.5624 -0.6313
vn 0.4679 0.6944 -0.5467
vn 0.3051 0.4427 -0.8432
vn 0.4581 0.4439 -0.7702
vn 0.5827 0.4330 -0.6877
vn 0.6874 0.4292 -0.5859
vn 0.6490 0.5624 -0.5123
vn 0.4934 0.3182 -0.8095
vn 0.6249 0.3078 -0.7175
vn 0.7230 0.2907 -0.6267
vn 0.8149 0.2869 -0.5037
vn 0.7862 0.4275 -0.4463
vn 0.6614 0.1592 -0.7329
vn 0.7520 0.1467 -0.6426
vn 0.8245 0.1522 -0.5450
vn 0.9058 0.1707 -0.3877
vn 0.8892 0.2841 -0.3586
vn 0.7629 -0.0000 -0.6465
vn 0.8259 -0.0000 -0.5639
vn 0.9129 -0.0000 -0.4082
vn 0.9614 -0.0000 -0.2753
vn 0.9476 0.1743 -0.2678
vn 0.9629 -0.0000 -0.2697
vn 0.5694 -0.0000 -0.8221
vn 0.6135 0.1849 -0.7678
vn 0.9450 0.1672 -0.2811
vn 0.6305 0.3010 -0.7154
vn 0.9253 0.2545 -0.2812
vn 0.9274 0.2652 -0.2639
vn 0.8985 0.3894 -0.2028
vn 0.8909 0.3928 -0.2280
vn 0.8547 0.4138 -0.3135
vn 0.8392 0.5252 -0.1412
vn 0.8062 0.5445 -0.2316
vn 0.7436 0.5595 -0.3661
vn 0.7581 0.6375 -0.1374
vn 0.6905 0.6690 -0.2751
vn 0.5913 0.6886 -0.4198
vn 0.6224 0.7611 -0.1827
vn 0.5138 0.7941 -0.3248
vn 0.3842 0.8055 -0.4511
vn 0.4191 0.8793 -0.2264
vn 0.2837 0.8923 -0.3512
vn 0.1517 0.8817 -0.4467
vn 0.1699 0.9531 -0.2504
vn 0.0520 0.9364 -0.3471
vn -0.0496 0.9099 -0.4119
vn -0.0431 0.9650 -0.2586
vn -0.1336 0.9355 -0.3270
vn -0.2451 0.8978 -0.3659
vn -0.2161 0.9417 -0.2579
vn -0.3657 0.8795 -0.3046
vn -0.2898 0.9252 -0.2451
vn -0.4783 0.8153 -0.3264
vn -0.3357 0.8767 -0.3447
vn -0.4723 0.7180 -0.5113
vn -0.4417 0.7625 -0.4728
vn -0.4516 0.6269 -0.6348
vn -0.4946 0.7479 -0.4427
vn -0.5161 0.5727 -0.6369
vn -0.5871 0.6645 -0.4623
vn -0.5475 0.5906 -0.5928
vn -0.5826 0.6672 -0.4641
vn -0.6657 0.7183 -0.2022
vn -0.5836 0.7027 -0.4069
vn -0.5907 0.7640 -0.2596
vn -0.6403 0.7532 -0.1506
vn -0.6990 0.6560 -0.2849
vn -0.7422 0.6193 -0.2563
vn -0.7879 0.5362 -0.3028
vn -0.8140 0.4476 -0.3702
vn -0.8112 0.3883 -0.4372
vn -0.7280 0.3455 -0.5922
vn -0.7734 0.4393 -0.4571
vn -0.6116 0.4001 -0.6826
vn -0.5516 0.3430 -0.7603
vn -0.3706 0.3756 -0.8495
vn -0.3756 0.4311 -0.8204
vn -0.6784 0.2862 -0.6766
vn -0.5182 0.2901 -0.8046
vn -0.3637 0.2964 -0.8831
vn -0.2308 0.2975 -0.9264
vn -0.2393 0.4055 -0.8822
vn -0.5058 0.1669 -0.8463
vn -0.3507 0.1656 -0.9217
vn -0.2174 0.1618 -0.9626
vn -0.0932 0.1598 -0.9827
vn -0.1051 0.2967 -0.9492
vn -0.2118 -0.0000 -0.9773
vn -0.0884 -0.0000 -0.9961
vn 0.0476 -0.0000 -0.9989
vn 0.0399 0.1575 -0.9867
vn 0.1946 -0.0000 -0.9809
vn 0.3498 -0.0000 -0.9368
vn 0.3441 0.1564 -0.9258
vn 0.1867 0.1549 -0.9701
vn 0.3288 0.3111 -0.8917
vn 0.1696 0.3016 -0.9382
vn 0.0234 0.2972 -0.9545
vn 0.1463 0.4309 -0.8905
vn 0.0040 0.4214 -0.9069
vn -0.1205 0.4168 -0.9010
vn -0.0197 0.5414 -0.8405
vn -0.1300 0.5245 -0.8414
vn -0.2266 0.4867 -0.8437
vn -0.1290 0.6293 -0.7664
vn -0.1985 0.5901 -0.7825
vn -0.3963 0.5415 -0.7414
vn -0.1845 0.7397 -0.6472
vn 0.5156 0.1628 -0.8412
vn 0.5235 -0.0000 -0.8520
vn 0.6759 -0.0000 -0.7370
vn 0.3890 -0.0000 -0.9212
vn 0.3853 0.1880 -0.9035
vn 0.0856 0.1564 -0.9840
vn 0.3673 0.3412 -0.8652
vn 0.1603 0.2858 -0.9448
vn 0.3342 0.4505 -0.8279
vn 0.2073 0.3834 -0.9000
vn 0.6561 0.4462 -0.6086
vn 0.2178 0.5320 -0.8182
vn 0.6828 0.6014 -0.4149
vn 0.8560 0.5119 -0.0729
vn 0.7043 0.6899 -0.1672
vn 0.8131 0.5804 0.0447
vn 0.7929 0.6081 -0.0380
vn 0.7842 0.6014 0.1528
vn 0.7558 0.6519 0.0624
vn 0.7040 0.7087 -0.0464
vn 0.6950 0.6969 0.1769
vn 0.6271 0.7769 0.0565
vn 0.5366 0.8397 -0.0836
vn 0.5091 0.8373 0.1991
vn 0.4192 0.9070 0.0411
vn 0.2993 0.9467 -0.1189
vn 0.2666 0.9481 0.1735
vn 0.1579 0.9874 -0.0090
vn 0.0520 0.9866 -0.1549
vn 0.0113 0.9961 0.0879
vn -0.0591 0.9958 -0.0697
vn -0.1308 0.9748 -0.1809
vn -0.1386 0.9903 0.0031
vn -0.1870 0.9734 -0.1321
vn -0.1924 0.9760 0.1017
vn -0.2232 0.9672 -0.1209
vn -0.3624 0.9060 0.2188
vn -0.4098 0.9006 -0.1447
vn -0.5758 0.7851 0.2283
vn -0.6047 0.7642 -0.2244
vn -0.5613 0.6474 -0.5156
vn -0.6499 0.6821 -0.3353
vn -0.5977 0.6105 -0.5198
vn -0.6686 0.6261 -0.4012
vn -0.6356 0.6013 -0.4841
vn -0.6131 0.6316 -0.4746
vn -0.6983 0.5813 -0.4177
vn -0.7013 0.6106 -0.3680
vn -0.6970 0.6366 -0.3301
vn -0.7613 0.5561 -0.3334
vn -0.7649 0.5455 -0.3427
vn -0.7838 0.5100 -0.3543
vn -0.8160 0.4120 -0.4053
vn -0.8139 0.3867 -0.4337
vn -0.8227 0.3443 -0.4523
vn -0.8468 0.2059 -0.4904
vn -0.8352 0.1915 -0.5155
vn -0.7793 0.1754 -0.6016
vn -0.7912 0.3022 -0.5316
vn -0.6598 0.1676 -0.7325
vn -0.6550 -0.0000 -0.7556
vn -0.5017 -0.0000 -0.8650
vn 0.6364 -0.0000 -0.7714
vn 0.7032 -0.0000 -0.7110
vn 0.6220 0.1714 -0.7640
vn 0.6865 0.1936 -0.7009
vn 0.5773 0.3188 -0.7517
vn 0.6438 0.3599 -0.6753
vn 0.5058 0.4472 -0.7377
vn 0.5705 0.4987 -0.6525
vn 0.4106 0.5809 -0.7028
vn 0.4799 0.6233 -0.6174
vn 0.2714 0.5667 -0.7780
vn 0.3710 0.7843 -0.4972
vn 0.1799 0.7213 -0.6689
vn 0.2356 0.7142 -0.6591
vn 0.0436 0.8845 -0.4646
vn 0.2892 0.8933 -0.3440
vn 0.7380 0.6626 0.1274
vn 0.4315 0.9021 0.0121
vn 0.7516 0.5753 0.3228
vn 0.7449 0.6083 0.2741
vn 0.6629 0.5829 0.4699
vn 0.6316 0.6457 0.4292
vn 0.5730 0.7539 0.3214
vn 0.4670 0.6732 0.5734
vn 0.4142 0.7747 0.4779
vn 0.3553 0.8675 0.3481
vn 0.2586 0.7538 0.6041
vn 0.1759 0.8610 0.4772
vn 0.0888 0.9535 0.2882
vn -0.1120 0.9791 0.1700
vn -0.2126 0.9367 0.2781
vn -0.3772 0.7812 0.4975
vn -0.3562 0.8258 0.4372
vn -0.5008 0.6668 0.5519
vn -0.4930 0.6757 0.5481
vn -0.5400 0.5776 0.6122
vn -0.5485 0.5984 0.5840
vn -0.6686 0.7328 0.1262
vn -0.5982 0.5725 0.5608
vn -0.7235 0.6903 -0.0002
vn -0.6910 0.5723 0.4414
vn -0.7728 0.6218 -0.1274
vn -0.7112 0.5724 -0.4080
vn -0.8096 0.5511 -0.2022
vn -0.7697 0.5328 -0.3517
vn -0.7619 0.5480 -0.3454
vn -0.8581 0.4329 -0.2763
vn -0.8475 0.4338 -0.3059
vn -0.8315 0.4271 -0.3552
vn -0.9249 0.2330 -0.3004
vn -0.8934 0.2238 -0.3896
vn -0.8601 0.2134 -0.4633
vn -0.8605 -0.0000 -0.5094
vn 0.4297 -0.0000 -0.9030
vn 0.4289 -0.0000 -0.9033
vn 0.4204 0.1063 -0.9011
vn 0.4115 0.1228 -0.9031
vn 0.3957 0.2571 -0.8817
vn 0.3724 0.2530 -0.8929
vn 0.3584 0.3887 -0.8488
vn 0.3290 0.3785 -0.8651
vn 0.2882 0.5233 -0.8020
vn 0.2700 0.5204 -0.8101
vn 0.1787 0.6519 -0.7370
vn 0.1592 0.6787 -0.7170
vn 0.2772 0.7564 -0.5925
vn -0.0069 0.7832 -0.6217
vn 0.1207 0.8996 -0.4197
vn 0.2237 0.9332 -0.2812
vn 0.0151 0.9541 -0.2990
vn 0.1069 0.9827 -0.1511
vn 0.0177 0.9650 -0.2615
vn 0.0788 0.9778 -0.1940
vn 0.1857 0.9776 -0.0987
vn 0.5565 0.7763 0.2960
vn 0.3356 0.9052 0.2607
vn 0.4783 0.6825 0.5527
vn 0.4943 0.6179 0.6114
vn 0.3584 0.6166 0.7010
vn 0.3541 0.6096 0.7092
vn 0.3166 0.6684 0.6731
vn 0.2488 0.5773 0.7777
vn 0.1857 0.6369 0.7482
vn 0.1415 0.5176 0.8438
vn 0.0599 0.5726 0.8176
vn 0.0317 0.4417 0.8966
vn -0.0367 0.4765 0.8784
vn -0.1048 0.3637 0.9256
vn -0.1753 0.3883 0.9047
vn -0.0505 0.3412 0.9386
vn -0.0931 0.2288 0.9690
vn -0.1496 0.2476 0.9572
vn 0.0699 0.4256 0.9022
vn -0.0049 0.3143 0.9493
vn -0.0394 0.2078 0.9774
vn -0.0647 0.1171 0.9910
vn -0.1180 0.1239 0.9853
vn 0.0125 0.2985 0.9543
vn -0.0053 0.1946 0.9809
vn -0.0348 0.1151 0.9927
vn -0.0575 -0.0000 0.9983
vn -0.0794 -0.0000 0.9968
vn -0.0111 0.1939 0.9810
vn -0.0359 0.1191 0.9922
vn -0.6234 0.3129 0.7166
vn 0.8542 -0.0000 0.5199
vn -0.2705 -0.0000 -0.9627
vn 0.5437 -0.0000 -0.8393
vn 0.6362 0.1314 -0.7603
vn 0.5376 0.1208 -0.8345
vn 0.6010 0.2840 -0.7471
vn 0.5035 0.2759 -0.8188
vn 0.5449 0.4139 -0.7292
vn 0.4441 0.4058 -0.7988
vn 0.4503 0.5542 -0.7001
vn 0.3618 0.5386 -0.7609
vn 0.3374 0.6775 -0.6536
vn 0.2531 0.6591 -0.7082
vn 0.2181 0.7662 -0.6044
vn 0.1297 0.7431 -0.6565
vn 0.0436 0.7361 -0.6755
vn -0.0205 0.8077 -0.5892
vn -0.1261 0.7881 -0.6025
vn -0.1686 0.8268 -0.5366
vn -0.2459 0.8119 -0.5294
vn -0.1560 0.8399 -0.5199
vn 0.0267 0.9396 -0.3413
vn -0.1646 0.8165 -0.5534
vn -0.2620 0.8452 -0.4659
vn -0.1151 0.8366 -0.5356
vn 0.0125 0.7525 -0.6584
vn -0.1850 0.8416 -0.5074
vn -0.0828 0.8826 -0.4628
vn -0.2236 0.8873 -0.4035
vn 0.0729 0.8393 -0.5388
vn 0.1501 0.8625 -0.4833
vn -0.0138 0.9105 -0.4132
vn 0.3003 0.7888 -0.5363
vn 0.3667 0.8056 -0.4654
vn 0.2224 0.8769 -0.4262
vn 0.4207 0.6993 -0.5779
vn 0.4914 0.7108 -0.5033
vn 0.5377 0.7148 -0.4472
vn 0.4128 0.8142 -0.4083
vn 0.5481 0.5621 -0.6194
vn 0.6116 0.5675 -0.5512
vn 0.6543 0.5797 -0.4857
vn 0.7028 0.5859 -0.4035
vn 0.5775 0.7212 -0.3826
vn 0.6753 0.4467 -0.5869
vn 0.7328 0.4578 -0.5034
vn 0.7929 0.4565 -0.4035
vn 0.8350 0.4591 -0.3034
vn 0.7533 0.5889 -0.2929
vn 0.7964 0.3170 -0.5150
vn 0.8596 0.3178 -0.4000
vn 0.8980 0.3107 -0.3115
vn 0.9265 0.3084 -0.2157
vn 0.8590 0.4704 -0.2018
vn 0.9021 0.1302 -0.4115
vn 0.9425 0.1336 -0.3064
vn 0.9693 0.1214 -0.2140
vn 0.9875 0.1261 -0.0943
vn 0.9483 0.3057 -0.0848
vn 0.9539 -0.0000 -0.3002
vn 0.9781 -0.0000 -0.2080
vn 0.9942 -0.0000 -0.1071
vn 0.9994 -0.0000 0.0338
vn 0.9904 0.1348 0.0309
vn 0.9889 -0.0000 0.1487
vn 0.9629 0.1006 0.2505
vn 0.9841 0.1142 0.1362
vn 0.9313 0.2803 0.2327
vn 0.9517 0.2855 0.1132
vn 0.9554 0.2945 0.0203
vn 0.8913 0.4440 0.0920
vn 0.8909 0.4543 0.0011
vn 0.8782 0.4684 -0.0973
vn 0.7991 0.6012 -0.0089
vn 0.7967 0.5961 -0.0997
vn 0.7847 0.5912 -0.1866
vn 0.6931 0.7153 -0.0890
vn 0.6704 0.7195 -0.1811
vn 0.6267 0.7246 -0.2865
vn 0.5214 0.8361 -0.1706
vn 0.4869 0.8311 -0.2687
vn 0.4498 0.8219 -0.3494
vn 0.3595 0.9030 -0.2354
vn 0.3223 0.8933 -0.3131
vn 0.2792 0.8850 -0.3726
vn 0.1711 0.9466 -0.2734
vn 0.1091 0.9339 -0.3405
vn 0.0409 0.9233 -0.3820
vn -0.0312 0.9446 -0.3266
vn -0.0832 0.9271 -0.3654
vn -0.1415 0.9186 -0.3689
vn -0.1581 0.9119 -0.3788
vn -0.2418 0.9000 -0.3626
vn -0.2552 0.8822 -0.3956
vn -0.0657 0.9007 -0.4294
vn 0.0734 0.8621 -0.5014
vn 0.2051 0.7242 -0.6584
vn 0.4538 0.7000 -0.5515
vn 0.2839 0.6551 -0.7001
vn 0.0354 0.6332 -0.7732
vn 0.0838 0.6447 -0.7599
vn -0.1198 0.6016 -0.7898
vn 0.0053 0.6386 -0.7695
vn -0.0176 0.3471 -0.9377
vn 0.0100 -0.4629 -0.8864
vn -0.2469 0.5745 -0.7804
vn 0.0038 -0.6586 -0.7525
vn 0.6448 -0.3123 0.6976
vn -0.2061 0.9641 0.1675
vn 0.0948 0.3813 0.9196
vn 0.0320 0.6154 0.7876
vn 0.0077 0.6498 0.7600
vn -0.0486 0.9169 0.3962
vn 0.0995 0.5754 0.8118
vn 0.1487 0.7164 0.6817
vn 0.1442 0.5343 0.8329
vn 0.2328 0.6075 0.7595
vn 0.2966 0.7294 0.6164
vn 0.2659 0.5548 0.7884
vn 0.1752 0.5000 0.8481
vn 0.0590 0.4311 0.9004
vn 0.0065 0.4515 0.8922
vn -0.0266 0.3012 0.9532
vn -0.1251 0.5177 0.8464
vn -0.2866 0.4069 0.8674
vn -0.4727 0.3460 0.8105
vn -0.7597 0.5793 0.2955
vn -0.9226 0.3380 -0.1858
vn -0.5564 0.0947 -0.8255
vn -0.8362 0.2689 -0.4781
vn -0.8986 0.1116 -0.4243
vn -0.9246 -0.0000 -0.3809
vn -0.8970 0.1066 -0.4290
vn -0.9135 -0.0000 -0.4068
vn -0.9228 -0.0000 -0.3854
vn 0.7253 -0.0000 -0.6884
vn 0.7733 0.1104 -0.6243
vn 0.7087 0.1235 -0.6946
vn 0.7258 0.3112 -0.6135
vn 0.6689 0.2999 -0.6801
vn 0.6292 0.4282 -0.6486
vn 0.8393 0.1134 -0.5317
vn 0.9078 -0.0000 -0.4194
vn -0.4451 -0.0000 -0.8955
vn -0.9447 -0.0000 -0.3279
vn -0.4814 -0.0000 -0.8765
vn -0.4670 0.3391 -0.8166
vn -0.4094 0.3373 -0.8477
vn -0.6142 -0.0000 -0.7891
vn -0.5825 0.3437 -0.7366
vn -0.5018 0.5981 -0.6249
vn -0.4334 0.5673 -0.7002
vn -0.6550 0.3640 -0.6622
vn -0.5390 0.6381 -0.5498
vn -0.4037 0.8275 -0.3902
vn -0.3764 0.8071 -0.4549
vn -0.6989 0.3986 -0.5938
vn -0.5645 0.6707 -0.4811
vn -0.4349 0.8354 -0.3362
vn -0.3269 0.9287 -0.1749
vn -0.2903 0.9333 -0.2112
vn -0.6028 0.6876 -0.4048
vn -0.4776 0.8353 -0.2724
vn -0.3469 0.9290 -0.1287
vn -0.2428 0.9696 -0.0301
vn -0.2520 0.9667 -0.0438
vn -0.4926 0.8412 -0.2231
vn -0.3216 0.9419 -0.0974
vn -0.2036 0.9787 -0.0247
vn -0.1557 0.9877 0.0140
vn -0.1907 0.9811 0.0338
vn -0.2712 0.9584 -0.0892
vn -0.1803 0.9833 -0.0243
vn -0.1442 0.9895 0.0126
vn -0.0912 0.9934 0.0699
vn -0.1237 0.9887 0.0846
vn -0.1607 0.9860 -0.0438
vn -0.1277 0.9918 0.0047
vn -0.0603 0.9958 0.0682
vn 0.0077 0.9888 0.1490
vn -0.0371 0.9822 0.1843
vn -0.0796 0.9962 -0.0361
vn -0.0175 0.9988 0.0459
vn 0.0482 0.9920 0.1163
vn 0.1898 0.9427 0.2742
vn 0.1126 0.9283 0.3544
vn 0.2572 0.9523 0.1642
vn 0.5598 0.7560 0.3393
vn 0.4229 0.7376 0.5263
vn 0.2899 0.9569 0.0153
vn 0.6397 0.7633 0.0907
vn 0.9115 0.3829 0.1499
vn 0.7982 0.3769 0.4699
vn 0.2746 0.9557 -0.1058
vn 0.6320 0.7595 -0.1540
vn 0.9057 0.3815 -0.1850
vn 0.9857 -0.0000 0.1686
vn 0.5461 0.7534 -0.3662
vn 0.7866 0.3729 -0.4921
vn 0.5555 0.3621 -0.7486
vn -0.0924 -0.0000 -0.9957
vn 0.6050 0.3641 0.7081
vn 0.4276 -0.0000 0.9040
vn 0.3876 0.3524 0.8518
vn 0.2647 0.7112 0.6512
vn 0.1993 0.3458 0.9169
vn 0.1166 0.6758 0.7278
vn 0.0282 0.9010 0.4328
vn 0.0164 0.6459 0.7632
vn -0.0500 0.8635 0.5018
vn -0.0947 0.9667 0.2379
vn -0.0944 0.8331 0.5450
vn -0.1415 0.9439 0.2985
vn -0.1667 0.9780 0.1255
vn -0.1411 0.9285 0.3436
vn -0.1783 0.9708 0.1603
vn -0.2088 0.9767 0.0499
vn -0.1497 0.9719 0.1815
vn -0.1807 0.9823 0.0500
vn -0.2198 0.9735 -0.0626
vn -0.1329 0.9897 0.0525
vn -0.1716 0.9814 -0.0864
vn -0.2512 0.9337 -0.2553
vn -0.1492 0.9818 -0.1174
vn -0.2395 0.9177 -0.3170
vn -0.3552 0.7688 -0.5318
vn -0.2534 0.8908 -0.3771
vn -0.3330 0.7415 -0.5824
vn -0.3677 0.5644 -0.7391
vn -0.1838 0.7765 -0.6028
vn -0.1596 0.6129 -0.7739
vn -0.7879 0.2835 -0.5467
vn 0.7453 0.5780 -0.3323
vn 0.8944 0.4302 -0.1224
vn 0.2495 -0.0000 0.9684
vn 0.9417 0.0562 0.3318
vn 0.9426 -0.0000 0.3338
vn 0.9261 -0.0000 0.3773
vn 0.9267 -0.0000 0.3759
vn 0.9229 0.0420 0.3827
vn 0.9290 0.0584 0.3656
vn 0.9243 0.0391 0.3797
vn 0.9189 0.0863 0.3850
vn 0.9149 0.0970 0.3918
vn 0.9397 0.1294 0.3165
vn 0.9149 0.3042 0.2655
vn 0.9007 0.1782 0.3961
vn 0.5640 0.7798 -0.2718
vn 0.3083 0.9256 -0.2195
vn 0.7903 0.5724 0.2186
vn -0.1881 0.8931 -0.4087
vn -0.1422 0.9683 -0.2056
vn 0.1136 0.9880 -0.1049
vn -0.1631 0.9736 -0.1596
vn -0.1101 0.9928 0.0467
vn -0.1041 0.9945 0.0095
vn -0.1031 0.9929 0.0601
vn -0.0856 0.9665 0.2419
vn -0.0892 0.9630 0.2544
vn -0.1122 0.9714 0.2093
vn -0.0958 0.9050 0.4146
vn -0.0804 0.8912 0.4464
vn -0.1171 0.9177 0.3796
vn -0.0891 0.7932 0.6025
vn -0.0830 0.7740 0.6277
vn -0.0988 0.8134 0.5733
vn -0.0602 0.6163 0.7852
vn -0.0697 0.6018 0.7956
vn -0.0353 0.6297 0.7760
vn 0.0142 0.3453 0.9384
vn -0.0315 0.3444 0.9383
vn 0.0816 0.3461 0.9346
vn 0.1105 -0.0000 0.9939
vn 0.0333 -0.0000 0.9994
vn -0.0208 -0.0000 0.9998
vn -0.0525 -0.0000 0.9986
vn -0.0570 0.3420 0.9380
vn -0.0738 -0.0000 0.9973
vn -0.0738 0.3349 0.9394
vn -0.0761 0.5863 0.8065
vn -0.0913 0.3264 0.9408
vn -0.0867 0.5733 0.8147
vn -0.0822 0.7587 0.6463
vn -0.1020 0.5645 0.8191
vn -0.0902 0.7497 0.6556
vn -0.0842 0.8824 0.4630
vn -0.1101 0.7613 0.6389
vn -0.0977 0.8953 0.4346
vn -0.0942 0.9697 0.2254
vn -0.0717 0.9242 0.3750
vn -0.0549 0.9799 0.1916
vn -0.0015 0.9991 0.0434
vn 0.1413 0.9256 0.3511
vn 0.3185 0.8944 0.3140
vn 0.5604 0.7890 0.2518
vn 0.5656 0.5979 0.5680
vn 0.7267 0.4879 0.4835
vn 0.8440 0.3311 0.4220
vn 0.7176 0.4611 0.5220
vn 0.8168 0.3519 0.4572
vn 0.8874 0.2007 0.4151
vn 0.7948 0.3930 0.4624
vn 0.8733 0.2674 0.4072
vn 0.9184 0.1355 0.3718
vn 0.7974 0.3505 0.4913
vn 0.8030 0.3455 0.4857
vn 0.7176 0.4406 0.5394
vn 0.5626 0.4574 0.6887
vn 0.5913 0.4959 0.6359
vn 0.4040 0.5112 0.7586
vn 0.3845 0.4580 0.8015
vn 0.3616 0.6982 0.6179
vn 0.0444 0.9158 0.3993
vn -0.0542 0.8425 0.5359
vn -0.1057 0.8041 0.5850
vn -0.1413 0.6143 0.7763
vn -0.1377 0.6816 0.7186
vn -0.1257 0.5716 0.8108
vn -0.1403 0.3196 0.9371
vn -0.1612 0.3500 0.9228
vn -0.1144 0.3189 0.9409
vn -0.8073 -0.0000 -0.5902
vn -0.8495 -0.0000 -0.5277
vn -0.6741 0.3952 -0.6240
vn -0.7518 0.4111 -0.5155
vn -0.5753 -0.0000 -0.8180
vn -0.5479 0.3838 -0.7433
vn -0.4165 0.7569 -0.5035
vn -0.5314 0.7358 -0.4198
vn -0.3638 0.3744 -0.8529
vn -0.2677 0.7664 -0.5839
vn -0.1230 0.9571 -0.2625
vn -0.2143 0.9483 -0.2342
vn -0.0958 0.3636 -0.9266
vn 0.2372 0.3577 -0.9032
vn -0.0866 0.9883 -0.1254
vn -0.1598 0.9803 -0.1157
vn -0.3120 0.9262 -0.2115
vn -0.0346 0.9920 -0.1213
vn 0.0102 0.9935 -0.1132
vn -0.0387 0.9918 -0.1218
vn 0.0467 0.9942 -0.0966
vn 0.2315 0.9537 -0.1920
vn -0.1095 0.9901 -0.0880
vn -0.2228 0.9700 -0.0974
vn -0.4570 0.8655 -0.2050
vn -0.3935 0.8971 -0.2010
vn -0.6390 0.6955 -0.3286
vn -0.6049 0.7124 -0.3558
vn -0.7798 0.4279 -0.4571
vn -0.6367 0.6894 -0.3454
vn -0.7699 0.4395 -0.4627
vn -0.7390 0.4302 -0.5184
vn -0.1685 -0.0000 0.9857
vn -0.1775 0.4136 0.8930
vn -0.0494 0.4629 0.8850
vn 0.1650 -0.0000 0.9863
vn 0.2579 0.3442 0.9028
vn 0.1090 0.2932 0.9498
vn -0.4610 -0.0000 0.8874
vn -0.3487 0.3075 0.8854
vn -0.4042 -0.0000 0.9147
vn -0.4215 0.3214 0.8480
vn -0.5602 0.2944 0.7743
vn -0.4378 0.4450 0.7812
vn -0.5634 0.4260 0.7079
vn -0.1252 0.4662 0.8758
vn -0.5983 0.4496 0.6632
vn -0.0421 0.4989 0.8656
vn -0.6735 0.3671 0.6416
vn -0.2221 0.4837 0.8466
vn 0.3708 0.4585 0.8076
vn -0.4294 0.2409 0.8704
vn 0.1346 0.4286 0.8934
vn 0.4728 0.4407 0.7631
vn 0.5672 0.3923 0.7242
vn 0.5509 0.4229 0.7195
vn 0.4479 0.4294 0.7842
vn 0.3558 0.4160 0.8368
vn 0.5482 0.4988 0.6713
vn 0.3678 0.5626 0.7404
vn 0.5497 0.6579 0.5149
vn 0.4222 0.8184 0.3898
vn 0.5768 0.8058 0.1339
vn 0.6180 0.7862 -0.0051
vn 0.5664 0.8004 -0.1961
vn 0.5723 0.7858 -0.2344
vn 0.2864 0.9578 0.0228
vn 0.4141 0.8884 0.1980
vn -0.0087 0.9621 0.2726
vn 0.2150 0.9015 0.3755
vn 0.0501 0.9658 0.2544
vn 0.2453 0.9138 0.3237
vn 0.3685 0.8494 0.3778
vn 0.4933 0.7780 0.3891
vn 0.2923 0.9242 0.2458
vn 0.3702 0.8851 0.2819
vn 0.4801 0.8274 0.2914
vn 0.3719 0.9030 0.2149
vn 0.4987 0.8388 0.2185
vn 0.6402 0.7405 0.2045
vn 0.5252 0.8387 0.1440
vn 0.6700 0.7306 0.1315
vn 0.7910 0.5957 0.1398
vn 0.7729 0.5975 0.2136
vn 0.8814 0.4337 0.1871
vn 0.8644 0.4189 0.2781
vn 0.7971 0.5999 0.0685
vn 0.6921 0.7192 0.0614
vn 0.6988 0.7153 -0.0065
vn 0.5471 0.8339 0.0725
vn 0.5563 0.8310 -0.0002
vn 0.5460 0.8339 -0.0798
vn 0.4122 0.9110 0.0149
vn 0.4081 0.9107 -0.0636
vn 0.3898 0.9094 -0.1450
vn 0.2751 0.9607 -0.0363
vn 0.2494 0.9626 -0.1061
vn 0.2157 0.9579 -0.1895
vn 0.0996 0.9932 -0.0611
vn 0.0613 0.9885 -0.1383
vn 0.0227 0.9719 -0.2343
vn -0.0375 0.9938 -0.1048
vn -0.0632 0.9763 -0.2071
vn -0.1000 0.9408 -0.3238
vn -0.1273 0.9758 -0.1780
vn -0.1131 0.9422 -0.3154
vn -0.1107 0.9059 -0.4088
vn 0.2737 0.9187 -0.2848
vn 0.3472 0.8485 -0.3993
vn 0.4328 0.7736 -0.4628
vn 0.5547 0.7632 -0.3315
vn 0.5350 0.7071 -0.4624
vn 0.3442 0.7453 -0.5711
vn 0.0389 0.8535 -0.5197
vn -0.0301 0.8482 -0.5288
vn 0.0004 0.7999 -0.6001
vn 0.0962 0.7470 -0.6578
vn 0.1397 0.5569 -0.8187
vn 0.3617 0.6268 -0.6902
vn 0.4314 0.2796 -0.8577
vn 0.2452 -0.0907 -0.9652
vn 0.1427 0.1033 -0.9844
vn -0.0661 -0.3009 -0.9514
vn -0.1230 -0.1707 -0.9776
vn -0.3943 -0.3305 -0.8575
vn -0.4614 -0.1467 -0.8750
vn -0.8592 0.2218 -0.4610
vn -0.8068 0.3703 -0.4604
vn -0.7815 0.6231 -0.0318
vn -0.7971 0.4908 -0.3518
vn -0.4239 0.6623 0.6177
vn -0.7411 0.4238 -0.5207
vn -0.7321 0.3905 -0.5582
vn -0.8396 0.2668 -0.4731
vn -0.8269 0.2756 -0.4902
vn -0.9088 0.1026 -0.4045
vn -0.8695 0.2570 -0.4218
vn -0.9346 0.1006 -0.3411
vn -0.9476 -0.0000 -0.3194
vn -0.9550 0.0928 -0.2819
vn -0.9715 -0.0000 -0.2369
vn -0.9828 -0.0000 -0.1849
vn 0.1122 -0.0000 0.9937
vn -0.0644 -0.0000 0.9979
vn 0.1492 0.2692 0.9515
vn -0.0435 0.3087 0.9502
vn 0.1992 0.3830 0.9020
vn 0.0291 0.4233 0.9055
vn 0.2020 0.4808 0.8532
vn 0.1435 0.4943 0.8574
vn -0.4061 0.5013 0.7640
vn 0.2028 0.5439 0.8142
vn -0.3357 0.4954 0.8012
vn 0.1567 0.6049 0.7807
vn -0.3193 0.3239 0.8906
vn -0.6815 0.0959 0.7255
vn -0.2530 0.1266 0.9592
vn -0.5623 -0.2382 0.7919
vn -0.3965 -0.0819 0.9144
vn -0.5006 -0.1975 0.8428
vn -0.2818 0.0356 0.9588
vn 0.1013 0.3626 0.9264
vn 0.0323 0.2445 0.9691
vn -0.1254 0.5458 0.8284
vn 0.2223 0.7437 0.6305
vn 0.0266 0.9137 0.4054
vn 0.2656 0.9445 0.1932
vn 0.4274 0.9040 -0.0081
vn 0.1300 0.9901 -0.0532
vn 0.2171 0.9743 -0.0601
vn 0.4674 0.8637 -0.1884
vn 0.0199 0.9971 0.0738
vn 0.3796 0.9247 -0.0277
vn 0.5873 0.7684 -0.2543
vn 0.5270 0.8447 -0.0940
vn 0.3632 0.9292 -0.0691
vn 0.2396 0.9703 0.0346
vn -0.0517 0.9830 0.1764
vn -0.0936 0.9843 0.1494
vn -0.1320 0.9696 0.2060
vn -0.1179 0.9839 0.1345
vn -0.0207 0.9871 0.1585
vn 0.1531 0.9680 0.1989
vn 0.2990 0.9346 0.1927
vn 0.3040 0.9426 0.1381
vn 0.3862 0.9111 0.1439
vn 0.3048 0.9484 0.0869
vn 0.4026 0.9115 0.0841
vn 0.2938 0.9554 0.0289
vn 0.1714 0.9845 0.0366
vn 0.1340 0.9910 -0.0055
vn 0.0427 0.9976 0.0537
vn 0.0126 0.9995 0.0287
vn -0.0127 0.9996 -0.0246
vn -0.0770 0.9951 0.0624
vn -0.1062 0.9943 0.0103
vn -0.1272 0.9893 -0.0711
vn 0.0695 0.9974 -0.0194
vn 0.1760 0.9771 -0.1192
vn 0.2280 0.9567 -0.1807
vn 0.4455 0.8781 -0.1744
vn 0.4367 0.8811 -0.1815
vn 0.4823 0.8479 -0.2200
vn -0.1435 0.9782 -0.1503
vn -0.0721 0.9728 -0.2203
vn 0.0328 0.9258 -0.3766
vn -0.6870 0.7147 -0.1312
vn -0.4418 0.8411 -0.3121
vn -0.1119 0.8691 -0.4818
vn -0.1363 0.9794 -0.1492
vn 0.3877 0.8536 -0.3479
vn 0.6490 0.5513 -0.5243
vn 0.1411 0.8147 -0.5625
vn 0.6676 0.3254 -0.6697
vn 0.7337 0.4979 -0.4624
vn 0.6755 0.3300 -0.6594
vn 0.5257 0.1436 -0.8385
vn 0.5474 0.1351 -0.8259
vn 0.2260 -0.0982 -0.9692
vn 0.2524 -0.1155 -0.9607
vn -0.0516 -0.3243 -0.9446
vn -0.0550 -0.3266 -0.9436
vn -0.2287 -0.5379 -0.8114
vn -0.2970 -0.4673 -0.8327
vn -0.3536 -0.7228 -0.5938
vn -0.2428 -0.4929 -0.8355
vn -0.3614 -0.7026 -0.6130
vn -0.4551 -0.8235 -0.3387
vn -0.5456 -0.7387 -0.3957
vn -0.5859 -0.7876 -0.1910
vn -0.8703 -0.2450 -0.4272
vn -0.8371 -0.5033 -0.2142
vn -0.8898 0.2304 -0.3940
vn -0.8213 0.3879 -0.4184
vn -0.8468 0.4622 -0.2631
vn -0.8740 0.4101 -0.2605
vn -0.9067 0.3441 -0.2439
vn -0.8417 0.3578 -0.4044
vn -0.9374 0.2715 -0.2180
vn -0.8873 0.2980 -0.3521
vn -0.8194 0.3397 -0.4618
vn -0.9389 0.1917 -0.2857
vn -0.9070 0.2231 -0.3572
vn -0.7631 0.3713 -0.5289
vn -0.9656 0.0848 -0.2460
vn -0.9641 0.1799 -0.1953
vn -0.9787 0.0855 -0.1865
vn -0.9779 0.1813 -0.1045
vn -0.9906 0.0902 -0.1030
vn -0.9946 -0.0000 -0.1035
vn -0.9951 0.0905 -0.0403
vn -0.9993 -0.0000 -0.0380
vn -0.9549 -0.0000 0.2969
vn -0.9868 -0.0000 0.1622
vn -0.9842 0.0749 0.1601
vn -0.9529 0.0745 0.2941
vn -0.9957 -0.0000 0.0923
vn -0.9932 0.0778 0.0871
vn -0.9808 0.1802 0.0742
vn -0.9734 0.1743 0.1488
vn -0.9963 0.0848 0.0169
vn -0.9831 0.1831 0.0070
vn -0.9612 0.2757 0.0038
vn -0.9588 0.2781 0.0578
vn -0.9821 0.1831 -0.0434
vn -0.9628 0.2670 -0.0424
vn -0.9316 0.3613 -0.0411
vn -0.9256 0.3785 0.0044
vn -0.9586 0.2626 -0.1104
vn -0.9305 0.3458 -0.1204
vn -0.8900 0.4347 -0.1375
vn -0.8301 0.5335 -0.1622
vn -0.9690 0.2424 -0.0476
vn -0.9846 -0.0824 -0.1542
vn -0.6266 -0.7750 0.0828
vn -0.7874 -0.5641 0.2488
vn -0.4701 -0.8825 -0.0102
vn -0.4438 -0.8875 -0.1240
vn -0.4655 -0.8721 -0.1506
vn -0.4711 -0.8820 -0.0123
vn -0.4688 -0.8739 0.1284
vn -0.4964 -0.8678 -0.0222
vn -0.4996 -0.8568 0.1278
vn -0.5009 -0.7982 0.3345
vn -0.4589 -0.8268 0.3253
vn -0.4658 -0.6306 0.6208
vn -0.4395 -0.6704 0.5978
vn -0.8348 -0.2914 0.4671
vn -0.3602 -0.3442 0.8671
vn -0.7429 0.0966 0.6624
vn -0.1849 -0.0348 0.9821
vn -0.4869 0.4333 0.7584
vn 0.0416 0.1441 0.9887
vn -0.1435 0.5449 0.8261
vn -0.3654 0.9211 0.1346
vn -0.1044 0.9485 0.2989
vn -0.2326 0.9589 -0.1624
vn -0.3897 0.9042 -0.1748
vn 0.1688 0.4831 0.8592
vn 0.2392 0.2796 0.9299
vn 0.3876 0.4850 0.7839
vn 0.4051 0.4415 0.8006
vn 0.1830 0.8657 0.4660
vn 0.5674 0.5482 0.6145
vn -0.0830 0.9938 -0.0746
vn -0.1077 0.9770 -0.1842
vn -0.2121 0.9656 -0.1507
vn -0.1008 0.9839 -0.1473
vn -0.1929 0.9760 -0.1010
vn -0.3513 0.9353 -0.0437
vn -0.3745 0.9207 -0.1095
vn -0.5665 0.8239 0.0150
vn -0.5804 0.8120 -0.0614
vn -0.7496 0.6592 0.0604
vn -0.7606 0.6492 -0.0058
vn -0.8509 0.5184 0.0849
vn -0.8628 0.5045 0.0317
vn -0.9124 0.3959 0.1037
vn -0.9199 0.3897 0.0439
vn -0.9533 0.2734 0.1281
vn -0.8955 0.3961 0.2031
vn -0.9295 0.2712 0.2501
vn -0.9451 0.1692 0.2794
vn -0.8814 0.2692 0.3882
vn -0.8938 0.1656 0.4168
vn -0.9008 0.0723 0.4282
vn -0.8726 0.0748 0.4827
vn -0.8326 0.0776 0.5484
vn -0.7339 -0.0000 0.6793
vn -0.6369 -0.0000 0.7709
vn -0.5620 -0.0000 0.8271
vn -0.7315 0.0702 0.6783
vn -0.6317 0.0656 0.7725
vn -0.5551 0.0740 0.8285
vn -0.6226 0.1180 0.7736
vn -0.5377 0.1234 0.8340
vn -0.4373 0.1508 0.8866
vn -0.4575 0.0894 0.8847
vn -0.4653 -0.0000 0.8852
vn -0.3663 0.1114 0.9238
vn 0.0146 -0.0000 0.9999
vn 0.0985 -0.0000 0.9951
vn 0.0390 0.2437 0.9691
vn 0.1288 0.2559 0.9581
vn 0.0742 0.4002 0.9134
vn 0.1659 0.3938 0.9041
vn 0.0827 0.5066 0.8582
vn 0.1562 0.5034 0.8498
vn 0.0814 0.5635 0.8221
vn 0.1221 0.5698 0.8127
vn 0.1651 0.5520 0.8174
vn 0.0988 0.6052 0.7899
vn 0.1183 0.6124 0.7816
vn 0.0828 0.5894 0.8036
vn 0.0899 0.5668 0.8190
vn 0.0328 0.5706 0.8206
vn 0.2681 -0.0220 0.9631
vn 0.3846 0.0724 0.9202
vn 0.0320 0.5470 0.8366
vn -0.0224 0.4998 0.8658
vn -0.0126 0.5181 0.8552
vn 0.0268 0.5205 0.8535
vn -0.0302 0.4682 0.8831
vn -0.0770 0.4194 0.9045
vn -0.0641 0.4691 0.8808
vn 0.0164 0.4746 0.8801
vn -0.0410 0.4295 0.9022
vn -0.0974 0.3787 0.9204
vn -0.1892 0.3107 0.9315
vn -0.1612 0.3622 0.9181
vn -0.0597 0.3499 0.9349
vn -0.1252 0.3071 0.9434
vn -0.2229 0.2491 0.9425
vn -0.3404 0.1925 0.9203
vn -0.3116 0.2408 0.9192
vn -0.1596 0.1752 0.9715
vn -0.2577 0.1419 0.9557
vn -0.1774 -0.0000 0.9841
vn -0.0914 0.2010 0.9753
vn -0.0357 0.2215 0.9745
vn -0.0020 0.3810 0.9246
vn -0.4118 0.1907 0.8911
vn -0.3825 0.2533 0.8886
vn -0.2823 0.3004 0.9111
vn -0.3493 0.3429 0.8720
vn -0.2502 0.3912 0.8856
vn -0.1387 0.4402 0.8871
vn -0.2562 0.0724 0.9639
vn -0.1262 0.2708 0.9543
vn -0.0513 0.4283 0.9022
vn -0.0938 -0.5382 0.8376
vn 0.0173 -0.3826 0.9237
vn 0.1361 -0.1863 0.9730
vn 0.0688 -0.8765 0.4764
vn 0.2150 -0.8157 0.5370
vn 0.3992 -0.6772 0.6180
vn 0.2401 -0.8166 0.5248
vn 0.4379 -0.6938 0.5717
vn 0.6132 -0.5068 0.6059
vn 0.5759 -0.5044 0.6433
vn 0.7806 -0.2594 0.5687
vn 0.6719 -0.5271 0.5203
vn 0.8341 -0.2783 0.4762
vn 0.9570 0.0227 0.2891
vn 0.9479 0.0546 0.3139
vn 0.9372 0.3416 0.0708
vn 0.9490 0.3154 0.0010
vn 0.9555 0.2886 -0.0616
vn 0.8204 0.5478 -0.1642
vn 0.8570 0.4383 -0.2711
vn 0.8658 0.2405 -0.4389
vn 0.9640 0.1307 -0.2315
vn 0.7607 -0.1284 -0.6362
vn 0.2482 -0.3569 0.9006
vn -0.7790 0.5507 0.2998
vn -0.6627 -0.0975 0.7425
vn -0.3824 -0.1050 0.9180
vn -0.4158 0.3003 0.8584
vn -0.1897 0.8248 0.5327
vn 0.5521 0.7840 -0.2836
vn 0.1231 0.9922 0.0180
vn 0.1144 0.9931 -0.0262
vn 0.2549 0.8672 -0.4277
vn 0.3896 0.7660 -0.5113
vn 0.0521 0.7355 -0.6755
vn 0.0462 0.7754 -0.6298
vn -0.2626 0.6934 -0.6710
vn -0.2458 0.8134 -0.5272
vn -0.4826 0.6572 -0.5790
vn -0.4239 0.8608 -0.2817
vn -0.2899 0.9525 0.0929
vn -0.5253 0.8508 -0.0151
vn -0.3738 0.8959 0.2400
vn -0.3972 0.8892 0.2270
vn -0.2470 0.9546 0.1665
vn -0.4693 0.8712 0.1441
vn -0.2787 0.9557 0.0947
vn -0.5276 0.8466 0.0701
vn -0.3176 0.9481 0.0161
vn -0.1695 0.9849 -0.0351
vn -0.0773 0.9944 -0.0719
vn -0.0567 0.9950 -0.0825
vn -0.0663 0.9825 -0.1739
vn -0.4695 0.8803 -0.0682
vn -0.5120 0.8529 0.1020
vn -0.5779 0.7753 0.2548
vn -0.8637 0.4922 0.1084
vn -0.8181 0.5097 0.2663
vn -0.6831 0.6304 0.3689
vn -0.2622 0.9292 0.2604
vn -0.5423 0.8003 0.2557
vn -0.5133 0.8456 0.1463
vn -0.1284 0.9857 0.1093
vn 0.3730 0.9270 -0.0403
vn 0.4902 0.8521 -0.1834
vn 0.5362 0.8313 -0.1464
vn 0.3761 0.9211 -0.1006
vn 0.1288 0.9913 0.0269
vn -0.0540 0.9956 0.0763
vn -0.1253 0.9855 0.1143
vn -0.0537 0.9954 0.0788
vn 0.4525 0.8788 -0.1513
vn 0.2297 0.9667 -0.1128
vn -0.0192 0.9940 -0.1080
vn -0.7193 0.6913 0.0679
vn -0.7912 0.6111 -0.0259
vn -0.6679 0.7197 0.1897
vn -0.7212 0.6833 0.1141
vn -0.8018 0.5425 0.2508
vn -0.8332 0.5313 0.1531
vn -0.8605 0.3894 0.3285
vn -0.7429 0.5686 0.3533
vn -0.5821 0.7636 0.2794
vn -0.5101 0.7940 0.3306
vn -0.6701 0.6116 0.4206
vn -0.5951 0.7729 0.2203
vn -0.6623 0.6267 0.4106
vn -0.8146 0.5576 -0.1595
vn -0.8850 0.4462 0.1330
vn -0.8698 0.3466 0.3512
vn -0.9593 0.1098 -0.2600
vn -0.9981 -0.0343 -0.0517
vn -0.9713 -0.1216 0.2044
vn -0.8144 0.2808 0.5079
vn -0.8628 -0.1854 0.4703
vn -0.7155 0.2470 0.6535
vn -0.7005 -0.1945 0.6867
vn -0.5807 0.2705 0.7679
vn -0.5925 0.2468 0.7668
vn -0.4511 0.3101 0.8369
vn -0.4852 0.2333 0.8427
vn -0.5150 0.1639 0.8414
vn -0.6126 0.1735 0.7711
vn -0.5420 -0.1578 0.8254
vn -0.3965 -0.0755 0.9149
vn -0.4682 -0.7388 0.4848
vn -0.3292 -0.7139 0.6180
vn -0.2069 -0.6428 0.7375
vn -0.2844 -0.8160 0.5033
vn -0.1623 -0.8369 0.5227
vn -0.0504 -0.8704 0.4898
vn -0.1782 -0.8256 0.5355
vn -0.0667 -0.8493 0.5237
vn 0.0676 -0.8577 0.5097
vn -0.0784 -0.8766 0.4747
vn 0.0608 -0.8866 0.4585
vn 0.2596 -0.8470 0.4639
vn 0.0452 -0.9310 0.3621
vn 0.2704 -0.8982 0.3466
vn 0.5368 -0.7660 0.3536
vn 0.4830 -0.7219 0.4956
vn 0.7469 -0.5504 0.3730
vn 0.5787 -0.7815 0.2332
vn 0.8086 -0.5353 0.2441
vn 0.9271 -0.2755 0.2541
vn 0.8882 -0.2949 0.3524
vn 0.9766 0.0160 0.2146
vn 0.9673 0.0055 0.2536
vn 0.9243 0.3590 0.1298
vn 0.9277 0.3574 0.1078
vn 0.7414 0.6689 0.0539
vn 0.7494 0.6621 -0.0079
vn 0.7734 0.6298 -0.0722
vn 0.5178 0.8519 -0.0777
vn 0.5339 0.8304 -0.1596
vn 0.5828 0.7743 -0.2466
vn 0.2676 0.9316 -0.2460
vn 0.2642 0.9057 -0.3315
vn 0.3192 0.8396 -0.4395
vn 0.6707 0.6453 -0.3656
vn 0.4072 0.7431 -0.5310
vn 0.7452 0.4941 -0.4478
vn 0.4527 0.6920 -0.5623
vn 0.8009 0.2986 -0.5190
vn -0.0028 0.8199 -0.5725
vn 0.0268 0.7646 -0.6439
vn -0.2683 0.7744 -0.5730
vn -0.2649 0.7146 -0.6474
vn -0.4792 0.6903 -0.5422
vn -0.4837 0.6308 -0.6067
vn -0.6715 0.5616 -0.4833
vn -0.6816 0.5039 -0.5305
vn -0.6695 0.6209 -0.4078
vn -0.8499 0.3196 -0.4191
vn -0.8325 0.3544 -0.4259
vn -0.9297 0.0535 -0.3644
vn -0.8129 0.4562 -0.3620
vn -0.9362 0.1718 -0.3067
vn -0.9664 -0.1574 -0.2033
vn -0.9396 -0.2283 -0.2550
vn -0.9059 -0.4208 -0.0490
vn -0.9041 -0.4222 -0.0653
vn -0.7798 -0.6149 0.1176
vn -0.7990 -0.5806 0.1565
vn -0.6006 -0.7512 0.2738
vn -0.6330 -0.6966 0.3378
vn -0.4281 -0.8047 0.4113
vn -0.6073 -0.7280 0.3181
vn -0.4285 -0.7858 0.4460
vn -0.2915 -0.8038 0.5185
vn -0.4079 -0.8094 0.4224
vn -0.2850 -0.8330 0.4742
vn -0.1851 -0.8539 0.4864
vn -0.2723 -0.8785 0.3924
vn -0.1903 -0.8962 0.4008
vn -0.0953 -0.9171 0.3870
vn -0.1919 -0.9269 0.3224
vn -0.1143 -0.9411 0.3182
vn 0.0163 -0.9578 0.2871
vn -0.1239 -0.9444 0.3045
vn -0.0125 -0.9549 0.2965
vn 0.2333 -0.9313 0.2799
vn 0.2611 -0.9325 0.2497
vn 0.5846 -0.7688 0.2591
vn 0.1927 -0.8624 0.4681
vn 0.5383 -0.7051 0.4616
vn 0.7937 -0.4454 0.4143
vn 0.8305 -0.4992 0.2471
vn 0.9037 -0.2058 0.3755
vn 0.9382 -0.2408 0.2485
vn 0.9470 0.0035 0.3213
vn 0.9763 0.0189 0.2158
vn 0.9170 0.3198 0.2385
vn 0.9266 0.3477 0.1431
vn 0.7141 0.6796 0.1679
vn 0.7354 0.6722 0.0860
vn 0.7930 0.2466 0.5571
vn 0.6094 0.6245 0.4885
vn 0.4383 0.7855 0.4368
vn 0.3390 0.3736 0.8634
vn 0.2565 0.4995 0.8275
vn 0.2739 0.4106 0.8697
vn 0.4614 0.7467 0.4791
vn 0.2420 0.2223 0.9445
vn 0.5337 0.5923 0.6036
vn 0.0698 0.1076 0.9917
vn 0.0748 0.1530 0.9854
vn 0.0101 0.0200 0.9997
vn 0.0029 0.0059 1.0000
vn 0.0876 0.1031 0.9908
vn 0.1188 0.0295 0.9925
vn 0.4459 0.1191 0.8871
vn 0.4574 -0.0194 0.8891
vn 0.1361 -0.0086 0.9907
vn 0.8025 -0.0183 0.5963
vn 0.7558 -0.1600 0.6350
vn 0.4406 -0.0911 0.8931
vn 0.3842 -0.2057 0.9001
vn 0.1356 -0.0329 0.9902
vn 0.6473 -0.3495 0.6774
vn 0.4125 -0.5484 0.7274
vn 0.2348 -0.3240 0.9165
vn 0.0659 -0.3650 0.9287
vn 0.1339 -0.6670 0.7329
vn -0.0295 -0.6934 0.7199
vn -0.0134 -0.3454 0.9383
vn -0.0294 -0.8960 0.4432
vn -0.1174 -0.9009 0.4179
vn -0.0852 -0.6964 0.7126
vn -0.1153 -0.6917 0.7129
vn -0.0392 -0.2888 0.9566
vn -0.0319 -0.3179 0.9476
vn -0.1653 -0.9027 0.3973
vn -0.2007 -0.9056 0.3736
vn -0.1305 -0.6880 0.7139
vn -0.1854 -0.9380 0.2929
vn -0.2384 -0.9356 0.2605
vn -0.3114 -0.9287 0.2015
vn -0.2394 -0.9193 0.3123
vn -0.2581 -0.9170 0.3042
vn -0.3558 -0.8923 0.2780
vn -0.5550 -0.7931 0.2508
vn -0.5108 -0.8509 0.1227
vn -0.3815 -0.8502 0.3627
vn -0.5739 -0.7547 0.3179
vn -0.7972 -0.5413 0.2674
vn -0.8106 -0.5360 0.2359
vn -0.5893 -0.7360 0.3332
vn -0.7952 -0.5612 0.2297
vn -0.9466 -0.2938 0.1327
vn -0.9413 -0.2534 0.2232
vn -0.7929 -0.5839 0.1745
vn -0.9351 -0.3527 0.0342
vn -0.9941 -0.0448 -0.0984
vn -0.9991 0.0332 0.0279
vn -0.9346 0.3436 -0.0923
vn -0.9289 0.3663 0.0535
vn -0.9854 0.0676 0.1563
vn -0.9345 0.2851 -0.2133
vn -0.7997 0.5208 -0.2988
vn -0.8085 0.5524 -0.2027
vn -0.6683 0.6870 -0.2854
vn -0.6707 0.7315 -0.1226
vn -0.8149 0.5777 -0.0464
vn -0.6598 0.6578 -0.3633
vn -0.4836 0.7686 -0.4188
vn -0.4859 0.8056 -0.3390
vn -0.6614 0.6294 -0.4080
vn -0.4795 0.7455 -0.4629
vn -0.2709 0.8280 -0.4910
vn -0.2634 0.8574 -0.4421
vn -0.0295 0.9119 -0.4093
vn -0.0002 0.9465 -0.3227
vn -0.2541 0.8991 -0.3564
vn -0.0357 0.8749 -0.4830
vn 0.0126 0.9821 -0.1878
vn -0.2500 0.9480 -0.1971
vn -0.4820 0.8590 -0.1728
vn -0.2552 0.9655 -0.0516
vn -0.4744 0.8802 -0.0135
vn -0.6600 0.7505 0.0343
vn -0.8020 0.5904 0.0906
vn 0.2761 0.9508 -0.1405
vn -0.8309 -0.5529 0.0626
vn -0.8421 -0.5376 0.0431
vn -0.4302 -0.8853 0.1766
vn -0.1395 -0.7159 0.6842
vn -0.0378 -0.2862 0.9574
vn -0.0390 -0.2717 0.9616
vn 0.0021 -0.0218 0.9998
vn 0.0047 -0.0318 0.9995
vn 0.0014 -0.0461 0.9989
vn 0.0046 0.0086 1.0000
vn 0.0038 -0.0024 1.0000
vn 0.0038 -0.0104 0.9999
vn -0.0002 -0.0671 0.9977
vn 0.0073 -0.0178 0.9998
vn 0.0031 -0.0904 0.9959
vn 0.0020 -0.0032 1.0000
vn 0.0057 -0.0080 1.0000
vn 0.0009 0.0005 1.0000
vn 0.0047 -0.0026 1.0000
vn 0.0085 -0.0062 0.9999
vn 0.0221 -0.0113 0.9997
vn 0.0011 0.0032 1.0000
vn -0.0045 0.0064 1.0000
vn -0.0033 0.0041 1.0000
vn -0.0108 0.0108 0.9999
vn -0.0160 0.0135 0.9998
vn -0.0003 0.0019 1.0000
vn -0.0041 0.0088 1.0000
vn -0.0127 0.0169 0.9998
vn -0.0018 0.0211 0.9998
vn -0.0627 0.0289 0.9976
vn -0.0357 0.0134 0.9993
vn -0.3007 0.0125 0.9536
vn -0.7596 -0.0456 0.6488
vn 0.4760 0.6855 0.5509
vn 0.4997 0.8222 0.2727
vn 0.6315 0.7048 0.3233
vn 0.4721 0.8815 -0.0089
vn 0.6067 0.7944 0.0286
vn 0.7293 0.6794 0.0806
vn 0.5451 0.8014 -0.2461
vn 0.6854 0.6992 -0.2034
vn 0.7229 0.6665 -0.1823
vn 0.4642 0.8738 0.1449
vn 0.6317 0.6144 -0.4727
vn 0.4782 0.7349 -0.4808
vn 0.3916 0.6203 -0.6796
vn 0.5685 0.4729 -0.6731
vn 0.2491 0.4196 -0.8728
vn 0.4118 0.2782 -0.8678
vn 0.0550 0.1068 -0.9928
vn 0.1435 0.0097 -0.9896
vn -0.1110 -0.2095 -0.9715
vn -0.0915 -0.2548 -0.9627
vn -0.2301 -0.4853 -0.8435
vn -0.1522 -0.1453 -0.9776
vn -0.2385 -0.4557 -0.8576
vn -0.3280 -0.7015 -0.6327
vn -0.3322 -0.7079 -0.6233
vn -0.4183 -0.8333 -0.3615
vn -0.4174 -0.8385 -0.3502
vn -0.3965 -0.6512 -0.6470
vn -0.4601 -0.8060 -0.3725
vn -0.4906 -0.8564 -0.1610
vn -0.5323 -0.7606 -0.3716
vn -0.5238 -0.8347 -0.1699
vn -0.5157 -0.8563 -0.0272
vn -0.5817 -0.7946 -0.1739
vn -0.5529 -0.8328 -0.0293
vn -0.5283 -0.8376 0.1388
vn -0.5096 -0.8502 0.1320
vn -0.5018 -0.7811 0.3715
vn -0.4979 -0.7925 0.3522
vn -0.4425 -0.6008 0.6657
vn -0.4469 -0.6195 0.6453
vn -0.3379 -0.3139 0.8873
vn -0.3241 -0.3375 0.8838
vn -0.3418 -0.3416 0.8755
vn -0.1713 -0.0615 0.9833
vn -0.1631 -0.0610 0.9847
vn -0.0285 0.1716 0.9848
vn 0.0192 0.1492 0.9886
vn 0.0928 0.4005 0.9116
vn 0.1838 0.3542 0.9169
vn 0.1961 0.6404 0.7426
vn 0.2956 0.5824 0.7572
vn 0.2573 0.8254 0.5024
vn 0.3602 0.7740 0.5207
vn 0.2682 0.9338 0.2370
vn 0.3762 0.8927 0.2481
vn 0.2426 0.9698 -0.0249
vn 0.3492 0.9368 -0.0239
vn 0.1969 0.9460 -0.2575
vn 0.2948 0.9175 -0.2671
vn 0.4101 0.8731 -0.2635
vn 0.2235 0.8498 -0.4774
vn 0.3319 0.8105 -0.4827
vn 0.1322 0.7361 -0.6639
vn 0.2378 0.6990 -0.6745
vn 0.0035 0.5311 -0.8473
vn 0.1040 0.4959 -0.8621
vn -0.1336 0.2367 -0.9623
vn -0.0436 0.1905 -0.9807
vn -0.2345 -0.0711 -0.9695
vn -0.2189 0.2890 -0.9320
vn -0.3388 0.0018 -0.9409
vn -0.4389 -0.2876 -0.8513
vn -0.3150 -0.3810 -0.8692
vn -0.5120 -0.5728 -0.6401
vn -0.5363 -0.2147 -0.8163
vn -0.6093 -0.4973 -0.6176
vn -0.6126 -0.7021 -0.3631
vn -0.6168 -0.4809 -0.6232
vn -0.4945 -0.5520 -0.6714
vn -0.4278 0.0636 -0.9016
vn -0.2934 0.3406 -0.8933
vn -0.1393 0.5965 -0.7905
vn -0.1704 0.6009 -0.7809
vn -0.0771 0.5659 -0.8208
vn 0.0497 0.7607 -0.6472
vn -0.0116 0.7807 -0.6248
vn 0.0661 0.8958 -0.4396
vn 0.0222 0.9182 -0.3954
vn -0.0365 0.7966 -0.6034
vn 0.1363 0.8760 -0.4627
vn 0.1137 0.9631 -0.2438
vn 0.1536 0.9877 -0.0277
vn 0.0597 0.9964 -0.0593
vn 0.0335 0.9750 -0.2197
vn -0.0291 0.9868 -0.1595
vn 0.0422 0.9556 -0.2915
vn -0.1375 0.9889 -0.0557
vn 0.0260 0.8103 -0.5855
vn -0.5256 0.8503 0.0283
vn -0.8977 0.4405 -0.0001
vn -0.9591 0.2790 -0.0484
vn -0.9684 0.2481 0.0237
vn -0.9128 0.4015 0.0747
vn -0.9340 0.3571 -0.0097
vn -0.9632 0.2651 0.0447
vn -0.8834 0.4058 0.2342
vn -0.9028 0.3273 -0.2789
vn -0.9151 0.2197 -0.3382
vn -0.9797 -0.1946 0.0475
vn -0.8545 0.3446 -0.3886
vn -0.8323 0.2666 -0.4860
vn -0.9233 0.3674 -0.1124
vn -0.8831 0.1196 0.4536
vn -0.8515 0.2331 0.4696
vn -0.5813 0.0611 0.8114
vn -0.5733 0.0214 0.8191
vn -0.4230 0.0370 0.9054
vn -0.4383 -0.0997 0.8933
vn -0.4341 -0.4031 0.8057
vn -0.4017 -0.7817 0.4770
vn -0.4080 -0.1800 0.8951
vn -0.4495 -0.4914 0.7460
vn -0.4864 -0.7710 0.4111
vn -0.4553 -0.5536 0.6973
vn -0.5211 -0.7618 0.3849
vn -0.5619 -0.8169 0.1300
vn -0.5987 -0.8003 -0.0324
vn -0.3729 -0.2553 0.8921
vn -0.3597 0.0215 0.9328
vn -0.2911 -0.0056 0.9567
vn -0.2210 -0.0384 0.9745
vn -0.2006 0.1960 0.9599
vn -0.1099 0.1918 0.9753
vn -0.0894 0.4179 0.9041
vn -0.0007 0.4245 0.9054
vn 0.0328 0.6935 0.7197
vn 0.1059 0.6781 0.7273
vn 0.1046 0.8982 0.4270
vn 0.1698 0.8638 0.4744
vn 0.1005 0.9830 0.1537
vn 0.1796 0.9592 0.2183
vn -0.0155 0.6958 0.7180
vn -0.1633 0.3793 0.9107
vn -0.2405 0.3276 0.9137
vn -0.0496 0.7041 0.7083
vn -0.3664 0.1246 0.9221
vn -0.5490 0.0675 0.8331
vn -0.2815 0.1708 0.9442
vn -0.8807 -0.0187 0.4732
vn -0.9444 -0.0115 0.3287
vn -0.8268 0.5617 -0.0291
vn -0.7649 -0.0000 -0.6441
vn -0.1295 -0.0000 0.9916
vn -0.1883 -0.0000 0.9821
vn -0.1771 0.1315 0.9754
vn -0.2337 -0.0000 0.9723
vn -0.2254 0.1388 0.9643
vn -0.2062 0.2643 0.9421
vn -0.2703 0.1441 0.9519
vn -0.2646 0.2789 0.9232
vn -0.2574 0.4143 0.8730
vn -0.3377 0.2868 0.8965
vn -0.3474 0.4264 0.8352
vn -0.3569 0.5667 0.7426
vn -0.4396 0.4202 0.7938
vn -0.4727 0.5463 0.6914
vn -0.5069 0.6527 0.5631
vn -0.3664 0.6987 0.6145
vn -0.5535 0.5197 0.6508
vn -0.5828 0.6065 0.5408
vn -0.5911 0.4995 0.6334
vn -0.6074 0.5698 0.5536
vn -0.5409 0.5189 0.6620
vn -0.6120 0.5324 0.5849
vn -0.5665 0.4916 0.6614
vn -0.5777 0.5166 0.6319
vn -0.6117 0.5221 0.5944
vn -0.7843 0.5760 0.2304
vn -0.6880 0.5727 0.4458
vn -0.8546 0.5152 0.0645
vn -0.8731 0.4471 -0.1945
vn -0.9435 0.3313 -0.0077
vn -0.9493 0.2594 -0.1778
vn -0.9400 0.2392 -0.2434
vn -0.9842 -0.0000 -0.1771
vn -0.9702 -0.0000 -0.2421
vn -0.9521 -0.0000 -0.3057
vn -0.2736 -0.0000 0.9618
vn -0.3332 0.1467 0.9314
vn -0.4036 0.1449 0.9034
vn -0.4164 0.2836 0.8638
vn -0.4649 0.1406 0.8741
vn -0.4845 0.2738 0.8309
vn -0.5156 0.4039 0.7557
vn -0.5286 0.2668 0.8059
vn -0.5590 0.3906 0.7314
vn -0.5377 0.2694 0.7990
vn -0.5675 0.3899 0.7252
vn -0.6052 0.4909 0.6266
vn -0.5944 0.4862 0.6405
vn -0.4455 0.5073 0.7377
vn -0.5074 0.5651 0.6506
vn -0.2540 0.4157 0.8733
vn -0.5384 0.4912 0.6848
vn -0.8335 0.4450 0.3275
vn -0.6508 -0.0000 0.7593
vn -0.9521 -0.0000 0.3057
vn -0.9997 -0.0000 -0.0229
vn -0.4984 -0.0000 0.8669
vn -0.5063 0.1379 0.8513
vn -0.5078 -0.0000 0.8615
vn -0.5157 0.1398 0.8453
vn -0.4051 -0.0000 0.9143
vn -0.3560 -0.0498 0.9332
vn -0.3808 0.7845 0.4894
vn -0.6197 0.4624 0.6342
vn -0.3442 -0.0000 -0.9389
vn -0.7769 -0.0000 -0.6296
vn -0.9141 -0.0000 -0.4054
vn -0.8749 -0.0000 -0.4843
vn -0.8420 -0.0000 -0.5395
vn -0.0691 -0.0000 0.9976
vn 0.6485 -0.0000 -0.7612
vn 0.9690 -0.0000 0.2471
vn 0.7849 -0.0000 -0.6196
vn 0.8440 -0.0000 -0.5363
vn -0.7047 -0.0000 -0.7095
vn 0.9819 -0.0000 -0.1896
vn 0.8523 -0.0000 -0.5231
vn 0.6030 -0.0000 -0.7977
vn 0.2641 -0.0000 -0.9645
vn 0.8623 -0.0000 0.5064
vn 0.6557 -0.0000 0.7551
vn 0.9300 -0.0000 0.3675
vn 0.9247 -0.0000 0.3806
vn 0.2338 -0.0000 0.9723
vn -0.1201 -0.0000 0.9928
vn -0.1473 -0.0000 0.9891
vn -0.0939 -0.0000 0.9956
vn -0.7130 -0.0000 -0.7012
vn -0.3802 -0.0000 -0.9249
vn -0.8488 -0.0000 -0.5288
vn -0.8172 -0.0000 -0.5763
vn -0.1916 -0.0000 0.9815
vn -0.0761 -0.0000 0.9971
vn -0.0859 -0.0000 0.9963
vn -0.5625 -0.0000 0.8268
vn -0.9654 -0.0000 -0.2610
vn -0.9997 -0.0000 0.0230
vn -0.8771 -0.0000 0.4803
vn -0.9026 -0.0000 0.4306
vn -0.8366 -0.0000 0.5479
vn -0.3776 -0.0000 0.9260
vn -0.2744 -0.0000 0.9616
vn -0.1097 -0.0000 0.9940
vn -0.0561 -0.0000 0.9984
vn 0.9362 -0.0000 0.3513
vn -0.3329 -0.0000 0.9430
vn -0.3999 -0.0000 0.9165
vn -0.4582 -0.0000 0.8888
vn -0.4831 -0.0000 0.8756
vn -0.1977 -0.0000 0.9803
vn -0.1633 -0.0000 0.9866
vn 0.0087 -0.0019 1.0000
vn 0.0257 0.0386 0.9989
vn 0.4131 -0.5061 0.7571
vn 0.0643 -0.9964 -0.0560
vn 0.0618 -0.9287 -0.3656
vn 0.1364 -0.9855 0.1011
vn 0.7198 -0.6067 0.3372
vn 0.5018 -0.5277 0.6854
vn 0.7072 -0.1345 0.6941
vn 0.8960 -0.2192 0.3861
vn -0.0790 -0.6148 0.7847
vn 0.2325 -0.9156 -0.3282
vn -0.5510 -0.7835 -0.2871
vn -0.4609 -0.8723 -0.1633
vn 0.3041 -0.9523 -0.0266
vn -0.3199 -0.7606 -0.5650
vn -0.7375 -0.6752 0.0148
vn -0.3421 -0.8626 -0.3727
vn -0.0415 -0.0559 0.9976
vn -0.6747 -0.3092 0.6702
vn -0.2780 -0.2350 0.9314
vn -0.8426 -0.5337 -0.0719
vn -0.9775 -0.1684 0.1271
vn -0.6346 0.0148 0.7727
vn -0.9981 -0.0584 0.0214
vn -0.4319 0.2118 0.8767
vn -0.0944 -0.9895 -0.1093
vn -0.7914 -0.2898 0.5382
vn -0.6561 -0.6283 0.4181
vn 0.0189 -0.9646 -0.2632
vn -0.0036 -0.8973 -0.4413
vn -0.7421 -0.0944 -0.6636
vn -0.3681 -0.8962 -0.2475
vn -0.7984 -0.1204 -0.5899
vn -0.5146 -0.2481 -0.8208
vn -0.0616 -0.9668 0.2482
vn -0.1895 -0.7266 0.6604
vn -0.7533 -0.6539 -0.0700
vn -0.0829 -0.9579 -0.2748
vn -0.7911 -0.2130 -0.5735
vn -0.4130 -0.1416 -0.8996
vn -0.3723 -0.1800 -0.9105
vn -0.5997 0.7986 -0.0513
vn -0.7227 0.4457 -0.5283
vn -0.4477 0.7451 -0.4943
vn -0.9209 0.3362 0.1974
vn -0.5747 0.7636 -0.2943
vn -0.6255 0.7662 -0.1476
vn -0.4815 -0.2904 0.8269
vn -0.3220 -0.9270 -0.1923
vn -0.6580 -0.7126 -0.2435
vn 0.0197 -0.0037 0.9998
vn 0.0231 0.0034 0.9997
vn 0.0082 0.0018 1.0000
vn 0.0063 -0.0044 1.0000
vn 0.0125 -0.0134 0.9998
vn 0.0045 -0.0006 1.0000
vn 0.0132 0.0286 0.9995
vn 0.0097 0.0130 0.9999
vn 0.0246 0.0234 0.9994
vn 0.1313 0.0756 0.9885
vn 0.0924 0.1325 0.9869
vn 0.0256 0.1238 0.9920
vn 0.0875 -0.7685 0.6339
vn 0.0061 -0.6914 0.7224
vn 0.3739 -0.5138 0.7722
vn 0.3057 -0.5350 0.7876
vn 0.1924 -0.7652 0.6144
vn 0.4095 -0.3937 0.8230
vn 0.4969 -0.3893 0.7755
vn 0.0282 -0.9996 -0.0035
vn -0.0153 -0.9960 -0.0885
vn 0.0428 -0.9935 -0.1051
vn 0.1003 -0.9944 -0.0343
vn 0.0859 -0.9948 0.0555
vn 0.0788 -0.9930 -0.0875
vn 0.1572 -0.9464 -0.2820
vn 0.0071 -0.9916 -0.1288
vn -0.0415 -0.9503 -0.3086
vn 0.1509 -0.7379 -0.6579
vn 0.3831 -0.7432 -0.5486
vn -0.0857 -0.7539 -0.6513
vn 0.0745 -0.9895 0.1238
vn -0.0153 -0.9957 0.0911
vn 0.0906 -0.9932 0.0727
vn 0.2281 -0.9661 0.1211
vn 0.2077 -0.9645 0.1629
vn 0.2106 -0.9746 0.0759
vn 0.6217 -0.6923 0.3663
vn 0.6147 -0.7412 0.2699
vn 0.7452 -0.6095 0.2708
vn 0.8402 -0.4231 0.3393
vn 0.7785 -0.4724 0.4132
vn 0.6577 -0.5584 0.5056
vn 0.5436 -0.5419 0.6410
vn 0.6207 -0.7129 0.3264
vn 0.4791 -0.7424 0.4684
vn 0.3559 -0.7794 0.5156
vn 0.4991 -0.6604 0.5610
vn 0.6807 -0.4326 0.5912
vn 0.7136 -0.3866 0.5842
vn 0.5154 -0.4346 0.7385
vn 0.4421 -0.4274 0.7885
vn 0.3314 -0.2250 0.9163
vn 0.2036 -0.4362 0.8765
vn 0.2434 -0.4693 0.8488
vn 0.4473 -0.0447 0.8933
vn 0.7390 0.2817 0.6120
vn 0.9469 -0.0605 0.3157
vn 0.1316 -0.4779 0.8685
vn 0.9114 -0.1813 0.3694
vn 0.8632 -0.2944 0.4101
vn 0.8630 -0.3006 0.4060
vn 0.8971 -0.2734 0.3472
vn 0.9251 -0.1214 0.3597
vn 0.9240 -0.0801 0.3740
vn 0.3602 -0.5368 0.7630
vn -0.0039 -0.1669 0.9860
vn -0.4711 -0.4151 0.7783
vn -0.6828 -0.7052 0.1913
vn -0.1727 -0.9562 0.2362
vn 0.4147 -0.8964 0.1563
vn -0.1920 -0.9227 -0.3344
vn 0.2876 -0.9307 -0.2260
vn 0.5387 -0.8371 0.0957
vn -0.1065 -0.9372 -0.3320
vn -0.7045 -0.7037 0.0921
vn -0.3041 -0.9517 -0.0430
vn -0.0151 -0.9954 -0.0943
vn -0.4641 -0.8817 -0.0851
vn -0.4809 -0.8766 0.0202
vn -0.4320 -0.9018 -0.0109
vn 0.4543 -0.8832 0.1162
vn 0.5044 -0.8616 0.0563
vn 0.5026 -0.8522 0.1451
vn 0.2709 -0.9621 -0.0317
vn 0.5051 -0.8630 0.0104
vn 0.0096 -0.9980 -0.0631
vn -0.1452 -0.9766 0.1584
vn -0.8550 -0.3630 -0.3705
vn -0.0196 -0.9606 0.2773
vn -0.8541 -0.3563 -0.3789
vn -0.1406 -0.4835 0.8640
vn -0.8683 0.0320 0.4950
vn -0.6298 -0.7529 -0.1908
vn 0.0016 -0.0129 0.9999
vn -0.0047 -0.0091 0.9999
vn -0.0195 -0.0206 0.9996
vn -0.1782 -0.3494 0.9199
vn -0.2270 -0.1462 0.9628
vn 0.0075 -0.0433 0.9990
vn -0.0195 -0.1010 0.9947
vn 0.0134 -0.4938 0.8695
vn -0.0517 -0.0116 0.9986
vn -0.2340 0.0218 0.9720
vn -0.3654 -0.1181 0.9233
vn -0.0651 -0.0268 0.9975
vn -0.0564 -0.0551 0.9969
vn -0.1398 -0.2451 0.9594
vn -0.5882 -0.6551 0.4741
vn -0.8465 -0.3409 0.4090
vn -0.9241 -0.0169 0.3818
vn -0.7901 -0.5866 -0.1778
vn -0.7976 -0.6002 0.0596
vn -0.6572 -0.7521 0.0494
vn -0.9144 -0.4048 -0.0089
vn -0.6903 -0.7105 0.1369
vn -0.2784 -0.3376 0.8992
vn -0.6366 0.2498 0.7296
vn -0.9833 0.1709 0.0617
vn -0.8978 -0.2661 -0.3508
vn -0.1742 0.0727 0.9820
vn -0.9889 0.0812 0.1246
vn -0.9929 0.1024 0.0608
vn -0.9840 0.1646 0.0679
vn -0.9722 -0.0816 0.2197
vn -0.9138 -0.3747 0.1568
vn -0.9467 0.2167 0.2384
vn -0.1404 0.3192 0.9372
vn -0.3055 0.7525 0.5834
vn -0.7350 0.4887 0.4700
vn -0.4114 -0.0486 0.9102
vn -0.0732 -0.0068 0.9973
vn -0.8665 -0.0037 0.4992
vn -0.3051 -0.9523 0.0037
vn -0.2120 -0.9772 0.0120
vn -0.0997 -0.9742 -0.2025
vn 0.1334 -0.9308 -0.3404
vn -0.0441 -0.9083 -0.4161
vn -0.1919 -0.9642 -0.1831
vn -0.1424 -0.9885 0.0512
vn -0.1442 -0.9888 0.0384
vn -0.0569 -0.9983 -0.0091
vn -0.1247 -0.9922 0.0070
vn -0.7413 -0.3586 0.5674
vn -0.6902 -0.2917 0.6623
vn -0.7144 -0.2288 0.6613
vn -0.7285 -0.1489 0.6687
vn -0.8195 -0.1744 0.5459
vn -0.7606 -0.4272 0.4889
vn -0.7173 -0.4729 0.5118
vn -0.8394 -0.2739 0.4696
vn -0.8152 -0.3923 0.4262
vn -0.8588 -0.1700 0.4833
vn -0.2325 -0.7365 0.6352
vn -0.4407 -0.2530 0.8613
vn -0.8564 -0.1247 0.5010
vn -0.9796 -0.0611 -0.1913
vn -0.6812 -0.7021 -0.2075
vn -0.0550 -0.9980 0.0324
vn 0.0490 -0.9988 0.0052
vn 0.0737 -0.9369 0.3419
vn 0.0973 -0.9707 0.2199
vn -0.4477 -0.5837 -0.6774
vn -0.3889 -0.6297 -0.6725
vn -0.5188 -0.7884 -0.3304
vn -0.1430 -0.9642 -0.2234
vn -0.0243 -0.9902 -0.1377
vn -0.9803 0.0602 -0.1879
vn -0.4642 -0.8759 0.1313
vn -0.8974 -0.4266 0.1131
vn -0.7774 -0.5038 -0.3766
vn -0.0184 -0.8597 -0.5105
vn -0.0010 -0.9963 -0.0855
vn -0.2603 -0.4981 -0.8271
vn -0.9764 -0.1605 -0.1447
vn -0.8852 -0.1702 -0.4330
vn -0.9166 -0.2277 -0.3285
vn -0.8549 -0.3599 -0.3736
vn -0.8954 -0.2348 -0.3784
vn -0.8588 -0.4395 -0.2633
vn -0.5729 -0.3343 -0.7483
vn -0.3336 -0.3038 -0.8924
vn -0.1313 -0.5484 -0.8258
vn -0.4068 -0.9114 -0.0622
vn -0.0647 -0.9821 -0.1768
vn 0.0516 -0.9963 0.0690
vn 0.4276 -0.7458 0.5109
vn 0.6824 -0.6339 0.3640
vn -0.6594 -0.7508 0.0399
vn -0.8341 -0.5505 0.0349
vn -0.0174 -0.8115 0.5841
vn 0.0892 -0.7091 0.6995
vn -0.0492 -0.6360 0.7701
vn -0.2266 -0.8630 0.4516
vn -0.0847 -0.9186 0.3860
vn -0.1264 -0.5213 0.8439
vn -0.2368 -0.5610 0.7932
vn -0.8681 -0.4963 -0.0084
vn -0.8780 -0.4755 -0.0556
vn -0.7993 -0.5925 -0.1003
vn -0.7771 -0.6281 0.0400
vn -0.5914 -0.8038 0.0649
vn -0.5749 -0.8075 -0.1322
vn -0.8901 -0.4555 0.0160
vn 0.1178 -0.9424 0.3130
vn 0.0838 -0.9823 -0.1677
vn -0.0041 -0.9163 -0.4004
vn -0.0652 -0.7771 -0.6259
vn -0.1141 -0.7416 -0.6611
vn -0.2357 -0.8684 -0.4363
vn -0.0475 -0.8181 -0.5731
vn -0.7760 0.1225 -0.6187
vn -0.5433 0.5346 -0.6473
vn -0.8485 0.1182 -0.5159
vn -0.8149 -0.2295 -0.5322
vn -0.7698 -0.3486 -0.5347
vn -0.7975 -0.2048 -0.5676
vn -0.7564 0.0321 -0.6533
vn -0.6363 -0.4584 -0.6204
vn -0.4074 0.1418 -0.9022
vn -0.4295 0.2035 -0.8799
vn -0.5507 0.1820 -0.8146
vn -0.4598 -0.1046 -0.8818
vn -0.3337 -0.3598 -0.8713
vn -0.8393 -0.1378 -0.5260
vn -0.5529 0.7494 -0.3643
vn -0.5298 0.7927 -0.3017
vn -0.8650 0.4995 -0.0473
vn -0.8088 0.5608 0.1771
vn -0.7670 0.6410 -0.0266
vn -0.4472 0.5807 -0.6803
vn -0.9802 -0.1664 0.1075
vn -0.4609 0.8768 -0.1370
vn -0.3873 0.9219 0.0102
vn -0.7462 0.2484 -0.6177
vn -0.8997 0.2696 -0.3433
vn -0.8477 0.2955 -0.4406
vn -0.8980 -0.1453 0.4153
vn -0.5786 0.2091 0.7883
vn -0.5625 0.6801 0.4701
vn -0.9220 -0.3280 -0.2056
vn -0.5325 0.8424 0.0833
vn -0.6023 0.7925 -0.0957
vn -0.6276 0.7593 -0.1722
vn -0.6366 0.6813 -0.3614
vn -0.5218 -0.2800 0.8058
vn -0.4933 -0.1467 0.8574
vn -0.4269 -0.1956 0.8829
vn -0.4509 -0.3938 0.8010
vn -0.5580 -0.3932 0.7308
vn -0.2544 -0.3037 0.9182
vn -0.5323 -0.7930 -0.2965
vn -0.4735 -0.7853 -0.3989
vn -0.3241 -0.9334 -0.1543
vn -0.3227 -0.9154 -0.2408
vn -0.5205 -0.7987 -0.3019
vn -0.1961 -0.9658 -0.1694
vn -0.4607 -0.8181 -0.3441
vn -0.4669 -0.8476 -0.2522
vn -0.6955 -0.6923 -0.1926
vn -0.6900 -0.6496 -0.3192
vn -0.4332 -0.7096 -0.5557
vn -0.7379 -0.6525 -0.1724
vn -0.7372 -0.6673 -0.1057
vn -0.6977 -0.6994 -0.1547
vn -0.7497 -0.6053 -0.2674
vn -0.6733 -0.5218 -0.5238
vn -0.7138 -0.6905 -0.1176
vn -0.7012 -0.7115 -0.0456
vn -0.7179 -0.6905 -0.0883
vn -0.4568 -0.8703 -0.1842
vn -0.4702 -0.8761 -0.1064
vn -0.4867 -0.8655 -0.1185
vn -0.6713 -0.7299 -0.1290
vn -0.2046 -0.9498 -0.2367
vn -0.2925 -0.9053 -0.3081
vn -0.2252 -0.9206 -0.3190
vn -0.2407 -0.8863 -0.3955
vn -0.2725 -0.8471 -0.4562
vn -0.4006 -0.8368 -0.3732
vn -0.2006 -0.8657 -0.4585
vn -0.1808 -0.8324 -0.5238
vn -0.1665 -0.8147 -0.5554
vn -0.0646 -0.8323 -0.5506
vn -0.1479 -0.8800 -0.4513
vn -0.1399 -0.7412 -0.6566
vn -0.0922 -0.7428 -0.6631
vn 0.0073 -0.7586 -0.6515
vn 0.1199 -0.7796 -0.6147
vn 0.0371 -0.8580 -0.5123
vn -0.0484 -0.6505 -0.7579
vn 0.0650 -0.6676 -0.7417
vn 0.1961 -0.6821 -0.7045
vn 0.3336 -0.6906 -0.6417
vn 0.2477 -0.7986 -0.5486
vn 0.1115 -0.5550 -0.8244
vn 0.2626 -0.5657 -0.7817
vn 0.4056 -0.5660 -0.7177
vn 0.5340 -0.5624 -0.6313
vn 0.4679 -0.6944 -0.5467
vn 0.3051 -0.4427 -0.8432
vn 0.4581 -0.4439 -0.7702
vn 0.5827 -0.4330 -0.6877
vn 0.6874 -0.4292 -0.5859
vn 0.6490 -0.5624 -0.5123
vn 0.4934 -0.3182 -0.8095
vn 0.6249 -0.3078 -0.7175
vn 0.7230 -0.2907 -0.6267
vn 0.8149 -0.2869 -0.5037
vn 0.7862 -0.4275 -0.4463
vn 0.6614 -0.1592 -0.7329
vn 0.7520 -0.1467 -0.6426
vn 0.8245 -0.1522 -0.5450
vn 0.9058 -0.1707 -0.3877
vn 0.8892 -0.2841 -0.3586
vn 0.9476 -0.1743 -0.2678
vn 0.6135 -0.1849 -0.7678
vn 0.9450 -0.1672 -0.2811
vn 0.6305 -0.3010 -0.7154
vn 0.9253 -0.2545 -0.2812
vn 0.9274 -0.2652 -0.2639
vn 0.8985 -0.3894 -0.2028
vn 0.8909 -0.3928 -0.2280
vn 0.8547 -0.4138 -0.3135
vn 0.8392 -0.5252 -0.1412
vn 0.8062 -0.5445 -0.2316
vn 0.7436 -0.5595 -0.3661
vn 0.7581 -0.6375 -0.1374
vn 0.6905 -0.6690 -0.2751
vn 0.5913 -0.6886 -0.4198
vn 0.6224 -0.7611 -0.1827
vn 0.5138 -0.7941 -0.3248
vn 0.3842 -0.8055 -0.4511
vn 0.4191 -0.8793 -0.2264
vn 0.2837 -0.8923 -0.3512
vn 0.1517 -0.8817 -0.4467
vn 0.1699 -0.9531 -0.2504
vn 0.0520 -0.9364 -0.3471
vn -0.0496 -0.9099 -0.4119
vn -0.0431 -0.9650 -0.2586
vn -0.1336 -0.9355 -0.3270
vn -0.2451 -0.8978 -0.3659
vn -0.2161 -0.9417 -0.2579
vn -0.3657 -0.8795 -0.3046
vn -0.2898 -0.9252 -0.2451
vn -0.4783 -0.8153 -0.3264
vn -0.3357 -0.8767 -0.3447
vn -0.4723 -0.7180 -0.5113
vn -0.4417 -0.7625 -0.4728
vn -0.4516 -0.6269 -0.6348
vn -0.4946 -0.7479 -0.4427
vn -0.5161 -0.5727 -0.6369
vn -0.5871 -0.6645 -0.4623
vn -0.5475 -0.5906 -0.5928
vn -0.5826 -0.6672 -0.4641
vn -0.6657 -0.7183 -0.2022
vn -0.5836 -0.7027 -0.4069
vn -0.5907 -0.7640 -0.2596
vn -0.6403 -0.7532 -0.1506
vn -0.6990 -0.6560 -0.2849
vn -0.7422 -0.6193 -0.2563
vn -0.7879 -0.5362 -0.3028
vn -0.8140 -0.4476 -0.3702
vn -0.8112 -0.3883 -0.4372
vn -0.7280 -0.3455 -0.5922
vn -0.7734 -0.4393 -0.4571
vn -0.6116 -0.4001 -0.6826
vn -0.5516 -0.3430 -0.7603
vn -0.3706 -0.3756 -0.8495
vn -0.3756 -0.4311 -0.8204
vn -0.6784 -0.2862 -0.6766
vn -0.5182 -0.2901 -0.8046
vn -0.3637 -0.2964 -0.8831
vn -0.2308 -0.2975 -0.9264
vn -0.2393 -0.4055 -0.8822
vn -0.5058 -0.1669 -0.8463
vn -0.3507 -0.1656 -0.9217
vn -0.2174 -0.1618 -0.9626
vn -0.0932 -0.1598 -0.9827
vn -0.1051 -0.2967 -0.9492
vn 0.0399 -0.1575 -0.9867
vn 0.3441 -0.1564 -0.9258
vn 0.1867 -0.1549 -0.9701
vn 0.3288 -0.3111 -0.8917
vn 0.1696 -0.3016 -0.9382
vn 0.0234 -0.2972 -0.9545
vn 0.1463 -0.4309 -0.8905
vn 0.0040 -0.4214 -0.9069
vn -0.1205 -0.4168 -0.9010
vn -0.0197 -0.5414 -0.8405
vn -0.1300 -0.5245 -0.8414
vn -0.2266 -0.4867 -0.8437
vn -0.1290 -0.6293 -0.7664
vn -0.1985 -0.5901 -0.7825
vn -0.3963 -0.5415 -0.7414
vn -0.1845 -0.7397 -0.6472
vn 0.5156 -0.1628 -0.8412
vn 0.3853 -0.1880 -0.9035
vn 0.0856 -0.1564 -0.9840
vn 0.3673 -0.3412 -0.8652
vn 0.1603 -0.2858 -0.9448
vn 0.3342 -0.4505 -0.8279
vn 0.2073 -0.3834 -0.9000
vn 0.6561 -0.4462 -0.6086
vn 0.2178 -0.5320 -0.8182
vn 0.6828 -0.6014 -0.4149
vn 0.8560 -0.5119 -0.0729
vn 0.7043 -0.6899 -0.1672
vn 0.8131 -0.5804 0.0447
vn 0.7929 -0.6081 -0.0380
vn 0.7842 -0.6014 0.1528
vn 0.7558 -0.6519 0.0624
vn 0.7040 -0.7087 -0.0464
vn 0.6950 -0.6970 0.1765
vn 0.6271 -0.7769 0.0565
vn 0.5366 -0.8397 -0.0836
vn 0.5093 -0.8380 0.1960
vn 0.4192 -0.9069 0.0411
vn 0.2993 -0.9467 -0.1189
vn 0.2666 -0.9481 0.1734
vn 0.1579 -0.9874 -0.0090
vn 0.0520 -0.9866 -0.1549
vn 0.0113 -0.9961 0.0879
vn -0.0591 -0.9958 -0.0697
vn -0.1308 -0.9748 -0.1809
vn -0.1386 -0.9903 0.0031
vn -0.1870 -0.9734 -0.1321
vn -0.1924 -0.9760 0.1017
vn -0.2232 -0.9672 -0.1209
vn -0.3624 -0.9060 0.2188
vn -0.4098 -0.9006 -0.1447
vn -0.5758 -0.7851 0.2283
vn -0.6047 -0.7642 -0.2244
vn -0.5613 -0.6474 -0.5156
vn -0.6499 -0.6821 -0.3353
vn -0.5977 -0.6105 -0.5198
vn -0.6686 -0.6261 -0.4012
vn -0.6356 -0.6013 -0.4841
vn -0.6131 -0.6316 -0.4746
vn -0.6983 -0.5813 -0.4177
vn -0.7013 -0.6106 -0.3680
vn -0.6970 -0.6366 -0.3301
vn -0.7613 -0.5561 -0.3334
vn -0.7649 -0.5455 -0.3427
vn -0.7838 -0.5100 -0.3543
vn -0.8160 -0.4120 -0.4053
vn -0.8139 -0.3867 -0.4337
vn -0.8227 -0.3443 -0.4523
vn -0.8468 -0.2059 -0.4904
vn -0.8352 -0.1915 -0.5155
vn -0.7793 -0.1754 -0.6016
vn -0.7912 -0.3022 -0.5316
vn -0.6598 -0.1676 -0.7325
vn 0.6220 -0.1714 -0.7640
vn 0.6865 -0.1936 -0.7009
vn 0.5773 -0.3188 -0.7517
vn 0.6438 -0.3599 -0.6753
vn 0.5058 -0.4472 -0.7377
vn 0.5705 -0.4987 -0.6525
vn 0.4106 -0.5809 -0.7028
vn 0.4799 -0.6233 -0.6174
vn 0.2714 -0.5667 -0.7780
vn 0.3710 -0.7843 -0.4972
vn 0.1799 -0.7213 -0.6689
vn 0.2356 -0.7142 -0.6591
vn 0.0436 -0.8845 -0.4646
vn 0.2892 -0.8933 -0.3440
vn 0.7380 -0.6626 0.1274
vn 0.4309 -0.9023 0.0118
vn 0.7512 -0.5759 0.3224
vn 0.7453 -0.6075 0.2747
vn 0.6609 -0.5877 0.4666
vn 0.6308 -0.6453 0.4310
vn 0.5756 -0.7505 0.3248
vn 0.4674 -0.6731 0.5731
vn 0.4178 -0.7691 0.4837
vn 0.3536 -0.8693 0.3454
vn 0.2578 -0.7529 0.6055
vn 0.1745 -0.8616 0.4767
vn 0.0887 -0.9535 0.2881
vn -0.1120 -0.9791 0.1700
vn -0.2126 -0.9367 0.2781
vn -0.3772 -0.7812 0.4975
vn -0.3562 -0.8258 0.4372
vn -0.5008 -0.6668 0.5519
vn -0.4930 -0.6757 0.5481
vn -0.5400 -0.5776 0.6122
vn -0.5485 -0.5984 0.5840
vn -0.6686 -0.7328 0.1262
vn -0.5982 -0.5725 0.5608
vn -0.7235 -0.6903 -0.0002
vn -0.6910 -0.5723 0.4414
vn -0.7728 -0.6218 -0.1274
vn -0.7112 -0.5724 -0.4080
vn -0.8096 -0.5511 -0.2022
vn -0.7697 -0.5328 -0.3517
vn -0.7619 -0.5480 -0.3454
vn -0.8581 -0.4329 -0.2763
vn -0.8475 -0.4338 -0.3059
vn -0.8315 -0.4271 -0.3552
vn -0.9249 -0.2330 -0.3004
vn -0.8934 -0.2238 -0.3896
vn -0.8601 -0.2134 -0.4633
vn 0.4204 -0.1063 -0.9011
vn 0.4115 -0.1228 -0.9031
vn 0.3957 -0.2571 -0.8817
vn 0.3724 -0.2530 -0.8929
vn 0.3584 -0.3887 -0.8488
vn 0.3290 -0.3785 -0.8651
vn 0.2882 -0.5233 -0.8020
vn 0.2700 -0.5204 -0.8101
vn 0.1787 -0.6519 -0.7370
vn 0.1592 -0.6787 -0.7170
vn 0.2772 -0.7564 -0.5925
vn -0.0069 -0.7832 -0.6217
vn 0.1207 -0.8996 -0.4197
vn 0.2237 -0.9332 -0.2813
vn 0.0156 -0.9542 -0.2987
vn 0.1071 -0.9826 -0.1516
vn 0.0170 -0.9648 -0.2624
vn 0.0781 -0.9773 -0.1968
vn 0.1823 -0.9778 -0.1035
vn 0.5582 -0.7730 0.3015
vn 0.3332 -0.9084 0.2526
vn 0.4805 -0.6773 0.5572
vn 0.4925 -0.6243 0.6064
vn 0.3587 -0.6146 0.7025
vn 0.3558 -0.6127 0.7057
vn 0.3181 -0.6668 0.6739
vn 0.2498 -0.5729 0.7806
vn 0.1889 -0.6343 0.7496
vn 0.1455 -0.5132 0.8458
vn 0.0658 -0.5676 0.8207
vn 0.0342 -0.4413 0.8967
vn -0.0323 -0.4727 0.8806
vn -0.1038 -0.3629 0.9260
vn -0.1759 -0.3882 0.9046
vn -0.0503 -0.3415 0.9385
vn -0.0931 -0.2288 0.9690
vn -0.1496 -0.2476 0.9572
vn 0.0666 -0.4298 0.9004
vn -0.0058 -0.3150 0.9491
vn -0.0394 -0.2078 0.9774
vn -0.0647 -0.1171 0.9910
vn -0.1180 -0.1239 0.9853
vn 0.0128 -0.2984 0.9544
vn -0.0053 -0.1946 0.9809
vn -0.0348 -0.1151 0.9927
vn -0.0111 -0.1939 0.9810
vn -0.0359 -0.1191 0.9922
vn -0.6234 -0.3129 0.7166
vn 0.6362 -0.1314 -0.7603
vn 0.5376 -0.1208 -0.8345
vn 0.6010 -0.2840 -0.7471
vn 0.5035 -0.2759 -0.8188
vn 0.5449 -0.4139 -0.7292
vn 0.4441 -0.4058 -0.7988
vn 0.4503 -0.5542 -0.7001
vn 0.3618 -0.5386 -0.7609
vn 0.3374 -0.6775 -0.6536
vn 0.2531 -0.6591 -0.7082
vn 0.2181 -0.7662 -0.6044
vn 0.1297 -0.7431 -0.6565
vn 0.0436 -0.7361 -0.6755
vn -0.0205 -0.8077 -0.5892
vn -0.1261 -0.7881 -0.6025
vn -0.1687 -0.8268 -0.5366
vn -0.2459 -0.8119 -0.5294
vn -0.1559 -0.8398 -0.5200
vn 0.0289 -0.9400 -0.3399
vn -0.1648 -0.8165 -0.5533
vn -0.2620 -0.8452 -0.4659
vn -0.1150 -0.8366 -0.5356
vn 0.0118 -0.7526 -0.6584
vn -0.1850 -0.8416 -0.5074
vn -0.0828 -0.8826 -0.4628
vn -0.2236 -0.8873 -0.4035
vn 0.0729 -0.8393 -0.5388
vn 0.1501 -0.8625 -0.4833
vn -0.0138 -0.9105 -0.4132
vn 0.3003 -0.7888 -0.5363
vn 0.3667 -0.8056 -0.4654
vn 0.2224 -0.8769 -0.4262
vn 0.4207 -0.6993 -0.5779
vn 0.4914 -0.7108 -0.5033
vn 0.5377 -0.7148 -0.4472
vn 0.4128 -0.8142 -0.4083
vn 0.5481 -0.5621 -0.6194
vn 0.6116 -0.5675 -0.5512
vn 0.6543 -0.5797 -0.4857
vn 0.7028 -0.5859 -0.4035
vn 0.5775 -0.7212 -0.3826
vn 0.6753 -0.4467 -0.5869
vn 0.7328 -0.4578 -0.5034
vn 0.7929 -0.4565 -0.4035
vn 0.8350 -0.4591 -0.3034
vn 0.7533 -0.5889 -0.2929
vn 0.7964 -0.3170 -0.5150
vn 0.8596 -0.3178 -0.4000
vn 0.8980 -0.3107 -0.3115
vn 0.9265 -0.3084 -0.2157
vn 0.8590 -0.4704 -0.2018
vn 0.9021 -0.1302 -0.4115
vn 0.9425 -0.1336 -0.3064
vn 0.9693 -0.1214 -0.2140
vn 0.9875 -0.1261 -0.0943
vn 0.9483 -0.3057 -0.0848
vn 0.9904 -0.1348 0.0309
vn 0.9629 -0.1006 0.2505
vn 0.9841 -0.1142 0.1362
vn 0.9313 -0.2803 0.2327
vn 0.9517 -0.2855 0.1132
vn 0.9554 -0.2945 0.0203
vn 0.8913 -0.4440 0.0920
vn 0.8909 -0.4543 0.0011
vn 0.8782 -0.4684 -0.0973
vn 0.7991 -0.6012 -0.0089
vn 0.7967 -0.5961 -0.0997
vn 0.7847 -0.5912 -0.1866
vn 0.6931 -0.7153 -0.0890
vn 0.6704 -0.7195 -0.1811
vn 0.6267 -0.7246 -0.2865
vn 0.5214 -0.8361 -0.1706
vn 0.4869 -0.8311 -0.2687
vn 0.4498 -0.8219 -0.3494
vn 0.3595 -0.9030 -0.2354
vn 0.3223 -0.8933 -0.3131
vn 0.2792 -0.8850 -0.3726
vn 0.1711 -0.9466 -0.2734
vn 0.1091 -0.9339 -0.3405
vn 0.0409 -0.9233 -0.3820
vn -0.0312 -0.9446 -0.3266
vn -0.0832 -0.9271 -0.3654
vn -0.1415 -0.9186 -0.3689
vn -0.1581 -0.9119 -0.3788
vn -0.2418 -0.9000 -0.3626
vn -0.2552 -0.8822 -0.3956
vn -0.0657 -0.9007 -0.4294
vn 0.0734 -0.8621 -0.5014
vn 0.2052 -0.7242 -0.6584
vn 0.4537 -0.7000 -0.5515
vn 0.2829 -0.6559 -0.6998
vn 0.0346 -0.6318 -0.7744
vn 0.0836 -0.6424 -0.7618
vn -0.1184 -0.5963 -0.7940
vn 0.0085 -0.6381 -0.7699
vn -0.0110 -0.3570 -0.9340
vn 0.1063 0.6022 -0.7912
vn -0.2598 -0.4850 -0.8350
vn 0.0292 0.7429 -0.6687
vn 0.5162 -0.0170 0.8563
vn -0.2695 -0.9630 0.0093
vn 0.0233 -0.5441 0.8387
vn -0.0213 -0.6541 0.7561
vn 0.0061 -0.6486 0.7611
vn -0.0410 -0.9106 0.4112
vn 0.0952 -0.5762 0.8118
vn 0.1469 -0.7159 0.6825
vn 0.1420 -0.5353 0.8327
vn 0.2280 -0.6139 0.7557
vn 0.2952 -0.7338 0.6119
vn 0.2615 -0.5572 0.7881
vn 0.1671 -0.5068 0.8457
vn 0.0600 -0.4315 0.9001
vn 0.0048 -0.4534 0.8913
vn -0.0267 -0.3014 0.9531
vn -0.1278 -0.5196 0.8448
vn -0.2869 -0.4071 0.8671
vn -0.4726 -0.3459 0.8106
vn -0.7598 -0.5793 0.2951
vn -0.9226 -0.3380 -0.1857
vn -0.5564 -0.0946 -0.8255
vn -0.8362 -0.2689 -0.4780
vn -0.8986 -0.1116 -0.4243
vn -0.8970 -0.1066 -0.4290
vn 0.7733 -0.1104 -0.6243
vn 0.7087 -0.1235 -0.6946
vn 0.7258 -0.3112 -0.6135
vn 0.6689 -0.2999 -0.6801
vn 0.6292 -0.4282 -0.6486
vn 0.8393 -0.1134 -0.5317
vn -0.4670 -0.3391 -0.8166
vn -0.4094 -0.3373 -0.8477
vn -0.5825 -0.3437 -0.7366
vn -0.5018 -0.5981 -0.6249
vn -0.4334 -0.5673 -0.7002
vn -0.6550 -0.3640 -0.6622
vn -0.5390 -0.6381 -0.5498
vn -0.4037 -0.8275 -0.3902
vn -0.3764 -0.8071 -0.4549
vn -0.6989 -0.3986 -0.5938
vn -0.5645 -0.6707 -0.4811
vn -0.4349 -0.8354 -0.3362
vn -0.3269 -0.9287 -0.1749
vn -0.2903 -0.9333 -0.2112
vn -0.6028 -0.6876 -0.4048
vn -0.4776 -0.8353 -0.2724
vn -0.3469 -0.9290 -0.1287
vn -0.2428 -0.9696 -0.0301
vn -0.2520 -0.9667 -0.0438
vn -0.4926 -0.8412 -0.2231
vn -0.3216 -0.9419 -0.0974
vn -0.2036 -0.9787 -0.0247
vn -0.1557 -0.9877 0.0140
vn -0.1907 -0.9811 0.0338
vn -0.2712 -0.9584 -0.0892
vn -0.1803 -0.9833 -0.0243
vn -0.1442 -0.9895 0.0126
vn -0.0912 -0.9934 0.0699
vn -0.1237 -0.9887 0.0846
vn -0.1607 -0.9860 -0.0438
vn -0.1277 -0.9918 0.0047
vn -0.0603 -0.9958 0.0682
vn 0.0077 -0.9888 0.1490
vn -0.0371 -0.9822 0.1843
vn -0.0796 -0.9962 -0.0361
vn -0.0175 -0.9988 0.0459
vn 0.0482 -0.9920 0.1163
vn 0.1898 -0.9427 0.2742
vn 0.1126 -0.9283 0.3544
vn 0.2572 -0.9523 0.1642
vn 0.5598 -0.7560 0.3393
vn 0.4229 -0.7376 0.5263
vn 0.2899 -0.9569 0.0153
vn 0.6397 -0.7633 0.0907
vn 0.9115 -0.3829 0.1499
vn 0.7982 -0.3769 0.4699
vn 0.2746 -0.9557 -0.1058
vn 0.6320 -0.7595 -0.1540
vn 0.9057 -0.3815 -0.1850
vn 0.5461 -0.7534 -0.3662
vn 0.7866 -0.3729 -0.4921
vn 0.5555 -0.3621 -0.7486
vn 0.6050 -0.3641 0.7081
vn 0.3876 -0.3524 0.8518
vn 0.2647 -0.7112 0.6512
vn 0.1993 -0.3458 0.9169
vn 0.1166 -0.6758 0.7278
vn 0.0282 -0.9010 0.4328
vn 0.0164 -0.6459 0.7632
vn -0.0500 -0.8635 0.5018
vn -0.0947 -0.9667 0.2379
vn -0.0944 -0.8331 0.5450
vn -0.1415 -0.9439 0.2985
vn -0.1667 -0.9780 0.1255
vn -0.1411 -0.9285 0.3436
vn -0.1783 -0.9708 0.1603
vn -0.2088 -0.9767 0.0499
vn -0.1497 -0.9719 0.1815
vn -0.1807 -0.9823 0.0500
vn -0.2198 -0.9735 -0.0626
vn -0.1329 -0.9897 0.0525
vn -0.1716 -0.9814 -0.0864
vn -0.2512 -0.9337 -0.2553
vn -0.1492 -0.9818 -0.1174
vn -0.2395 -0.9177 -0.3170
vn -0.3552 -0.7688 -0.5318
vn -0.2534 -0.8908 -0.3771
vn -0.3330 -0.7415 -0.5824
vn -0.3677 -0.5644 -0.7391
vn -0.1838 -0.7764 -0.6028
vn -0.1596 -0.6129 -0.7739
vn -0.7879 -0.2835 -0.5467
vn 0.7453 -0.5780 -0.3323
vn 0.8944 -0.4302 -0.1224
vn 0.9417 -0.0562 0.3318
vn 0.9229 -0.0420 0.3827
vn 0.9290 -0.0584 0.3656
vn 0.9243 -0.0391 0.3797
vn 0.9189 -0.0863 0.3850
vn 0.9149 -0.0970 0.3918
vn 0.9397 -0.1294 0.3165
vn 0.9149 -0.3042 0.2655
vn 0.9007 -0.1782 0.3961
vn 0.5640 -0.7798 -0.2718
vn 0.3083 -0.9256 -0.2195
vn 0.7903 -0.5724 0.2186
vn -0.1881 -0.8931 -0.4087
vn -0.1422 -0.9683 -0.2056
vn 0.1136 -0.9880 -0.1049
vn -0.1631 -0.9736 -0.1596
vn -0.1101 -0.9928 0.0467
vn -0.1041 -0.9945 0.0095
vn -0.1031 -0.9929 0.0601
vn -0.0856 -0.9665 0.2419
vn -0.0892 -0.9630 0.2544
vn -0.1122 -0.9714 0.2093
vn -0.0958 -0.9050 0.4146
vn -0.0804 -0.8912 0.4464
vn -0.1171 -0.9177 0.3796
vn -0.0891 -0.7932 0.6025
vn -0.0830 -0.7740 0.6277
vn -0.0988 -0.8134 0.5733
vn -0.0602 -0.6163 0.7852
vn -0.0697 -0.6018 0.7956
vn -0.0353 -0.6297 0.7760
vn 0.0142 -0.3453 0.9384
vn -0.0315 -0.3444 0.9383
vn 0.0816 -0.3461 0.9346
vn -0.0570 -0.3420 0.9380
vn -0.0738 -0.3349 0.9394
vn -0.0761 -0.5863 0.8065
vn -0.0913 -0.3264 0.9408
vn -0.0867 -0.5733 0.8147
vn -0.0822 -0.7587 0.6463
vn -0.1020 -0.5645 0.8191
vn -0.0902 -0.7497 0.6556
vn -0.0842 -0.8824 0.4630
vn -0.1101 -0.7613 0.6389
vn -0.0977 -0.8953 0.4346
vn -0.0942 -0.9697 0.2254
vn -0.0717 -0.9242 0.3750
vn -0.0549 -0.9799 0.1916
vn -0.0015 -0.9991 0.0434
vn 0.1413 -0.9256 0.3511
vn 0.3185 -0.8944 0.3140
vn 0.5604 -0.7890 0.2518
vn 0.5656 -0.5979 0.5680
vn 0.7267 -0.4879 0.4835
vn 0.8440 -0.3311 0.4220
vn 0.7176 -0.4611 0.5220
vn 0.8168 -0.3519 0.4572
vn 0.8874 -0.2007 0.4151
vn 0.7948 -0.3930 0.4624
vn 0.8733 -0.2674 0.4072
vn 0.9184 -0.1355 0.3718
vn 0.7974 -0.3505 0.4913
vn 0.8030 -0.3455 0.4857
vn 0.7176 -0.4406 0.5394
vn 0.5626 -0.4574 0.6887
vn 0.5913 -0.4959 0.6359
vn 0.4040 -0.5112 0.7586
vn 0.3845 -0.4580 0.8015
vn 0.3616 -0.6982 0.6179
vn 0.0444 -0.9158 0.3993
vn -0.0542 -0.8425 0.5359
vn -0.1057 -0.8041 0.5850
vn -0.1413 -0.6143 0.7763
vn -0.1377 -0.6816 0.7186
vn -0.1257 -0.5716 0.8108
vn -0.1403 -0.3196 0.9371
vn -0.1612 -0.3500 0.9228
vn -0.1144 -0.3189 0.9409
vn -0.6741 -0.3952 -0.6240
vn -0.7518 -0.4111 -0.5155
vn -0.5479 -0.3838 -0.7433
vn -0.4165 -0.7569 -0.5035
vn -0.5314 -0.7358 -0.4198
vn -0.3638 -0.3744 -0.8529
vn -0.2677 -0.7664 -0.5839
vn -0.1230 -0.9571 -0.2625
vn -0.2143 -0.9483 -0.2342
vn -0.0958 -0.3636 -0.9266
vn 0.2372 -0.3577 -0.9032
vn -0.0866 -0.9883 -0.1254
vn -0.1598 -0.9803 -0.1157
vn -0.3120 -0.9262 -0.2115
vn -0.0346 -0.9920 -0.1213
vn 0.0102 -0.9935 -0.1132
vn -0.0387 -0.9918 -0.1218
vn 0.0467 -0.9942 -0.0966
vn 0.2315 -0.9537 -0.1920
vn -0.1095 -0.9901 -0.0880
vn -0.2228 -0.9700 -0.0974
vn -0.4570 -0.8655 -0.2050
vn -0.3935 -0.8971 -0.2010
vn -0.6390 -0.6955 -0.3286
vn -0.6049 -0.7124 -0.3558
vn -0.7798 -0.4279 -0.4571
vn -0.6367 -0.6894 -0.3454
vn -0.7699 -0.4395 -0.4627
vn -0.7390 -0.4302 -0.5184
vn -0.1775 -0.4136 0.8930
vn -0.0494 -0.4629 0.8850
vn 0.2579 -0.3442 0.9028
vn 0.1090 -0.2932 0.9498
vn -0.3487 -0.3075 0.8854
vn -0.4215 -0.3214 0.8480
vn -0.5602 -0.2944 0.7743
vn -0.4378 -0.4450 0.7812
vn -0.5634 -0.4260 0.7079
vn -0.1252 -0.4662 0.8758
vn -0.5983 -0.4496 0.6632
vn -0.0421 -0.4989 0.8656
vn -0.6735 -0.3671 0.6416
vn -0.2221 -0.4837 0.8466
vn 0.3708 -0.4585 0.8076
vn -0.4294 -0.2409 0.8704
vn 0.1346 -0.4286 0.8934
vn 0.4728 -0.4407 0.7631
vn 0.5672 -0.3923 0.7242
vn 0.5509 -0.4229 0.7195
vn 0.4479 -0.4294 0.7842
vn 0.3558 -0.4160 0.8368
vn 0.5482 -0.4988 0.6713
vn 0.3678 -0.5626 0.7404
vn 0.5497 -0.6579 0.5149
vn 0.4222 -0.8184 0.3898
vn 0.5768 -0.8058 0.1339
vn 0.6180 -0.7862 -0.0051
vn 0.5664 -0.8004 -0.1961
vn 0.5723 -0.7858 -0.2344
vn 0.2864 -0.9578 0.0228
vn 0.4141 -0.8884 0.1980
vn -0.0087 -0.9621 0.2726
vn 0.2150 -0.9015 0.3755
vn 0.0501 -0.9658 0.2544
vn 0.2453 -0.9138 0.3237
vn 0.3685 -0.8494 0.3778
vn 0.4933 -0.7780 0.3891
vn 0.2923 -0.9242 0.2458
vn 0.3702 -0.8851 0.2819
vn 0.4801 -0.8274 0.2914
vn 0.3719 -0.9030 0.2149
vn 0.4987 -0.8388 0.2185
vn 0.6402 -0.7405 0.2045
vn 0.5252 -0.8387 0.1440
vn 0.6700 -0.7306 0.1315
vn 0.7910 -0.5957 0.1398
vn 0.7729 -0.5975 0.2136
vn 0.8814 -0.4337 0.1871
vn 0.8644 -0.4189 0.2781
vn 0.7971 -0.5999 0.0685
vn 0.6921 -0.7192 0.0614
vn 0.6988 -0.7153 -0.0065
vn 0.5471 -0.8339 0.0725
vn 0.5563 -0.8310 -0.0002
vn 0.5460 -0.8339 -0.0798
vn 0.4122 -0.9110 0.0149
vn 0.4081 -0.9107 -0.0636
vn 0.3898 -0.9094 -0.1450
vn 0.2751 -0.9607 -0.0363
vn 0.2494 -0.9626 -0.1061
vn 0.2157 -0.9579 -0.1895
vn 0.0996 -0.9932 -0.0611
vn 0.0613 -0.9885 -0.1383
vn 0.0227 -0.9719 -0.2343
vn -0.0375 -0.9938 -0.1048
vn -0.0632 -0.9763 -0.2071
vn -0.1000 -0.9408 -0.3238
vn -0.1273 -0.9758 -0.1780
vn -0.1131 -0.9422 -0.3154
vn -0.1107 -0.9059 -0.4088
vn 0.2737 -0.9187 -0.2848
vn 0.3472 -0.8485 -0.3993
vn 0.4328 -0.7736 -0.4628
vn 0.5547 -0.7632 -0.3315
vn 0.5350 -0.7071 -0.4624
vn 0.3442 -0.7453 -0.5711
vn 0.0389 -0.8535 -0.5197
vn -0.0301 -0.8482 -0.5288
vn 0.0011 -0.7994 -0.6008
vn 0.0954 -0.7470 -0.6580
vn 0.1455 -0.5514 -0.8215
vn 0.3625 -0.6264 -0.6901
vn 0.4262 -0.2916 -0.8563
vn 0.2356 0.0702 -0.9693
vn 0.1451 -0.0947 -0.9849
vn -0.0766 0.2845 -0.9556
vn -0.1135 0.1953 -0.9742
vn -0.3984 0.3254 -0.8576
vn -0.4519 0.1738 -0.8750
vn -0.8623 -0.2511 -0.4397
vn -0.8059 -0.3673 -0.4644
vn -0.7803 -0.6247 -0.0314
vn -0.7971 -0.4907 -0.3520
vn -0.4253 -0.6630 0.6161
vn -0.7411 -0.4236 -0.5209
vn -0.7321 -0.3904 -0.5582
vn -0.8396 -0.2668 -0.4731
vn -0.8269 -0.2756 -0.4902
vn -0.9088 -0.1026 -0.4045
vn -0.8695 -0.2570 -0.4218
vn -0.9346 -0.1006 -0.3411
vn -0.9550 -0.0928 -0.2819
vn 0.1492 -0.2692 0.9515
vn -0.0435 -0.3087 0.9502
vn 0.1992 -0.3830 0.9020
vn 0.0291 -0.4233 0.9055
vn 0.2020 -0.4808 0.8532
vn 0.1435 -0.4943 0.8574
vn -0.4061 -0.5013 0.7640
vn 0.2028 -0.5439 0.8143
vn -0.3357 -0.4954 0.8012
vn 0.1567 -0.6049 0.7807
vn -0.3193 -0.3239 0.8906
vn -0.6815 -0.0959 0.7255
vn -0.2530 -0.1266 0.9592
vn -0.5623 0.2382 0.7919
vn -0.3965 0.0819 0.9144
vn -0.5006 0.1975 0.8428
vn -0.2818 -0.0356 0.9588
vn 0.1013 -0.3626 0.9264
vn 0.0323 -0.2445 0.9691
vn -0.1254 -0.5458 0.8284
vn 0.2223 -0.7437 0.6305
vn 0.0266 -0.9137 0.4054
vn 0.2656 -0.9445 0.1932
vn 0.4274 -0.9040 -0.0081
vn 0.1300 -0.9901 -0.0532
vn 0.2171 -0.9743 -0.0601
vn 0.4674 -0.8637 -0.1884
vn 0.0199 -0.9971 0.0738
vn 0.3796 -0.9247 -0.0277
vn 0.5873 -0.7684 -0.2543
vn 0.5270 -0.8447 -0.0940
vn 0.3632 -0.9292 -0.0691
vn 0.2396 -0.9703 0.0346
vn -0.0517 -0.9830 0.1764
vn -0.0936 -0.9843 0.1494
vn -0.1320 -0.9696 0.2060
vn -0.1179 -0.9839 0.1345
vn -0.0207 -0.9871 0.1585
vn 0.1531 -0.9680 0.1989
vn 0.2990 -0.9346 0.1927
vn 0.3040 -0.9426 0.1381
vn 0.3862 -0.9111 0.1439
vn 0.3048 -0.9484 0.0869
vn 0.4026 -0.9115 0.0841
vn 0.2938 -0.9554 0.0289
vn 0.1714 -0.9845 0.0366
vn 0.1340 -0.9910 -0.0055
vn 0.0427 -0.9976 0.0537
vn 0.0126 -0.9995 0.0287
vn -0.0127 -0.9996 -0.0246
vn -0.0770 -0.9951 0.0624
vn -0.1062 -0.9943 0.0103
vn -0.1272 -0.9893 -0.0711
vn 0.0695 -0.9974 -0.0194
vn 0.1760 -0.9771 -0.1192
vn 0.2280 -0.9567 -0.1807
vn 0.4455 -0.8781 -0.1744
vn 0.4367 -0.8811 -0.1815
vn 0.4823 -0.8479 -0.2200
vn -0.1435 -0.9782 -0.1503
vn -0.0721 -0.9728 -0.2203
vn 0.0328 -0.9258 -0.3766
vn -0.6870 -0.7147 -0.1312
vn -0.4418 -0.8411 -0.3121
vn -0.1119 -0.8691 -0.4819
vn -0.1363 -0.9794 -0.1492
vn 0.3877 -0.8536 -0.3479
vn 0.6489 -0.5513 -0.5243
vn 0.1411 -0.8147 -0.5625
vn 0.6683 -0.3248 -0.6692
vn 0.7337 -0.4979 -0.4624
vn 0.6746 -0.3315 -0.6595
vn 0.5213 -0.1505 -0.8400
vn 0.5489 -0.1294 -0.8258
vn 0.2165 0.0854 -0.9725
vn 0.2526 0.1202 -0.9601
vn -0.0644 0.3063 -0.9498
vn -0.0571 0.3230 -0.9447
vn -0.2395 0.5193 -0.8203
vn -0.2964 0.4678 -0.8326
vn -0.3625 0.7128 -0.6005
vn -0.2297 0.4977 -0.8364
vn -0.3468 0.7099 -0.6130
vn -0.4494 0.8284 -0.3343
vn -0.5525 0.7332 -0.3963
vn -0.5854 0.7881 -0.1905
vn -0.8703 0.2451 -0.4272
vn -0.8372 0.5033 -0.2142
vn -0.8897 -0.2305 -0.3940
vn -0.8213 -0.3878 -0.4184
vn -0.8468 -0.4622 -0.2631
vn -0.8740 -0.4101 -0.2605
vn -0.9067 -0.3441 -0.2439
vn -0.8417 -0.3578 -0.4044
vn -0.9374 -0.2715 -0.2180
vn -0.8873 -0.2980 -0.3521
vn -0.8194 -0.3397 -0.4618
vn -0.9389 -0.1917 -0.2857
vn -0.9070 -0.2231 -0.3572
vn -0.7632 -0.3714 -0.5289
vn -0.9656 -0.0848 -0.2460
vn -0.9641 -0.1799 -0.1953
vn -0.9787 -0.0855 -0.1865
vn -0.9779 -0.1813 -0.1045
vn -0.9906 -0.0902 -0.1030
vn -0.9951 -0.0905 -0.0403
vn -0.9842 -0.0749 0.1601
vn -0.9529 -0.0745 0.2941
vn -0.9932 -0.0778 0.0871
vn -0.9808 -0.1802 0.0742
vn -0.9734 -0.1743 0.1488
vn -0.9963 -0.0848 0.0169
vn -0.9831 -0.1831 0.0070
vn -0.9612 -0.2757 0.0038
vn -0.9588 -0.2781 0.0578
vn -0.9821 -0.1831 -0.0434
vn -0.9628 -0.2670 -0.0424
vn -0.9316 -0.3613 -0.0411
vn -0.9256 -0.3785 0.0044
vn -0.9586 -0.2626 -0.1104
vn -0.9305 -0.3458 -0.1204
vn -0.8900 -0.4347 -0.1375
vn -0.8301 -0.5335 -0.1622
vn -0.9690 -0.2424 -0.0476
vn -0.9846 0.0824 -0.1542
vn -0.6266 0.7750 0.0828
vn -0.7874 0.5641 0.2488
vn -0.4702 0.8825 -0.0102
vn -0.4446 0.8872 -0.1238
vn -0.4665 0.8715 -0.1513
vn -0.4711 0.8820 -0.0123
vn -0.4688 0.8739 0.1284
vn -0.4964 0.8678 -0.0222
vn -0.4996 0.8568 0.1278
vn -0.5009 0.7982 0.3345
vn -0.4589 0.8268 0.3253
vn -0.4658 0.6306 0.6208
vn -0.4395 0.6704 0.5978
vn -0.8348 0.2914 0.4671
vn -0.3602 0.3442 0.8671
vn -0.7429 -0.0966 0.6624
vn -0.1849 0.0348 0.9821
vn -0.4869 -0.4333 0.7584
vn 0.0416 -0.1441 0.9887
vn -0.1435 -0.5449 0.8261
vn -0.3654 -0.9211 0.1346
vn -0.1044 -0.9485 0.2989
vn -0.2326 -0.9589 -0.1624
vn -0.3897 -0.9042 -0.1748
vn 0.1688 -0.4831 0.8592
vn 0.2392 -0.2796 0.9299
vn 0.3876 -0.4850 0.7839
vn 0.4051 -0.4415 0.8006
vn 0.1830 -0.8657 0.4660
vn 0.5674 -0.5482 0.6145
vn -0.0830 -0.9938 -0.0746
vn -0.1077 -0.9770 -0.1842
vn -0.2121 -0.9656 -0.1507
vn -0.1008 -0.9839 -0.1473
vn -0.1929 -0.9760 -0.1010
vn -0.3513 -0.9353 -0.0437
vn -0.3745 -0.9207 -0.1095
vn -0.5665 -0.8239 0.0150
vn -0.5804 -0.8120 -0.0614
vn -0.7496 -0.6592 0.0604
vn -0.7606 -0.6492 -0.0058
vn -0.8509 -0.5184 0.0849
vn -0.8628 -0.5045 0.0317
vn -0.9124 -0.3959 0.1037
vn -0.9199 -0.3897 0.0439
vn -0.9533 -0.2734 0.1281
vn -0.8955 -0.3961 0.2031
vn -0.9295 -0.2712 0.2501
vn -0.9451 -0.1692 0.2794
vn -0.8814 -0.2692 0.3882
vn -0.8938 -0.1656 0.4168
vn -0.9008 -0.0723 0.4282
vn -0.8726 -0.0748 0.4827
vn -0.8326 -0.0776 0.5484
vn -0.7315 -0.0702 0.6783
vn -0.6317 -0.0656 0.7725
vn -0.5551 -0.0740 0.8285
vn -0.6226 -0.1180 0.7736
vn -0.5377 -0.1234 0.8340
vn -0.4373 -0.1508 0.8866
vn -0.4575 -0.0894 0.8847
vn -0.3663 -0.1114 0.9238
vn 0.0390 -0.2437 0.9691
vn 0.1288 -0.2559 0.9581
vn 0.0742 -0.4002 0.9134
vn 0.1659 -0.3938 0.9041
vn 0.0827 -0.5066 0.8582
vn 0.1562 -0.5034 0.8498
vn 0.0814 -0.5635 0.8221
vn 0.1221 -0.5698 0.8127
vn 0.1651 -0.5520 0.8174
vn 0.0988 -0.6052 0.7899
vn 0.1183 -0.6124 0.7816
vn 0.0828 -0.5894 0.8036
vn 0.0899 -0.5668 0.8190
vn 0.0328 -0.5706 0.8206
vn 0.2681 0.0220 0.9631
vn 0.3846 -0.0724 0.9202
vn 0.0320 -0.5470 0.8366
vn -0.0224 -0.4998 0.8658
vn -0.0126 -0.5181 0.8552
vn 0.0268 -0.5205 0.8535
vn -0.0302 -0.4682 0.8831
vn -0.0770 -0.4194 0.9045
vn -0.0641 -0.4691 0.8808
vn 0.0164 -0.4746 0.8801
vn -0.0410 -0.4295 0.9022
vn -0.0974 -0.3787 0.9204
vn -0.1892 -0.3107 0.9315
vn -0.1612 -0.3622 0.9181
vn -0.0597 -0.3499 0.9349
vn -0.1252 -0.3071 0.9434
vn -0.2229 -0.2491 0.9425
vn -0.3404 -0.1925 0.9203
vn -0.3116 -0.2408 0.9192
vn -0.1596 -0.1752 0.9715
vn -0.2577 -0.1419 0.9557
vn -0.0914 -0.2010 0.9753
vn -0.0357 -0.2215 0.9745
vn -0.0020 -0.3810 0.9246
vn -0.4118 -0.1907 0.8911
vn -0.3825 -0.2533 0.8886
vn -0.2823 -0.3004 0.9111
vn -0.3493 -0.3429 0.8720
vn -0.2502 -0.3912 0.8856
vn -0.1387 -0.4402 0.8871
vn -0.2562 -0.0724 0.9639
vn -0.1262 -0.2708 0.9543
vn -0.0513 -0.4283 0.9022
vn -0.0938 0.5382 0.8376
vn 0.0173 0.3826 0.9237
vn 0.1361 0.1863 0.9730
vn 0.0688 0.8765 0.4764
vn 0.2150 0.8157 0.5370
vn 0.3992 0.6772 0.6180
vn 0.2401 0.8166 0.5248
vn 0.4379 0.6938 0.5717
vn 0.6132 0.5068 0.6059
vn 0.5759 0.5044 0.6433
vn 0.7806 0.2594 0.5687
vn 0.6719 0.5271 0.5203
vn 0.8341 0.2783 0.4762
vn 0.9570 -0.0227 0.2891
vn 0.9479 -0.0546 0.3139
vn 0.9372 -0.3416 0.0708
vn 0.9490 -0.3154 0.0010
vn 0.9555 -0.2886 -0.0616
vn 0.8204 -0.5478 -0.1642
vn 0.8570 -0.4383 -0.2711
vn 0.8658 -0.2405 -0.4389
vn 0.9640 -0.1307 -0.2315
vn 0.7607 0.1284 -0.6362
vn 0.2482 0.3569 0.9006
vn -0.7790 -0.5507 0.2998
vn -0.6627 0.0975 0.7425
vn -0.3824 0.1050 0.9180
vn -0.4158 -0.3003 0.8584
vn -0.1897 -0.8248 0.5327
vn 0.5521 -0.7840 -0.2836
vn 0.1231 -0.9922 0.0180
vn 0.1144 -0.9931 -0.0262
vn 0.2549 -0.8672 -0.4277
vn 0.3896 -0.7660 -0.5113
vn 0.0521 -0.7355 -0.6755
vn 0.0462 -0.7754 -0.6298
vn -0.2626 -0.6934 -0.6710
vn -0.2458 -0.8134 -0.5272
vn -0.4826 -0.6572 -0.5790
vn -0.4239 -0.8608 -0.2817
vn -0.2899 -0.9525 0.0929
vn -0.5253 -0.8508 -0.0151
vn -0.3738 -0.8959 0.2400
vn -0.3972 -0.8892 0.2270
vn -0.2470 -0.9546 0.1665
vn -0.4693 -0.8712 0.1441
vn -0.2787 -0.9557 0.0947
vn -0.5276 -0.8466 0.0701
vn -0.3176 -0.9481 0.0161
vn -0.1695 -0.9849 -0.0351
vn -0.0773 -0.9944 -0.0719
vn -0.0567 -0.9950 -0.0825
vn -0.0663 -0.9825 -0.1739
vn -0.4695 -0.8803 -0.0682
vn -0.5120 -0.8529 0.1020
vn -0.5779 -0.7753 0.2548
vn -0.8637 -0.4922 0.1084
vn -0.8181 -0.5097 0.2663
vn -0.6831 -0.6304 0.3689
vn -0.2622 -0.9292 0.2604
vn -0.5423 -0.8003 0.2557
vn -0.5133 -0.8456 0.1463
vn -0.1284 -0.9857 0.1093
vn 0.3730 -0.9270 -0.0403
vn 0.4902 -0.8521 -0.1834
vn 0.5362 -0.8313 -0.1464
vn 0.3761 -0.9211 -0.1006
vn 0.1288 -0.9913 0.0269
vn -0.0540 -0.9956 0.0763
vn -0.1253 -0.9855 0.1143
vn -0.0537 -0.9954 0.0788
vn 0.4525 -0.8788 -0.1513
vn 0.2297 -0.9667 -0.1128
vn -0.0192 -0.9940 -0.1080
vn -0.7193 -0.6913 0.0679
vn -0.7912 -0.6111 -0.0259
vn -0.6679 -0.7197 0.1897
vn -0.7212 -0.6833 0.1141
vn -0.8018 -0.5425 0.2508
vn -0.8332 -0.5313 0.1531
vn -0.8605 -0.3894 0.3285
vn -0.7429 -0.5686 0.3533
vn -0.5821 -0.7636 0.2794
vn -0.5101 -0.7940 0.3306
vn -0.6701 -0.6116 0.4206
vn -0.5951 -0.7729 0.2203
vn -0.6623 -0.6267 0.4106
vn -0.8146 -0.5576 -0.1595
vn -0.8850 -0.4462 0.1330
vn -0.8698 -0.3466 0.3512
vn -0.9593 -0.1098 -0.2600
vn -0.9981 0.0343 -0.0517
vn -0.9713 0.1216 0.2044
vn -0.8144 -0.2808 0.5079
vn -0.8628 0.1854 0.4703
vn -0.7155 -0.2470 0.6535
vn -0.7005 0.1945 0.6867
vn -0.5807 -0.2705 0.7679
vn -0.5925 -0.2468 0.7668
vn -0.4511 -0.3101 0.8369
vn -0.4852 -0.2333 0.8427
vn -0.5150 -0.1639 0.8414
vn -0.6125 -0.1735 0.7711
vn -0.5420 0.1578 0.8254
vn -0.3965 0.0755 0.9149
vn -0.4682 0.7388 0.4848
vn -0.3292 0.7139 0.6180
vn -0.2069 0.6428 0.7375
vn -0.2844 0.8160 0.5033
vn -0.1623 0.8369 0.5227
vn -0.0504 0.8704 0.4898
vn -0.1782 0.8256 0.5354
vn -0.0667 0.8493 0.5237
vn 0.0676 0.8577 0.5097
vn -0.0784 0.8766 0.4747
vn 0.0608 0.8866 0.4585
vn 0.2597 0.8470 0.4639
vn 0.0452 0.9310 0.3621
vn 0.2704 0.8982 0.3465
vn 0.5368 0.7660 0.3536
vn 0.4830 0.7219 0.4956
vn 0.7469 0.5504 0.3730
vn 0.5787 0.7815 0.2332
vn 0.8086 0.5353 0.2441
vn 0.9271 0.2755 0.2541
vn 0.8882 0.2949 0.3524
vn 0.9766 -0.0160 0.2146
vn 0.9673 -0.0055 0.2536
vn 0.9243 -0.3590 0.1298
vn 0.9277 -0.3574 0.1078
vn 0.7414 -0.6689 0.0539
vn 0.7494 -0.6621 -0.0079
vn 0.7734 -0.6298 -0.0722
vn 0.5178 -0.8519 -0.0777
vn 0.5339 -0.8304 -0.1596
vn 0.5828 -0.7743 -0.2466
vn 0.2676 -0.9316 -0.2460
vn 0.2642 -0.9057 -0.3315
vn 0.3192 -0.8396 -0.4395
vn 0.6707 -0.6453 -0.3656
vn 0.4072 -0.7431 -0.5310
vn 0.7452 -0.4941 -0.4478
vn 0.4527 -0.6920 -0.5623
vn 0.8009 -0.2986 -0.5190
vn -0.0028 -0.8199 -0.5725
vn 0.0268 -0.7646 -0.6439
vn -0.2683 -0.7744 -0.5730
vn -0.2649 -0.7146 -0.6474
vn -0.4792 -0.6903 -0.5422
vn -0.4837 -0.6308 -0.6067
vn -0.6715 -0.5616 -0.4833
vn -0.6816 -0.5039 -0.5305
vn -0.6695 -0.6209 -0.4078
vn -0.8499 -0.3196 -0.4191
vn -0.8325 -0.3544 -0.4259
vn -0.9297 -0.0535 -0.3644
vn -0.8129 -0.4562 -0.3620
vn -0.9362 -0.1718 -0.3067
vn -0.9664 0.1574 -0.2033
vn -0.9396 0.2283 -0.2550
vn -0.9059 0.4208 -0.0490
vn -0.9041 0.4222 -0.0653
vn -0.7798 0.6149 0.1176
vn -0.7990 0.5806 0.1565
vn -0.6006 0.7512 0.2738
vn -0.6330 0.6966 0.3378
vn -0.4281 0.8047 0.4113
vn -0.6073 0.7280 0.3181
vn -0.4285 0.7858 0.4460
vn -0.2915 0.8039 0.5185
vn -0.4079 0.8095 0.4224
vn -0.2849 0.8330 0.4742
vn -0.1851 0.8539 0.4864
vn -0.2723 0.8785 0.3924
vn -0.1903 0.8962 0.4008
vn -0.0952 0.9171 0.3870
vn -0.1919 0.9269 0.3224
vn -0.1143 0.9411 0.3182
vn 0.0163 0.9578 0.2871
vn -0.1239 0.9444 0.3045
vn -0.0125 0.9549 0.2965
vn 0.2333 0.9313 0.2798
vn 0.2611 0.9325 0.2497
vn 0.5846 0.7688 0.2591
vn 0.1927 0.8624 0.4681
vn 0.5383 0.7051 0.4616
vn 0.7937 0.4454 0.4143
vn 0.8305 0.4992 0.2471
vn 0.9037 0.2058 0.3755
vn 0.9382 0.2408 0.2485
vn 0.9470 -0.0035 0.3213
vn 0.9763 -0.0189 0.2158
vn 0.9170 -0.3198 0.2385
vn 0.9266 -0.3477 0.1431
vn 0.7141 -0.6796 0.1679
vn 0.7354 -0.6722 0.0860
vn 0.7930 -0.2466 0.5571
vn 0.6094 -0.6245 0.4885
vn 0.4383 -0.7855 0.4368
vn 0.3390 -0.3736 0.8634
vn 0.2565 -0.4995 0.8275
vn 0.2739 -0.4106 0.8697
vn 0.4614 -0.7467 0.4791
vn 0.2420 -0.2224 0.9445
vn 0.5337 -0.5923 0.6036
vn 0.0698 -0.1076 0.9917
vn 0.0748 -0.1530 0.9854
vn 0.0101 -0.0200 0.9997
vn 0.0029 -0.0059 1.0000
vn 0.0876 -0.1031 0.9908
vn 0.1188 -0.0295 0.9925
vn 0.4459 -0.1191 0.8871
vn 0.4574 0.0194 0.8891
vn 0.1361 0.0086 0.9907
vn 0.8025 0.0183 0.5963
vn 0.7558 0.1600 0.6350
vn 0.4406 0.0911 0.8931
vn 0.3842 0.2057 0.9001
vn 0.1356 0.0329 0.9902
vn 0.6473 0.3495 0.6774
vn 0.4125 0.5484 0.7274
vn 0.2348 0.3240 0.9165
vn 0.0659 0.3650 0.9287
vn 0.1339 0.6670 0.7329
vn -0.0295 0.6934 0.7199
vn -0.0134 0.3454 0.9383
vn -0.0294 0.8960 0.4432
vn -0.1174 0.9009 0.4179
vn -0.0852 0.6964 0.7126
vn -0.1153 0.6917 0.7129
vn -0.0392 0.2888 0.9566
vn -0.0319 0.3179 0.9476
vn -0.1653 0.9027 0.3973
vn -0.2007 0.9056 0.3736
vn -0.1305 0.6880 0.7139
vn -0.1854 0.9380 0.2929
vn -0.2384 0.9356 0.2605
vn -0.3114 0.9287 0.2015
vn -0.2394 0.9193 0.3123
vn -0.2581 0.9170 0.3042
vn -0.3557 0.8923 0.2780
vn -0.5550 0.7931 0.2508
vn -0.5108 0.8509 0.1227
vn -0.3815 0.8502 0.3627
vn -0.5739 0.7547 0.3179
vn -0.7972 0.5413 0.2674
vn -0.8106 0.5360 0.2359
vn -0.5893 0.7360 0.3332
vn -0.7952 0.5612 0.2296
vn -0.9466 0.2938 0.1327
vn -0.9413 0.2534 0.2231
vn -0.7929 0.5839 0.1745
vn -0.9351 0.3527 0.0342
vn -0.9941 0.0448 -0.0984
vn -0.9991 -0.0332 0.0279
vn -0.9346 -0.3436 -0.0923
vn -0.9290 -0.3663 0.0535
vn -0.9854 -0.0676 0.1563
vn -0.9345 -0.2851 -0.2133
vn -0.7997 -0.5208 -0.2988
vn -0.8085 -0.5524 -0.2027
vn -0.6683 -0.6870 -0.2854
vn -0.6707 -0.7315 -0.1226
vn -0.8149 -0.5777 -0.0464
vn -0.6598 -0.6578 -0.3633
vn -0.4836 -0.7686 -0.4188
vn -0.4859 -0.8056 -0.3390
vn -0.6614 -0.6294 -0.4080
vn -0.4795 -0.7455 -0.4629
vn -0.2709 -0.8280 -0.4910
vn -0.2634 -0.8574 -0.4421
vn -0.0295 -0.9119 -0.4093
vn -0.0002 -0.9465 -0.3227
vn -0.2541 -0.8991 -0.3564
vn -0.0357 -0.8749 -0.4830
vn 0.0126 -0.9821 -0.1878
vn -0.2500 -0.9480 -0.1971
vn -0.4820 -0.8590 -0.1728
vn -0.2552 -0.9655 -0.0516
vn -0.4744 -0.8802 -0.0135
vn -0.6600 -0.7505 0.0343
vn -0.8020 -0.5904 0.0906
vn 0.2761 -0.9508 -0.1405
vn -0.8309 0.5529 0.0626
vn -0.8421 0.5376 0.0431
vn -0.4302 0.8853 0.1766
vn -0.1395 0.7158 0.6842
vn -0.0378 0.2862 0.9574
vn -0.0390 0.2717 0.9616
vn 0.0021 0.0218 0.9998
vn 0.0047 0.0318 0.9995
vn 0.0014 0.0461 0.9989
vn 0.0046 -0.0087 1.0000
vn 0.0039 0.0024 1.0000
vn 0.0038 0.0104 0.9999
vn -0.0002 0.0671 0.9977
vn 0.0073 0.0178 0.9998
vn 0.0031 0.0904 0.9959
vn 0.0020 0.0032 1.0000
vn 0.0057 0.0080 1.0000
vn 0.0009 -0.0005 1.0000
vn 0.0047 0.0026 1.0000
vn 0.0085 0.0062 0.9999
vn 0.0221 0.0113 0.9997
vn 0.0011 -0.0032 1.0000
vn -0.0045 -0.0064 1.0000
vn -0.0033 -0.0041 1.0000
vn -0.0108 -0.0108 0.9999
vn -0.0161 -0.0135 0.9998
vn -0.0003 -0.0019 1.0000
vn -0.0040 -0.0088 1.0000
vn -0.0126 -0.0170 0.9998
vn -0.0018 -0.0211 0.9998
vn -0.0627 -0.0289 0.9976
vn -0.0356 -0.0135 0.9993
vn -0.3006 -0.0125 0.9537
vn -0.7595 0.0457 0.6488
vn 0.4760 -0.6855 0.5509
vn 0.4997 -0.8222 0.2727
vn 0.6315 -0.7048 0.3233
vn 0.4721 -0.8815 -0.0089
vn 0.6067 -0.7944 0.0286
vn 0.7293 -0.6794 0.0806
vn 0.5451 -0.8014 -0.2461
vn 0.6854 -0.6992 -0.2034
vn 0.7229 -0.6665 -0.1823
vn 0.4642 -0.8738 0.1449
vn 0.6317 -0.6144 -0.4727
vn 0.4782 -0.7349 -0.4808
vn 0.3916 -0.6203 -0.6796
vn 0.5687 -0.4727 -0.6732
vn 0.2487 -0.4195 -0.8730
vn 0.4126 -0.2747 -0.8685
vn 0.0537 -0.1052 -0.9930
vn 0.1451 -0.0014 -0.9894
vn -0.1093 0.2127 -0.9710
vn -0.0876 0.2629 -0.9608
vn -0.2250 0.4853 -0.8449
vn -0.1502 0.1469 -0.9777
vn -0.2410 0.4541 -0.8577
vn -0.3361 0.6959 -0.6346
vn -0.3356 0.7046 -0.6252
vn -0.4244 0.8289 -0.3645
vn -0.4226 0.8365 -0.3489
vn -0.3930 0.6536 -0.6468
vn -0.4566 0.8071 -0.3744
vn -0.4901 0.8567 -0.1611
vn -0.5323 0.7605 -0.3719
vn -0.5239 0.8347 -0.1698
vn -0.5157 0.8563 -0.0272
vn -0.5817 0.7946 -0.1739
vn -0.5529 0.8328 -0.0293
vn -0.5283 0.8376 0.1388
vn -0.5096 0.8502 0.1320
vn -0.5018 0.7811 0.3715
vn -0.4979 0.7925 0.3522
vn -0.4425 0.6008 0.6657
vn -0.4469 0.6195 0.6453
vn -0.3379 0.3139 0.8873
vn -0.3241 0.3375 0.8838
vn -0.3418 0.3416 0.8755
vn -0.1713 0.0615 0.9833
vn -0.1631 0.0610 0.9847
vn -0.0285 -0.1716 0.9848
vn 0.0192 -0.1492 0.9886
vn 0.0928 -0.4005 0.9116
vn 0.1838 -0.3542 0.9169
vn 0.1961 -0.6404 0.7426
vn 0.2956 -0.5824 0.7572
vn 0.2573 -0.8255 0.5024
vn 0.3602 -0.7740 0.5207
vn 0.2682 -0.9338 0.2370
vn 0.3762 -0.8927 0.2481
vn 0.2426 -0.9698 -0.0249
vn 0.3492 -0.9368 -0.0239
vn 0.1969 -0.9460 -0.2575
vn 0.2948 -0.9175 -0.2671
vn 0.4101 -0.8731 -0.2635
vn 0.2235 -0.8498 -0.4774
vn 0.3319 -0.8104 -0.4827
vn 0.1322 -0.7361 -0.6639
vn 0.2377 -0.6990 -0.6745
vn 0.0035 -0.5311 -0.8473
vn 0.1040 -0.4956 -0.8623
vn -0.1336 -0.2367 -0.9623
vn -0.0429 -0.1891 -0.9810
vn -0.2345 0.0711 -0.9695
vn -0.2189 -0.2890 -0.9320
vn -0.3388 -0.0018 -0.9409
vn -0.4388 0.2878 -0.8512
vn -0.3143 0.3834 -0.8685
vn -0.5118 0.5729 -0.6402
vn -0.5363 0.2147 -0.8163
vn -0.6093 0.4973 -0.6176
vn -0.6126 0.7021 -0.3631
vn -0.6168 0.4809 -0.6232
vn -0.4945 0.5520 -0.6714
vn -0.4278 -0.0636 -0.9016
vn -0.2934 -0.3406 -0.8933
vn -0.1393 -0.5965 -0.7905
vn -0.1704 -0.6009 -0.7809
vn -0.0771 -0.5659 -0.8208
vn 0.0497 -0.7607 -0.6472
vn -0.0116 -0.7807 -0.6248
vn 0.0661 -0.8958 -0.4396
vn 0.0222 -0.9182 -0.3954
vn -0.0365 -0.7966 -0.6034
vn 0.1363 -0.8760 -0.4627
vn 0.1137 -0.9631 -0.2438
vn 0.1536 -0.9877 -0.0277
vn 0.0597 -0.9964 -0.0593
vn 0.0335 -0.9750 -0.2197
vn -0.0291 -0.9868 -0.1595
vn 0.0422 -0.9556 -0.2915
vn -0.1375 -0.9889 -0.0557
vn 0.0260 -0.8103 -0.5855
vn -0.5256 -0.8503 0.0283
vn -0.8977 -0.4405 -0.0001
vn -0.9591 -0.2790 -0.0484
vn -0.9684 -0.2481 0.0237
vn -0.9128 -0.4015 0.0747
vn -0.9340 -0.3571 -0.0097
vn -0.9632 -0.2651 0.0447
vn -0.8834 -0.4058 0.2342
vn -0.9028 -0.3273 -0.2789
vn -0.9151 -0.2197 -0.3382
vn -0.9797 0.1946 0.0475
vn -0.8545 -0.3446 -0.3886
vn -0.8323 -0.2666 -0.4860
vn -0.9233 -0.3674 -0.1124
vn -0.8831 -0.1196 0.4536
vn -0.8515 -0.2331 0.4696
vn -0.5813 -0.0611 0.8114
vn -0.5733 -0.0214 0.8191
vn -0.4230 -0.0370 0.9054
vn -0.4383 0.0997 0.8933
vn -0.4341 0.4031 0.8057
vn -0.4017 0.7817 0.4770
vn -0.4080 0.1800 0.8951
vn -0.4495 0.4914 0.7460
vn -0.4864 0.7710 0.4111
vn -0.4553 0.5536 0.6973
vn -0.5211 0.7618 0.3849
vn -0.5619 0.8169 0.1300
vn -0.5987 0.8003 -0.0324
vn -0.3729 0.2553 0.8921
vn -0.3597 -0.0215 0.9328
vn -0.2911 0.0056 0.9567
vn -0.2210 0.0384 0.9745
vn -0.2006 -0.1960 0.9599
vn -0.1099 -0.1918 0.9753
vn -0.0894 -0.4179 0.9041
vn -0.0007 -0.4245 0.9054
vn 0.0328 -0.6935 0.7197
vn 0.1059 -0.6781 0.7273
vn 0.1046 -0.8982 0.4270
vn 0.1698 -0.8638 0.4744
vn 0.1005 -0.9830 0.1537
vn 0.1796 -0.9592 0.2183
vn -0.0155 -0.6958 0.7180
vn -0.1633 -0.3793 0.9107
vn -0.2405 -0.3276 0.9137
vn -0.0496 -0.7041 0.7083
vn -0.3664 -0.1246 0.9221
vn -0.5490 -0.0675 0.8331
vn -0.2815 -0.1708 0.9442
vn -0.8807 0.0187 0.4732
vn -0.9444 0.0115 0.3287
vn -0.8268 -0.5617 -0.0291
vn -0.1771 -0.1315 0.9754
vn -0.2254 -0.1388 0.9643
vn -0.2062 -0.2643 0.9421
vn -0.2703 -0.1441 0.9519
vn -0.2646 -0.2789 0.9232
vn -0.2574 -0.4143 0.8730
vn -0.3377 -0.2868 0.8965
vn -0.3474 -0.4264 0.8352
vn -0.3569 -0.5667 0.7426
vn -0.4396 -0.4202 0.7938
vn -0.4727 -0.5463 0.6914
vn -0.5069 -0.6527 0.5631
vn -0.3664 -0.6987 0.6145
vn -0.5535 -0.5197 0.6508
vn -0.5828 -0.6065 0.5408
vn -0.5911 -0.4995 0.6334
vn -0.6074 -0.5698 0.5536
vn -0.5409 -0.5189 0.6620
vn -0.6120 -0.5324 0.5849
vn -0.5665 -0.4916 0.6614
vn -0.5777 -0.5166 0.6319
vn -0.6117 -0.5221 0.5944
vn -0.7843 -0.5760 0.2304
vn -0.6880 -0.5727 0.4458
vn -0.8546 -0.5152 0.0645
vn -0.8731 -0.4471 -0.1945
vn -0.9435 -0.3313 -0.0077
vn -0.9493 -0.2594 -0.1778
vn -0.9400 -0.2392 -0.2434
vn -0.3332 -0.1467 0.9314
vn -0.4036 -0.1449 0.9034
vn -0.4164 -0.2836 0.8638
vn -0.4649 -0.1406 0.8741
vn -0.4845 -0.2738 0.8309
vn -0.5156 -0.4039 0.7557
vn -0.5286 -0.2668 0.8059
vn -0.5590 -0.3906 0.7314
vn -0.5377 -0.2694 0.7990
vn -0.5675 -0.3899 0.7252
vn -0.6052 -0.4909 0.6266
vn -0.5944 -0.4862 0.6405
vn -0.4455 -0.5073 0.7377
vn -0.5074 -0.5651 0.6506
vn -0.2540 -0.4157 0.8733
vn -0.5384 -0.4912 0.6848
vn -0.8335 -0.4450 0.3275
vn -0.5063 -0.1379 0.8513
vn -0.5157 -0.1398 0.8453
vn -0.3559 0.0498 0.9332
vn -0.3808 -0.7845 0.4893
vn -0.6197 -0.4624 0.6342
vt 0.334342 0.911866
vt 0.338350 0.908098
vt 0.343764 0.917349
vt 0.336507 0.918857
vt 0.325882 0.909020
vt 0.328434 0.901963
vt 0.324823 0.917372
vt 0.348242 0.945228
vt 0.342164 0.946953
vt 0.340041 0.938537
vt 0.347929 0.938375
vt 0.353401 0.938950
vt 0.351650 0.947798
vt 0.344785 0.952419
vt 0.954357 0.043177
vt 0.946331 0.036716
vt 0.950635 0.027303
vt 0.957675 0.029642
vt 0.947713 0.047920
vt 0.941293 0.042013
vt 0.455249 0.429644
vt 0.470109 0.435675
vt 0.468213 0.442353
vt 0.453119 0.441671
vt 0.728420 0.134859
vt 0.736336 0.125359
vt 0.748757 0.143417
vt 0.732793 0.149836
vt 0.706972 0.133020
vt 0.714385 0.112577
vt 0.708874 0.155648
vt 0.734923 0.217191
vt 0.716220 0.205749
vt 0.735268 0.195931
vt 0.750419 0.214176
vt 0.730927 0.231061
vt 0.703267 0.218864
vt 0.755221 0.231203
vt 0.276664 0.493154
vt 0.284656 0.504472
vt 0.267373 0.511005
vt 0.264684 0.494562
vt 0.282642 0.483036
vt 0.298288 0.492746
vt 0.267784 0.479364
vt 0.353553 0.415585
vt 0.354513 0.430694
vt 0.339217 0.429584
vt 0.344091 0.410192
vt 0.358243 0.390327
vt 0.366434 0.405330
vt 0.373165 0.425322
vt 0.391871 0.448740
vt 0.396452 0.461237
vt 0.376757 0.486883
vt 0.372246 0.482839
vt 0.364788 0.479724
vt 0.373626 0.450969
vt 0.390198 0.416720
vt 0.406419 0.404886
vt 0.411949 0.428814
vt 0.414952 0.441855
vt 0.407636 0.518522
vt 0.403599 0.514537
vt 0.418074 0.497669
vt 0.422559 0.502358
vt 0.928054 0.511663
vt 0.923500 0.498041
vt 0.930974 0.499774
vt 0.936874 0.515154
vt 0.892112 0.971721
vt 0.874744 0.980167
vt 0.870868 0.972286
vt 0.878741 0.965515
vt 0.382704 0.344601
vt 0.391455 0.340049
vt 0.394422 0.360027
vt 0.378315 0.368517
vt 0.375443 0.326315
vt 0.389796 0.320199
vt 0.365657 0.353449
vt 0.279195 0.880538
vt 0.282122 0.880119
vt 0.280966 0.884332
vt 0.277022 0.882760
vt 0.274760 0.880827
vt 0.278254 0.878764
vt 0.281611 0.877093
vt 0.280233 0.874246
vt 0.276801 0.876092
vt 0.283284 0.869089
vt 0.288147 0.873362
vt 0.274597 0.869018
vt 0.272864 0.877937
vt 0.264983 0.874858
vt 0.267926 0.882801
vt 0.256720 0.862523
vt 0.272223 0.854677
vt 0.252049 0.883326
vt 0.242403 0.875522
vt 0.258314 0.887670
vt 0.294077 0.854761
vt 0.299824 0.867611
vt 0.320751 0.858719
vt 0.319308 0.868873
vt 0.994585 0.212813
vt 0.973922 0.211087
vt 0.976598 0.190400
vt 0.992881 0.189490
vt 0.991239 0.228646
vt 0.971838 0.227334
vt 0.249474 0.901374
vt 0.253109 0.902946
vt 0.250095 0.905697
vt 0.247735 0.906788
vt 0.247578 0.896251
vt 0.257410 0.898374
vt 0.243521 0.908057
vt 0.255211 0.906309
vt 0.252090 0.908044
vt 0.250571 0.910389
vt 0.236506 0.911940
vt 0.240655 0.895977
vt 0.277886 0.901510
vt 0.296674 0.899220
vt 0.294895 0.906273
vt 0.277830 0.908758
vt 0.270668 0.897492
vt 0.277423 0.890562
vt 0.284517 0.891508
vt 0.263669 0.906273
vt 0.262031 0.902467
vt 0.264741 0.911936
vt 0.255919 0.910311
vt 0.255707 0.924935
vt 0.255545 0.920102
vt 0.265253 0.919302
vt 0.265869 0.928829
vt 0.243995 0.926502
vt 0.246159 0.918257
vt 0.254659 0.931511
vt 0.248403 0.914375
vt 0.234823 0.929489
vt 0.223830 0.912738
vt 0.229945 0.892335
vt 0.223826 0.934821
vt 0.242930 0.942683
vt 0.243793 0.937315
vt 0.249101 0.937830
vt 0.246103 0.943096
vt 0.246933 0.948864
vt 0.241100 0.948247
vt 0.237304 0.942656
vt 0.252956 0.945832
vt 0.229739 0.956501
vt 0.241982 0.959488
vt 0.248431 0.972904
vt 0.242591 0.976549
vt 0.985161 0.332070
vt 0.967628 0.332145
vt 0.968429 0.313485
vt 0.985332 0.313179
vt 0.981716 0.349504
vt 0.966426 0.347216
vt 0.260554 0.973791
vt 0.265500 0.974175
vt 0.265044 0.978606
vt 0.258921 0.977097
vt 0.258179 0.967810
vt 0.264567 0.966693
vt 0.252861 0.969779
vt 0.247050 0.580615
vt 0.246972 0.568329
vt 0.274221 0.556111
vt 0.275618 0.561415
vt 0.277700 0.562265
vt 0.253459 0.580300
vt 0.993089 0.746661
vt 0.994361 0.751712
vt 0.970723 0.748420
vt 0.969507 0.743168
vt 0.966078 0.732567
vt 0.983774 0.731184
vt 0.224259 0.585751
vt 0.226066 0.575122
vt 0.855775 0.792304
vt 0.866246 0.799737
vt 0.856615 0.813927
vt 0.847224 0.811768
vt 0.830795 0.809252
vt 0.832626 0.792439
vt 0.877046 0.780078
vt 0.881013 0.786522
vt 0.852282 0.773197
vt 0.872002 0.767314
vt 0.831789 0.774949
vt 0.493000 0.245917
vt 0.496437 0.248728
vt 0.492555 0.252117
vt 0.489619 0.247658
vt 0.488656 0.243905
vt 0.492972 0.243084
vt 0.498625 0.244934
vt 0.506620 0.237043
vt 0.522363 0.242395
vt 0.521395 0.255190
vt 0.507492 0.248991
vt 0.499031 0.240788
vt 0.493357 0.239658
vt 0.494885 0.233048
vt 0.495545 0.226114
vt 0.505416 0.227349
vt 0.519675 0.227630
vt 0.488670 0.239934
vt 0.484410 0.235510
vt 0.482064 0.244126
vt 0.491132 0.207381
vt 0.492501 0.211787
vt 0.486564 0.213045
vt 0.486776 0.207243
vt 0.493997 0.202861
vt 0.497791 0.208380
vt 0.488781 0.200331
vt 0.473742 0.245466
vt 0.474472 0.238295
vt 0.475931 0.229704
vt 0.486216 0.227279
vt 0.482397 0.200243
vt 0.479892 0.207156
vt 0.469560 0.208217
vt 0.468690 0.201724
vt 0.480071 0.188029
vt 0.491294 0.188467
vt 0.150502 0.554258
vt 0.167820 0.561538
vt 0.169101 0.570975
vt 0.158998 0.568440
vt 0.149285 0.568244
vt 0.137585 0.554426
vt 0.148630 0.543392
vt 0.167852 0.553341
vt 0.591423 0.491477
vt 0.576512 0.511509
vt 0.558779 0.506520
vt 0.565886 0.488795
vt 0.613199 0.506031
vt 0.595004 0.520629
vt 0.567655 0.469334
vt 0.588257 0.468741
vt 0.893563 0.672464
vt 0.879348 0.673763
vt 0.876455 0.658773
vt 0.884421 0.657054
vt 0.896522 0.667186
vt 0.914145 0.677853
vt 0.913858 0.682981
vt 0.887225 0.655144
vt 0.028172 0.480496
vt 0.020765 0.484960
vt 0.029130 0.466313
vt 0.037498 0.463745
vt 0.047265 0.469778
vt 0.045589 0.475410
vt 0.027278 0.485051
vt 0.051599 0.459744
vt 0.868343 0.581947
vt 0.881047 0.564489
vt 0.884670 0.565150
vt 0.876152 0.580800
vt 0.870222 0.594797
vt 0.862405 0.595846
vt 0.866428 0.576992
vt 0.878719 0.562347
vt 0.463919 0.190995
vt 0.460090 0.206742
vt 0.458760 0.201383
vt 0.453337 0.203735
vt 0.450289 0.193336
vt 0.772223 0.361587
vt 0.772648 0.350046
vt 0.788864 0.348572
vt 0.790026 0.359922
vt 0.791838 0.372274
vt 0.775923 0.376238
vt 0.455276 0.209256
vt 0.444997 0.214869
vt 0.435561 0.220821
vt 0.437140 0.208256
vt 0.446818 0.210442
vt 0.451604 0.212422
vt 0.449718 0.216610
vt 0.445564 0.224256
vt 0.452273 0.209589
vt 0.449279 0.206446
vt 0.455073 0.212794
vt 0.446622 0.244467
vt 0.448067 0.248977
vt 0.440376 0.252149
vt 0.440964 0.239247
vt 0.451878 0.241942
vt 0.452588 0.245791
vt 0.450370 0.234963
vt 0.452981 0.248347
vt 0.458390 0.250200
vt 0.456247 0.255744
vt 0.450727 0.252460
vt 0.458583 0.245715
vt 0.429742 0.255640
vt 0.429750 0.240019
vt 0.763645 0.326626
vt 0.781867 0.318274
vt 0.784879 0.328065
vt 0.768203 0.334940
vt 0.693100 0.390746
vt 0.682294 0.397363
vt 0.678129 0.385451
vt 0.694141 0.382245
vt 0.701180 0.394804
vt 0.689561 0.406549
vt 0.705661 0.383597
vt 0.138401 0.856045
vt 0.134130 0.857294
vt 0.132573 0.848666
vt 0.138694 0.851023
vt 0.143623 0.862644
vt 0.138953 0.868001
vt 0.145589 0.858090
vt 0.177385 0.853293
vt 0.175269 0.862342
vt 0.167968 0.857964
vt 0.173679 0.846231
vt 0.183248 0.853680
vt 0.181020 0.866584
vt 0.182646 0.842214
vt 0.179314 0.831423
vt 0.186794 0.829742
vt 0.188926 0.842467
vt 0.188467 0.856126
vt 0.167362 0.838120
vt 0.160020 0.831649
vt 0.173440 0.823169
vt 0.158540 0.852843
vt 0.149713 0.847149
vt 0.142521 0.841981
vt 0.153395 0.827107
vt 0.155330 0.866193
vt 0.151492 0.872605
vt 0.164430 0.871353
vt 0.158220 0.881618
vt 0.150189 0.890544
vt 0.144190 0.879565
vt 0.171342 0.876307
vt 0.164995 0.889355
vt 0.157262 0.900293
vt 0.148746 0.911277
vt 0.141057 0.899705
vt 0.171707 0.895474
vt 0.165599 0.908805
vt 0.158113 0.921806
vt 0.149419 0.934212
vt 0.138924 0.921838
vt 0.175363 0.916405
vt 0.169434 0.931145
vt 0.161774 0.945395
vt 0.153044 0.959023
vt 0.139100 0.946146
vt 0.182161 0.939050
vt 0.176080 0.954804
vt 0.168804 0.970133
vt 0.601123 0.665853
vt 0.580773 0.661828
vt 0.585631 0.642675
vt 0.605647 0.646154
vt 0.191840 0.962190
vt 0.186533 0.978612
vt 0.596224 0.685552
vt 0.575756 0.680968
vt 0.555408 0.675463
vt 0.560694 0.657317
vt 0.590883 0.705074
vt 0.569812 0.699507
vt 0.549273 0.693202
vt 0.529596 0.686619
vt 0.535699 0.669720
vt 0.563067 0.717606
vt 0.542496 0.710646
vt 0.522900 0.703382
vt 0.505985 0.696767
vt 0.512548 0.681121
vt 0.535607 0.728199
vt 0.515933 0.720098
vt 0.499109 0.712400
vt 0.489548 0.707489
vt 0.495915 0.693027
vt 0.481932 0.703610
vt 0.475894 0.700836
vt 0.481977 0.688470
vt 0.488568 0.690406
vt 0.486893 0.674663
vt 0.494249 0.676246
vt 0.502109 0.678161
vt 0.499125 0.661890
vt 0.507438 0.663124
vt 0.518415 0.665200
vt 0.511871 0.646990
vt 0.523868 0.648467
vt 0.541123 0.652276
vt 0.528902 0.630613
vt 0.546644 0.633938
vt 0.565924 0.638467
vt 0.551772 0.615280
vt 0.570954 0.619532
vt 0.590395 0.623484
vt 0.575441 0.600791
vt 0.594437 0.604583
vt 0.613728 0.607602
vt 0.609792 0.626618
vt 0.598766 0.586395
vt 0.617314 0.589365
vt 0.127511 0.931939
vt 0.118880 0.916910
vt 0.130628 0.908496
vt 0.112953 0.901142
vt 0.124817 0.894459
vt 0.134935 0.887074
vt 0.120975 0.880275
vt 0.130336 0.874400
vt 0.118892 0.865969
vt 0.126374 0.861997
vt 0.119004 0.851354
vt 0.125597 0.849605
vt 0.125131 0.834174
vt 0.130869 0.836014
vt 0.136277 0.838159
vt 0.143057 0.820833
vt 0.147323 0.823680
vt 0.157476 0.807828
vt 0.161684 0.812020
vt 0.166594 0.816742
vt 0.173503 0.803236
vt 0.176759 0.810642
vt 0.181419 0.819426
vt 0.189976 0.805258
vt 0.193212 0.816583
vt 0.195101 0.829979
vt 0.205717 0.817761
vt 0.205203 0.833002
vt 0.205243 0.848462
vt 0.195499 0.844521
vt 0.194821 0.859691
vt 0.205286 0.864392
vt 0.204844 0.879800
vt 0.194003 0.874692
vt 0.217841 0.852970
vt 0.217740 0.868615
vt 0.217245 0.883986
vt 0.216414 0.899650
vt 0.203662 0.895533
vt 0.230752 0.871183
vt 0.230436 0.886703
vt 0.229940 0.902524
vt 0.229392 0.918727
vt 0.215308 0.915970
vt 0.243858 0.887831
vt 0.243859 0.903529
vt 0.243859 0.919835
vt 0.243860 0.936736
vt 0.228621 0.935726
vt 0.243860 0.954524
vt 0.243861 0.972299
vt 0.226257 0.971042
vt 0.227537 0.953219
vt 0.208687 0.967802
vt 0.211632 0.950149
vt 0.213709 0.932982
vt 0.196202 0.945546
vt 0.199721 0.928602
vt 0.201955 0.911975
vt 0.186712 0.923146
vt 0.190057 0.906870
vt 0.192261 0.890517
vt 0.179761 0.901362
vt 0.183471 0.885248
vt 0.186127 0.870078
vt 0.177143 0.880749
vt 0.205314 0.984907
vt 0.224549 0.989290
vt 0.584689 0.724140
vt 0.243861 0.990571
vt 0.578262 0.742563
vt 0.556505 0.735740
vt 0.017199 0.298900
vt 0.025188 0.298900
vt 0.025810 0.315487
vt 0.017347 0.316907
vt 0.009995 0.318645
vt 0.010411 0.298899
vt 0.027085 0.334876
vt 0.018833 0.336328
vt 0.011786 0.338512
vt 0.027174 0.354639
vt 0.019948 0.355630
vt 0.013358 0.357781
vt 0.019995 0.375505
vt 0.014069 0.377466
vt 0.491975 0.660992
vt 0.497700 0.646257
vt 0.503931 0.646405
vt 0.503414 0.629907
vt 0.509059 0.629749
vt 0.516372 0.629658
vt 0.513683 0.611174
vt 0.520379 0.611032
vt 0.533451 0.611931
vt 0.523229 0.591860
vt 0.538132 0.593100
vt 0.556396 0.596523
vt 0.543492 0.574214
vt 0.561751 0.577809
vt 0.580266 0.582319
vt 0.569483 0.558062
vt 0.586975 0.563823
vt 0.604502 0.568781
vt 0.596762 0.545797
vt 0.611869 0.551709
vt 0.626788 0.555352
vt 0.621610 0.571896
vt 0.621157 0.535602
vt 0.632907 0.539317
vt 0.109855 0.885023
vt 0.109591 0.868810
vt 0.633799 0.519944
vt 0.641180 0.523923
vt 0.112023 0.852362
vt 0.651611 0.504233
vt 0.656555 0.507033
vt 0.120508 0.832676
vt 0.668042 0.487444
vt 0.671928 0.489469
vt 0.134857 0.815900
vt 0.138563 0.817843
vt 0.150761 0.802024
vt 0.153619 0.804458
vt 0.166381 0.791517
vt 0.168044 0.794533
vt 0.170181 0.798141
vt 0.184160 0.786548
vt 0.185549 0.789869
vt 0.187603 0.795656
vt 0.202591 0.783575
vt 0.204313 0.791091
vt 0.205600 0.802960
vt 0.219757 0.789583
vt 0.219045 0.804391
vt 0.218167 0.820420
vt 0.231903 0.806216
vt 0.231401 0.823038
vt 0.231049 0.839596
vt 0.217814 0.836918
vt 0.230933 0.855537
vt 0.243856 0.840685
vt 0.243857 0.856699
vt 0.243857 0.872159
vt 0.034013 0.298901
vt 0.048684 0.298903
vt 0.048166 0.316138
vt 0.034084 0.315714
vt 0.047537 0.334413
vt 0.034768 0.334374
vt 0.047284 0.353811
vt 0.035215 0.354432
vt 0.047521 0.372816
vt 0.034893 0.373797
vt 0.026450 0.374330
vt 0.035407 0.392235
vt 0.026965 0.393215
vt 0.020347 0.394835
vt 0.027445 0.411615
vt 0.021030 0.413074
vt 0.015393 0.415428
vt 0.014436 0.396746
vt 0.022442 0.431186
vt 0.016875 0.433425
vt 0.507797 0.612039
vt 0.508603 0.593168
vt 0.514930 0.592118
vt 0.511544 0.573465
vt 0.518396 0.572840
vt 0.528157 0.572535
vt 0.526587 0.550758
vt 0.537183 0.550608
vt 0.552253 0.552895
vt 0.548490 0.527958
vt 0.564066 0.531338
vt 0.580673 0.538135
vt 0.609393 0.529578
vt 0.626299 0.514752
vt 0.637000 0.493385
vt 0.646275 0.500428
vt 0.656821 0.479701
vt 0.663768 0.484789
vt 0.673271 0.464873
vt 0.678205 0.468511
vt 0.681820 0.470769
vt 0.690678 0.453547
vt 0.693729 0.455563
vt 0.696881 0.457691
vt 0.685425 0.472662
vt 0.701620 0.438484
vt 0.704637 0.440468
vt 0.707987 0.442842
vt 0.715133 0.425133
vt 0.718550 0.427567
vt 0.182740 0.783242
vt 0.199972 0.776411
vt 0.201108 0.779398
vt 0.218291 0.768227
vt 0.219053 0.772207
vt 0.219665 0.778604
vt 0.233608 0.767854
vt 0.233312 0.776585
vt 0.232602 0.790181
vt 0.243854 0.776098
vt 0.243855 0.790609
vt 0.243855 0.806802
vt 0.243856 0.823791
vt 0.068380 0.298905
vt 0.089866 0.298907
vt 0.089389 0.317017
vt 0.068138 0.316891
vt 0.088818 0.335168
vt 0.067561 0.334957
vt 0.087935 0.353625
vt 0.067126 0.353504
vt 0.086822 0.372079
vt 0.066564 0.372130
vt 0.084951 0.390827
vt 0.065459 0.390785
vt 0.047879 0.391352
vt 0.062675 0.409977
vt 0.047279 0.410007
vt 0.036231 0.411064
vt 0.046237 0.429357
vt 0.036328 0.429723
vt 0.027990 0.430262
vt 0.035010 0.448291
vt 0.028708 0.449011
vt 0.023459 0.450059
vt 0.023716 0.468178
vt 0.018412 0.469408
vt 0.012700 0.470378
vt 0.017503 0.451100
vt 0.010924 0.489037
vt 0.005770 0.490032
vt 0.519656 0.551045
vt 0.530082 0.527938
vt 0.537238 0.527338
vt 0.539520 0.505533
vt 0.546523 0.505810
vt 0.545266 0.485622
vt 0.552302 0.487108
vt 0.548841 0.466105
vt 0.555748 0.467741
vt 0.558358 0.446680
vt 0.568723 0.447610
vt 0.551910 0.445238
vt 0.554816 0.421397
vt 0.560524 0.422703
vt 0.838726 0.556777
vt 0.850757 0.548720
vt 0.852993 0.552637
vt 0.840140 0.560833
vt 0.824136 0.568049
vt 0.823145 0.563835
vt 0.807070 0.572853
vt 0.806643 0.569085
vt 0.841520 0.564548
vt 0.824929 0.571435
vt 0.807451 0.576103
vt 0.790255 0.578089
vt 0.790254 0.574979
vt 0.825703 0.574811
vt 0.807725 0.579239
vt 0.790255 0.581137
vt 0.807970 0.582125
vt 0.790256 0.583414
vt 0.110912 0.298909
vt 0.132760 0.298911
vt 0.132171 0.317391
vt 0.110766 0.317147
vt 0.131138 0.336111
vt 0.110042 0.335601
vt 0.129913 0.354818
vt 0.108870 0.354132
vt 0.128202 0.373639
vt 0.107438 0.372674
vt 0.125710 0.392646
vt 0.105243 0.391618
vt 0.122658 0.411857
vt 0.102203 0.410709
vt 0.081826 0.409984
vt 0.097686 0.429950
vt 0.076678 0.429863
vt 0.058866 0.430016
vt 0.071469 0.446334
vt 0.055562 0.446447
vt 0.043263 0.447661
vt 0.068298 0.457257
vt 0.088653 0.458978
vt 0.086622 0.466159
vt 0.065507 0.465390
vt 0.092335 0.446970
vt 0.114105 0.448896
vt 0.109773 0.463565
vt 0.118701 0.430967
vt 0.138961 0.432565
vt 0.134298 0.451047
vt 0.142771 0.413363
vt 0.162437 0.415065
vt 0.158465 0.434532
vt 0.146276 0.393932
vt 0.166103 0.395284
vt 0.185199 0.396569
vt 0.181290 0.416687
vt 0.148935 0.374719
vt 0.169181 0.375433
vt 0.188753 0.376370
vt 0.208098 0.377882
vt 0.203851 0.398063
vt 0.171370 0.355957
vt 0.191796 0.356645
vt 0.212072 0.357984
vt 0.232091 0.359403
vt 0.227584 0.379743
vt 0.194316 0.337292
vt 0.215231 0.338108
vt 0.235675 0.339011
vt 0.256316 0.339803
vt 0.252073 0.360674
vt 0.216892 0.318420
vt 0.237859 0.318859
vt 0.259034 0.319221
vt 0.280503 0.319505
vt 0.277297 0.340634
vt 0.238643 0.298920
vt 0.259773 0.298921
vt 0.281718 0.298923
vt 0.304348 0.298924
vt 0.303086 0.319845
vt 0.328456 0.298926
vt 0.352824 0.298928
vt 0.351495 0.321329
vt 0.326440 0.320405
vt 0.343283 0.346671
vt 0.320335 0.343580
vt 0.298734 0.341838
vt 0.311239 0.367327
vt 0.291830 0.364209
vt 0.272101 0.362146
vt 0.284177 0.386616
vt 0.265787 0.383752
vt 0.246979 0.381641
vt 0.259296 0.404846
vt 0.241105 0.402167
vt 0.222525 0.399960
vt 0.235344 0.421878
vt 0.217437 0.419917
vt 0.199448 0.418325
vt 0.212691 0.439538
vt 0.195123 0.438219
vt 0.177122 0.436603
vt 0.190515 0.458063
vt 0.172429 0.456169
vt 0.153704 0.453750
vt 0.166972 0.475628
vt 0.148340 0.471846
vt 0.129053 0.468154
vt 0.144036 0.485798
vt 0.125730 0.479401
vt 0.106776 0.472453
vt 0.123897 0.485903
vt 0.104913 0.477787
vt 0.084925 0.472222
vt 0.103122 0.483574
vt 0.083285 0.478025
vt 0.063886 0.476293
vt 0.064525 0.471364
vt 0.045094 0.479265
vt 0.063189 0.480698
vt 0.044797 0.482580
vt 0.027094 0.489300
vt 0.027028 0.487427
vt 0.904805 0.531179
vt 0.905326 0.532929
vt 0.890704 0.545800
vt 0.889727 0.544513
vt 0.888925 0.542912
vt 0.904978 0.528702
vt 0.875403 0.558223
vt 0.874041 0.555953
vt 0.872144 0.553189
vt 0.887526 0.540897
vt 0.906121 0.523863
vt 0.869439 0.550383
vt 0.883274 0.539294
vt 0.897830 0.525728
vt 0.866791 0.547528
vt 0.879060 0.537073
vt 0.892924 0.525252
vt 0.875309 0.534802
vt 0.888573 0.522973
vt 0.015905 0.487396
vt 0.864443 0.544714
vt 0.861257 0.540965
vt 0.871200 0.531835
vt 0.884175 0.520446
vt 0.855093 0.556352
vt 0.856878 0.559770
vt 0.842990 0.568314
vt 0.858638 0.563184
vt 0.844272 0.571777
vt 0.826431 0.578098
vt 0.845392 0.575215
vt 0.826982 0.580879
vt 0.808219 0.584598
vt 0.827637 0.584136
vt 0.808492 0.587610
vt 0.790257 0.588463
vt 0.790256 0.585658
vt 0.808803 0.590980
vt 0.790258 0.591516
vt 0.153740 0.298913
vt 0.174928 0.298915
vt 0.174383 0.317948
vt 0.153206 0.317744
vt 0.173120 0.336798
vt 0.152079 0.336583
vt 0.150744 0.355513
vt 0.195673 0.318140
vt 0.196155 0.298917
vt 0.217515 0.298918
vt 0.904989 0.113058
vt 0.902854 0.108535
vt 0.906129 0.107439
vt 0.907326 0.112097
vt 0.900627 0.117275
vt 0.896424 0.112532
vt 0.892309 0.107111
vt 0.900194 0.102957
vt 0.892953 0.126148
vt 0.887535 0.121673
vt 0.881603 0.116386
vt 0.874442 0.109525
vt 0.887063 0.100020
vt 0.878565 0.133303
vt 0.871375 0.128048
vt 0.862218 0.120656
vt 0.850844 0.110461
vt 0.865376 0.100044
vt 0.861058 0.140858
vt 0.850175 0.132670
vt 0.836646 0.121579
vt 0.823281 0.108099
vt 0.838907 0.097609
vt 0.838574 0.145457
vt 0.823504 0.133497
vt 0.809088 0.119138
vt 0.796839 0.102792
vt 0.812163 0.092551
vt 0.811001 0.145621
vt 0.796242 0.130029
vt 0.783094 0.113276
vt 0.770196 0.094509
vt 0.785883 0.084801
vt 0.784107 0.140817
vt 0.771116 0.123623
vt 0.756597 0.104453
vt 0.741781 0.084618
vt 0.758779 0.074382
vt 0.760115 0.134132
vt 0.745305 0.114893
vt 0.726878 0.096734
vt 0.709575 0.082336
vt 0.729137 0.066949
vt 0.693545 0.103844
vt 0.676164 0.096515
vt 0.695283 0.070441
vt 0.684623 0.131124
vt 0.665298 0.128755
vt 0.647359 0.126416
vt 0.659564 0.089393
vt 0.685924 0.159835
vt 0.666499 0.162874
vt 0.648726 0.166149
vt 0.630324 0.169999
vt 0.627297 0.124199
vt 0.679720 0.194557
vt 0.664798 0.202628
vt 0.648942 0.212757
vt 0.692398 0.231124
vt 0.681882 0.245482
vt 0.640699 0.080055
vt 0.667914 0.045433
vt 0.681800 0.058778
vt 0.699867 0.022840
vt 0.709412 0.038628
vt 0.718875 0.052316
vt 0.737108 0.026549
vt 0.743529 0.041114
vt 0.750500 0.056266
vt 0.767569 0.033717
vt 0.772380 0.048490
vt 0.777958 0.065898
vt 0.794083 0.042280
vt 0.798021 0.058260
vt 0.803576 0.075530
vt 0.818236 0.051226
vt 0.822363 0.067041
vt 0.829098 0.082818
vt 0.841707 0.059144
vt 0.846872 0.073639
vt 0.855302 0.087741
vt 0.865117 0.065532
vt 0.871881 0.078902
vt 0.879872 0.090746
vt 0.887534 0.072834
vt 0.892034 0.085670
vt 0.896513 0.095815
vt 0.900262 0.083695
vt 0.902786 0.094114
vt 0.904688 0.101600
vt 0.907224 0.093470
vt 0.908158 0.101461
vt 0.908920 0.107239
vt 0.911492 0.101747
vt 0.911592 0.107763
vt 0.910761 0.112747
vt 0.908900 0.112069
vt 0.914723 0.108687
vt 0.912787 0.114708
vt 0.400638 0.298931
vt 0.401369 0.317974
vt 0.395679 0.318885
vt 0.395286 0.298931
vt 0.917773 0.118521
vt 0.914762 0.116398
vt 0.917639 0.109593
vt 0.921289 0.110844
vt 0.918764 0.103067
vt 0.923134 0.103903
vt 0.915017 0.102232
vt 0.915326 0.093944
vt 0.919769 0.094925
vt 0.911193 0.093490
vt 0.911613 0.082267
vt 0.916603 0.082810
vt 0.906597 0.082469
vt 0.907467 0.069471
vt 0.913619 0.069560
vt 0.899131 0.070227
vt 0.898445 0.055758
vt 0.910072 0.055141
vt 0.883034 0.059172
vt 0.880017 0.047693
vt 0.897542 0.044041
vt 0.861138 0.052635
vt 0.858865 0.040839
vt 0.878248 0.037744
vt 0.838562 0.045257
vt 0.836598 0.033408
vt 0.857635 0.030976
vt 0.815302 0.037247
vt 0.813404 0.025380
vt 0.835662 0.023841
vt 0.790919 0.028608
vt 0.788456 0.016243
vt 0.812630 0.015240
vt 0.763397 0.019649
vt 0.760857 0.006255
vt 0.787641 0.005088
vt 0.731685 0.010883
vt 0.812690 0.006018
vt 0.835756 0.007762
vt 0.835455 0.015508
vt 0.857133 0.009307
vt 0.856900 0.016047
vt 0.857030 0.023148
vt 0.876814 0.016426
vt 0.876914 0.022686
vt 0.877333 0.029568
vt 0.895083 0.022273
vt 0.895456 0.028461
vt 0.896219 0.035310
vt 0.912335 0.027626
vt 0.912520 0.034348
vt 0.911949 0.042868
vt 0.926120 0.035089
vt 0.923202 0.044268
vt 0.918378 0.056029
vt 0.930362 0.046469
vt 0.924461 0.057774
vt 0.919468 0.070452
vt 0.930627 0.060017
vt 0.925588 0.072326
vt 0.921654 0.084061
vt 0.931844 0.074772
vt 0.927115 0.085986
vt 0.924121 0.095912
vt 0.408565 0.354045
vt 0.415698 0.373565
vt 0.409705 0.376379
vt 0.403007 0.356047
vt 0.398701 0.337441
vt 0.403716 0.335492
vt 0.400376 0.381867
vt 0.384595 0.392064
vt 0.418506 0.396211
vt 0.426364 0.414770
vt 0.424551 0.391986
vt 0.435024 0.406804
vt 0.444152 0.416292
vt 0.431433 0.426728
vt 0.937446 0.062837
vt 0.935767 0.048899
vt 0.943082 0.053629
vt 0.935624 0.038415
vt 0.938824 0.031748
vt 0.926877 0.028446
vt 0.926848 0.022009
vt 0.940053 0.023906
vt 0.911880 0.021879
vt 0.911516 0.016154
vt 0.926433 0.015964
vt 0.894942 0.016443
vt 0.894884 0.010659
vt 0.911337 0.010516
vt 0.876914 0.010349
vt 0.833895 0.222821
vt 0.823565 0.211840
vt 0.838989 0.194482
vt 0.849138 0.202383
vt 0.813225 0.241338
vt 0.804513 0.227727
vt 0.795989 0.213585
vt 0.813792 0.199681
vt 0.788091 0.256371
vt 0.781831 0.239765
vt 0.776355 0.224551
vt 0.768074 0.207664
vt 0.785498 0.198277
vt 0.756150 0.247317
vt 0.757074 0.264348
vt 0.720977 0.262535
vt 0.725707 0.245686
vt 0.771174 0.180054
vt 0.786161 0.169592
vt 0.801528 0.185901
vt 0.754133 0.188420
vt 0.739875 0.169219
vt 0.757602 0.161225
vt 0.719050 0.176945
vt 0.697221 0.185929
vt 0.772008 0.151429
vt 0.798951 0.157804
vt 0.826969 0.158873
vt 0.815020 0.172379
vt 0.840281 0.169569
vt 0.828443 0.184690
vt 0.850995 0.177581
vt 0.850942 0.154749
vt 0.860783 0.161455
vt 0.868991 0.166264
vt 0.860254 0.183374
vt 0.869673 0.146718
vt 0.876905 0.150981
vt 0.926013 0.009960
vt 0.939376 0.009025
vt 0.939954 0.016169
vt 0.951703 0.007876
vt 0.952157 0.017051
vt 0.960038 0.006185
vt 0.960225 0.016922
vt 0.483991 0.440651
vt 0.483113 0.445669
vt 0.495211 0.443124
vt 0.495264 0.447961
vt 0.494839 0.452521
vt 0.482308 0.450323
vt 0.494329 0.457291
vt 0.493869 0.461695
vt 0.481142 0.460095
vt 0.481637 0.455359
vt 0.467179 0.459092
vt 0.467586 0.454030
vt 0.467867 0.448362
vt 0.451904 0.455238
vt 0.452033 0.449382
vt 0.436363 0.459985
vt 0.435682 0.454612
vt 0.435375 0.448394
vt 0.420203 0.464850
vt 0.418697 0.459390
vt 0.417777 0.454382
vt 0.435686 0.441358
vt 0.416555 0.448900
vt 0.434108 0.434699
vt 0.449913 0.422502
vt 0.400683 0.471846
vt 0.398593 0.467296
vt 0.384449 0.494056
vt 0.381163 0.490630
vt 0.362381 0.515234
vt 0.358003 0.512176
vt 0.353358 0.508996
vt 0.330379 0.526503
vt 0.327600 0.523249
vt 0.325031 0.520086
vt 0.349294 0.505750
vt 0.322123 0.516489
vt 0.344765 0.501839
vt 0.318208 0.512018
vt 0.338458 0.497314
vt 0.352516 0.477596
vt 0.355961 0.452292
vt 0.324915 0.487999
vt 0.334224 0.471251
vt 0.338068 0.450363
vt 0.315902 0.462443
vt 0.320652 0.444694
vt 0.324974 0.424487
vt 0.303990 0.438159
vt 0.309742 0.418461
vt 0.318062 0.395834
vt 0.332500 0.402545
vt 0.330007 0.371972
vt 0.346923 0.379020
vt 0.301887 0.390574
vt 0.293712 0.412818
vt 0.276991 0.408337
vt 0.287469 0.432425
vt 0.270534 0.427852
vt 0.253165 0.424517
vt 0.264518 0.445301
vt 0.247374 0.442589
vt 0.230115 0.440935
vt 0.241673 0.460651
vt 0.224908 0.459997
vt 0.207884 0.459364
vt 0.219903 0.480017
vt 0.202754 0.479875
vt 0.185335 0.477902
vt 0.198123 0.498973
vt 0.180446 0.495981
vt 0.162029 0.492015
vt 0.176443 0.509832
vt 0.158802 0.502170
vt 0.141574 0.494026
vt 0.155758 0.510517
vt 0.139076 0.501392
vt 0.122004 0.492120
vt 0.135668 0.508681
vt 0.119307 0.498510
vt 0.101316 0.488822
vt 0.116320 0.504418
vt 0.098750 0.494115
vt 0.079823 0.488450
vt 0.081578 0.483269
vt 0.062069 0.484721
vt 0.078362 0.492333
vt 0.060752 0.488408
vt 0.044135 0.489617
vt 0.044528 0.486001
vt 0.027389 0.494179
vt 0.027298 0.491461
vt 0.906429 0.534715
vt 0.908163 0.536658
vt 0.894280 0.549185
vt 0.892233 0.547321
vt 0.876849 0.560239
vt 0.863955 0.573577
vt 0.861838 0.570069
vt 0.846572 0.578848
vt 0.860214 0.566634
vt 0.848277 0.582013
vt 0.849888 0.586018
vt 0.830074 0.591383
vt 0.829123 0.587653
vt 0.809002 0.594419
vt 0.830878 0.596312
vt 0.809295 0.599074
vt 0.790260 0.599619
vt 0.790259 0.594861
vt 0.809810 0.607247
vt 0.790262 0.608433
vt 0.493738 0.466170
vt 0.493773 0.471324
vt 0.479872 0.470407
vt 0.480632 0.465067
vt 0.466038 0.469619
vt 0.466630 0.464184
vt 0.452434 0.471854
vt 0.452030 0.465828
vt 0.451909 0.460689
vt 0.438425 0.470692
vt 0.437298 0.465347
vt 0.426710 0.480991
vt 0.424022 0.474302
vt 0.421907 0.469348
vt 0.414350 0.491812
vt 0.409830 0.486856
vt 0.406226 0.482201
vt 0.396465 0.506972
vt 0.392495 0.502552
vt 0.388190 0.497915
vt 0.403267 0.477132
vt 0.370286 0.522156
vt 0.366517 0.518326
vt 0.342023 0.538414
vt 0.338913 0.534914
vt 0.334902 0.531132
vt 0.307978 0.548631
vt 0.305514 0.544779
vt 0.303366 0.539785
vt 0.275010 0.549278
vt 0.274116 0.545024
vt 0.301451 0.535855
vt 0.273336 0.539390
vt 0.299545 0.532194
vt 0.272813 0.534347
vt 0.297571 0.527294
vt 0.271530 0.529245
vt 0.295096 0.522461
vt 0.269960 0.523059
vt 0.291464 0.515685
vt 0.310986 0.503895
vt 0.308395 0.478242
vt 0.291155 0.469874
vt 0.298387 0.455067
vt 0.274468 0.464830
vt 0.281387 0.449411
vt 0.258222 0.462083
vt 0.252444 0.479037
vt 0.236502 0.479810
vt 0.249607 0.497594
vt 0.232870 0.499378
vt 0.215577 0.500270
vt 0.230630 0.516131
vt 0.212207 0.516321
vt 0.194421 0.514096
vt 0.210387 0.526360
vt 0.192034 0.524213
vt 0.173784 0.518793
vt 0.190575 0.532547
vt 0.172062 0.527296
vt 0.153282 0.518622
vt 0.170355 0.535926
vt 0.151404 0.526874
vt 0.132570 0.515910
vt 0.149824 0.534951
vt 0.130022 0.522666
vt 0.113515 0.510088
vt 0.127427 0.527996
vt 0.110972 0.514439
vt 0.094583 0.502947
vt 0.096764 0.498215
vt 0.076780 0.496636
vt 0.091875 0.508054
vt 0.074841 0.501345
vt 0.058032 0.498083
vt 0.059545 0.492705
vt 0.042760 0.498853
vt 0.043648 0.493750
vt 0.026475 0.500992
vt 0.027127 0.497175
vt 0.909897 0.538944
vt 0.912216 0.541809
vt 0.899120 0.553296
vt 0.896687 0.550956
vt 0.887617 0.566128
vt 0.901718 0.556594
vt 0.890696 0.567974
vt 0.884082 0.581148
vt 0.880088 0.580611
vt 0.880321 0.594625
vt 0.876028 0.594774
vt 0.878165 0.609922
vt 0.873380 0.609771
vt 0.867107 0.609446
vt 0.873221 0.626230
vt 0.867353 0.626509
vt 0.859514 0.627163
vt 0.859286 0.609710
vt 0.848451 0.628394
vt 0.848683 0.611277
vt 0.849749 0.599643
vt 0.830986 0.614939
vt 0.830960 0.604062
vt 0.850283 0.591030
vt 0.810310 0.618677
vt 0.830560 0.630725
vt 0.810484 0.632606
vt 0.790268 0.633296
vt 0.790264 0.619647
vt 0.829973 0.647907
vt 0.810324 0.649201
vt 0.790272 0.649550
vt 0.809976 0.666156
vt 0.790275 0.666470
vt 0.790286 0.719550
vt 0.809550 0.719363
vt 0.809751 0.738103
vt 0.790290 0.738132
vt 0.790283 0.701427
vt 0.809531 0.701094
vt 0.828254 0.700026
vt 0.828209 0.718391
vt 0.790279 0.683756
vt 0.809680 0.683435
vt 0.828623 0.682267
vt 0.846749 0.680331
vt 0.846264 0.698038
vt 0.829249 0.665066
vt 0.847431 0.663286
vt 0.862906 0.661160
vt 0.863619 0.677449
vt 0.848057 0.646178
vt 0.861498 0.644746
vt 0.871204 0.643456
vt 0.876862 0.642517
vt 0.881026 0.641680
vt 0.878089 0.626019
vt 0.882487 0.625815
vt 0.884905 0.640677
vt 0.882800 0.610220
vt 0.822390 0.283099
vt 0.834421 0.294171
vt 0.831096 0.297559
vt 0.818800 0.286347
vt 0.808419 0.273614
vt 0.812099 0.270986
vt 0.884760 0.595034
vt 0.814067 0.289598
vt 0.804586 0.276021
vt 0.796597 0.263118
vt 0.800511 0.260857
vt 0.804008 0.258826
vt 0.799283 0.555010
vt 0.795454 0.552646
vt 0.801929 0.541759
vt 0.806292 0.544577
vt 0.809493 0.546628
vt 0.802735 0.557113
vt 0.814213 0.534287
vt 0.817242 0.536839
vt 0.890262 0.653201
vt 0.899037 0.664115
vt 0.825463 0.521948
vt 0.829412 0.525202
vt 0.914819 0.672907
vt 0.838840 0.510675
vt 0.842856 0.514721
vt 0.931554 0.674880
vt 0.932281 0.680718
vt 0.950263 0.678445
vt 0.952467 0.685180
vt 0.933227 0.687221
vt 0.948533 0.672341
vt 0.858271 0.504441
vt 0.853400 0.499404
vt 0.863892 0.486893
vt 0.872292 0.493656
vt 0.963491 0.666037
vt 0.965950 0.672801
vt 0.153342 0.582471
vt 0.146256 0.584153
vt 0.139479 0.571078
vt 0.161362 0.582038
vt 0.969120 0.679679
vt 0.170084 0.583048
vt 0.971232 0.687107
vt 0.954522 0.692347
vt 0.973179 0.697461
vt 0.956986 0.701278
vt 0.936399 0.704667
vt 0.934402 0.694310
vt 0.915905 0.707073
vt 0.914557 0.692790
vt 0.897455 0.708411
vt 0.895538 0.690432
vt 0.880912 0.710659
vt 0.880323 0.692358
vt 0.863727 0.713737
vt 0.863680 0.695297
vt 0.846142 0.716475
vt 0.864650 0.732453
vt 0.846679 0.735671
vt 0.828644 0.737485
vt 0.848763 0.754731
vt 0.829969 0.756510
vt 0.810328 0.756867
vt 0.810940 0.774729
vt 0.790298 0.774442
vt 0.790294 0.756634
vt 0.811206 0.791658
vt 0.790301 0.791235
vt 0.790308 0.825471
vt 0.790304 0.807899
vt 0.810663 0.808340
vt 0.809642 0.825861
vt 0.809207 0.843825
vt 0.790311 0.843744
vt 0.827668 0.826586
vt 0.825699 0.844041
vt 0.824716 0.861704
vt 0.809308 0.861917
vt 0.790314 0.861997
vt 0.809537 0.880108
vt 0.790318 0.880104
vt 0.790335 0.983353
vt 0.790333 0.971960
vt 0.807086 0.973195
vt 0.806013 0.984667
vt 0.804976 0.990478
vt 0.790336 0.989387
vt 0.823664 0.974416
vt 0.821777 0.986729
vt 0.820076 0.992919
vt 0.837520 0.972789
vt 0.836846 0.986953
vt 0.835337 0.994332
vt 0.848200 0.968936
vt 0.849206 0.984171
vt 0.849273 0.993807
vt 0.860897 0.979273
vt 0.862963 0.988120
vt 0.440594 0.477174
vt 0.430822 0.488507
vt 0.856789 0.964655
vt 0.863953 0.959526
vt 0.857538 0.943606
vt 0.862930 0.940935
vt 0.869781 0.955294
vt 0.851637 0.946810
vt 0.847905 0.929596
vt 0.853561 0.927473
vt 0.844550 0.950460
vt 0.841651 0.932260
vt 0.840312 0.913899
vt 0.846401 0.912125
vt 0.836037 0.953766
vt 0.834188 0.934830
vt 0.833618 0.915571
vt 0.833456 0.896963
vt 0.840490 0.895768
vt 0.825146 0.936260
vt 0.825326 0.916651
vt 0.824648 0.897994
vt 0.824300 0.879692
vt 0.833613 0.879074
vt 0.809911 0.916905
vt 0.809745 0.898465
vt 0.790324 0.916473
vt 0.790321 0.898301
vt 0.790330 0.953757
vt 0.790327 0.934769
vt 0.809402 0.935711
vt 0.808057 0.954955
vt 0.824527 0.955676
vt 0.835106 0.861532
vt 0.842509 0.861322
vt 0.840899 0.878353
vt 0.847846 0.861183
vt 0.846598 0.877713
vt 0.846278 0.894673
vt 0.851418 0.877177
vt 0.851527 0.893722
vt 0.852079 0.910721
vt 0.855729 0.893199
vt 0.856832 0.909802
vt 0.858714 0.925930
vt 0.931509 0.458708
vt 0.932342 0.444210
vt 0.937079 0.443936
vt 0.936386 0.458752
vt 0.934560 0.472700
vt 0.928965 0.472078
vt 0.941739 0.458754
vt 0.940254 0.472868
vt 0.938491 0.486975
vt 0.931903 0.486603
vt 0.925267 0.485732
vt 0.938389 0.500476
vt 0.945965 0.486716
vt 0.947339 0.500458
vt 0.952775 0.517304
vt 0.944059 0.516893
vt 0.945323 0.112706
vt 0.953004 0.117460
vt 0.949265 0.140649
vt 0.941392 0.137129
vt 0.937355 0.134182
vt 0.940003 0.107297
vt 0.931374 0.160473
vt 0.924561 0.157629
vt 0.920245 0.155241
vt 0.933194 0.130539
vt 0.934462 0.099402
vt 0.373807 0.531883
vt 0.345756 0.548170
vt 0.344698 0.546384
vt 0.374159 0.530277
vt 0.344368 0.544345
vt 0.373708 0.528825
vt 0.400313 0.511417
vt 0.372812 0.526124
vt 0.343584 0.541810
vt 0.312773 0.556735
vt 0.311551 0.553857
vt 0.310022 0.551219
vt 0.280857 0.564744
vt 0.283613 0.567790
vt 0.263911 0.583778
vt 0.259232 0.581665
vt 0.994422 0.756826
vt 0.993859 0.761548
vt 0.971645 0.759205
vt 0.971200 0.752902
vt 0.950130 0.760115
vt 0.948682 0.754775
vt 0.947504 0.750270
vt 0.929133 0.759069
vt 0.927324 0.754378
vt 0.924922 0.748026
vt 0.946321 0.744351
vt 0.921954 0.738801
vt 0.943733 0.735405
vt 0.918666 0.723680
vt 0.939987 0.720078
vt 0.960905 0.716413
vt 0.977202 0.713825
vt 0.201798 0.586654
vt 0.203633 0.575863
vt 0.182150 0.584835
vt 0.183183 0.573959
vt 0.184209 0.565480
vt 0.204658 0.567746
vt 0.225680 0.566847
vt 0.185535 0.557585
vt 0.205616 0.559678
vt 0.226223 0.558310
vt 0.248225 0.551783
vt 0.248209 0.559529
vt 0.206669 0.551467
vt 0.226716 0.549598
vt 0.248510 0.544223
vt 0.227518 0.541626
vt 0.248716 0.538036
vt 0.228173 0.534152
vt 0.248729 0.532013
vt 0.229074 0.526564
vt 0.248928 0.525717
vt 0.249114 0.514865
vt 0.209166 0.534718
vt 0.207799 0.543183
vt 0.188688 0.541155
vt 0.187042 0.549342
vt 0.168985 0.544593
vt 0.903082 0.742841
vt 0.899800 0.726181
vt 0.885337 0.746546
vt 0.882395 0.728951
vt 0.867456 0.750790
vt 0.889600 0.761099
vt 0.906863 0.754588
vt 0.909633 0.761417
vt 0.893142 0.769638
vt 0.911873 0.766306
vt 0.896250 0.775488
vt 0.914217 0.771077
vt 0.898709 0.779778
vt 0.883516 0.790447
vt 0.901228 0.784263
vt 0.886463 0.794563
vt 0.874171 0.805633
vt 0.870081 0.802453
vt 0.865634 0.816944
vt 0.861120 0.815181
vt 0.859345 0.830485
vt 0.855051 0.829538
vt 0.850305 0.828824
vt 0.850640 0.844964
vt 0.845672 0.844701
vt 0.837979 0.844366
vt 0.841697 0.827764
vt 0.855166 0.845361
vt 0.852531 0.861221
vt 0.859309 0.845877
vt 0.856969 0.861348
vt 0.855774 0.876950
vt 0.929403 0.414179
vt 0.924985 0.400250
vt 0.929352 0.398324
vt 0.934058 0.412905
vt 0.936584 0.428349
vt 0.931804 0.429018
vt 0.939012 0.411581
vt 0.941743 0.427630
vt 0.942413 0.443683
vt 0.947307 0.426823
vt 0.947945 0.443420
vt 0.947158 0.458742
vt 0.955006 0.443122
vt 0.954545 0.458520
vt 0.955401 0.472039
vt 0.946185 0.472755
vt 0.957413 0.485387
vt 0.968150 0.470347
vt 0.971552 0.482948
vt 0.975841 0.497531
vt 0.960851 0.499323
vt 0.980747 0.515079
vt 0.966036 0.516668
vt 0.965937 0.122845
vt 0.980476 0.127641
vt 0.978249 0.147484
vt 0.962534 0.144870
vt 0.977321 0.168350
vt 0.959899 0.167735
vt 0.943612 0.164676
vt 0.957671 0.189543
vt 0.938606 0.187174
vt 0.921819 0.183426
vt 0.934597 0.206993
vt 0.915621 0.204321
vt 0.899223 0.201104
vt 0.909440 0.179833
vt 0.887224 0.198588
vt 0.901795 0.177218
vt 0.317603 0.561564
vt 0.294886 0.575925
vt 0.287922 0.571381
vt 0.314498 0.558694
vt 0.278828 0.591681
vt 0.269944 0.587272
vt 0.992940 0.768188
vt 0.992421 0.778127
vt 0.972555 0.773797
vt 0.972152 0.765292
vt 0.952808 0.773589
vt 0.951418 0.765736
vt 0.934829 0.776537
vt 0.932912 0.769759
vt 0.931106 0.764275
vt 0.916349 0.775978
vt 0.918838 0.781948
vt 0.903924 0.789360
vt 0.888044 0.318637
vt 0.882973 0.300982
vt 0.893118 0.299000
vt 0.896307 0.316846
vt 0.900341 0.333945
vt 0.893546 0.336108
vt 0.889704 0.798979
vt 0.905605 0.348394
vt 0.899817 0.350753
vt 0.878035 0.809004
vt 0.910791 0.360456
vt 0.905807 0.362701
vt 0.869795 0.819299
vt 0.916026 0.372430
vt 0.912108 0.374564
vt 0.863462 0.831553
vt 0.922728 0.384834
vt 0.918849 0.386975
vt 0.922676 0.369610
vt 0.928176 0.382320
vt 0.934336 0.396343
vt 0.936387 0.379486
vt 0.940710 0.394113
vt 0.944841 0.410035
vt 0.951778 0.391511
vt 0.954241 0.408039
vt 0.955446 0.425810
vt 0.966695 0.406964
vt 0.966264 0.424989
vt 0.965963 0.442498
vt 0.975091 0.424715
vt 0.976212 0.441845
vt 0.977746 0.456517
vt 0.966412 0.457672
vt 0.979386 0.468489
vt 0.367155 0.957215
vt 0.357213 0.968086
vt 0.352644 0.962556
vt 0.360610 0.953122
vt 0.365436 0.940887
vt 0.372522 0.942680
vt 0.982294 0.480738
vt 0.366333 0.924984
vt 0.373801 0.924697
vt 0.986796 0.495235
vt 0.362036 0.907545
vt 0.369918 0.904286
vt 0.992988 0.511856
vt 0.352456 0.891572
vt 0.360309 0.884337
vt 0.993179 0.129421
vt 0.992953 0.147976
vt 0.337942 0.877826
vt 0.343229 0.868162
vt 0.992914 0.167923
vt 0.348665 0.895672
vt 0.334751 0.884190
vt 0.318017 0.877054
vt 0.332800 0.889350
vt 0.316857 0.884523
vt 0.300977 0.884268
vt 0.301612 0.876517
vt 0.288790 0.884721
vt 0.289908 0.878851
vt 0.299552 0.891450
vt 0.315991 0.891358
vt 0.314718 0.898231
vt 0.312401 0.906251
vt 0.330954 0.895410
vt 0.341821 0.903489
vt 0.345670 0.899461
vt 0.352782 0.912721
vt 0.348410 0.915021
vt 0.357492 0.910155
vt 0.361405 0.925561
vt 0.356743 0.926394
vt 0.357569 0.939515
vt 0.351874 0.927211
vt 0.361219 0.940014
vt 0.356924 0.950918
vt 0.354152 0.949349
vt 0.347229 0.955961
vt 0.349820 0.959219
vt 0.337865 0.965873
vt 0.335833 0.961172
vt 0.340076 0.970818
vt 0.323966 0.977198
vt 0.322304 0.971057
vt 0.343082 0.976985
vt 0.326126 0.984188
vt 0.305924 0.974802
vt 0.304862 0.968676
vt 0.320910 0.965432
vt 0.306999 0.981343
vt 0.289871 0.983451
vt 0.289958 0.977181
vt 0.308242 0.988552
vt 0.289881 0.990508
vt 0.274492 0.991228
vt 0.275400 0.983979
vt 0.977265 0.390114
vt 0.975528 0.407255
vt 0.966671 0.389885
vt 0.965574 0.376237
vt 0.978512 0.376691
vt 0.964680 0.366092
vt 0.978608 0.367094
vt 0.949478 0.377279
vt 0.948201 0.365417
vt 0.948024 0.355438
vt 0.965103 0.357281
vt 0.933731 0.366970
vt 0.932340 0.356112
vt 0.931726 0.343691
vt 0.948944 0.344534
vt 0.918835 0.358148
vt 0.915595 0.345472
vt 0.913212 0.331089
vt 0.931434 0.329644
vt 0.930885 0.312851
vt 0.950239 0.312661
vt 0.949856 0.330299
vt 0.911604 0.314277
vt 0.910519 0.296614
vt 0.930118 0.294919
vt 0.929157 0.277097
vt 0.949816 0.276315
vt 0.950131 0.294144
vt 0.909208 0.278572
vt 0.908471 0.260095
vt 0.928574 0.259443
vt 0.890966 0.280652
vt 0.889507 0.261180
vt 0.889863 0.241262
vt 0.908622 0.241534
vt 0.878544 0.282775
vt 0.875124 0.262952
vt 0.874111 0.241567
vt 0.911081 0.223293
vt 0.931110 0.225108
vt 0.929096 0.242163
vt 0.892579 0.221486
vt 0.878064 0.220528
vt 0.951876 0.226568
vt 0.950358 0.242650
vt 0.949925 0.259131
vt 0.971144 0.242624
vt 0.970518 0.258899
vt 0.969973 0.276315
vt 0.988662 0.258806
vt 0.987319 0.276679
vt 0.986129 0.293980
vt 0.969157 0.294197
vt 0.989974 0.242295
vt 0.954435 0.209112
vt 0.979220 0.359588
vt 0.251962 0.987001
vt 0.255828 0.980635
vt 0.264034 0.983613
vt 0.262166 0.990668
vt 0.276203 0.978586
vt 0.276187 0.972804
vt 0.289372 0.970942
vt 0.275263 0.965327
vt 0.288265 0.963367
vt 0.303346 0.961487
vt 0.286387 0.954182
vt 0.301380 0.952988
vt 0.316721 0.950726
vt 0.319177 0.958900
vt 0.330779 0.948512
vt 0.333455 0.955672
vt 0.313890 0.941310
vt 0.328213 0.939723
vt 0.311669 0.928416
vt 0.325809 0.928595
vt 0.338008 0.928465
vt 0.345994 0.927813
vt 0.311351 0.915472
vt 0.294894 0.915637
vt 0.296111 0.927760
vt 0.280446 0.928110
vt 0.278381 0.917177
vt 0.298834 0.942183
vt 0.283884 0.942073
vt 0.270791 0.941523
vt 0.273318 0.954698
vt 0.262906 0.955586
vt 0.260299 0.942268
vt 0.255992 0.957251
vt 0.249054 0.959109
vt 0.882078 0.481492
vt 0.867881 0.473933
vt 0.869477 0.458147
vt 0.886882 0.463985
vt 0.125636 0.559173
vt 0.870719 0.440688
vt 0.889026 0.443918
vt 0.109476 0.548280
vt 0.118483 0.538069
vt 0.093277 0.539750
vt 0.101895 0.526917
vt 0.107411 0.518978
vt 0.126346 0.534487
vt 0.086370 0.517494
vt 0.077696 0.532830
vt 0.062613 0.526737
vt 0.070495 0.510970
vt 0.048699 0.522077
vt 0.054981 0.507274
vt 0.035988 0.518089
vt 0.040644 0.506734
vt 0.021013 0.514680
vt 0.024666 0.506516
vt 0.914813 0.546610
vt 0.918221 0.554641
vt 0.904500 0.562039
vt 0.864280 0.329937
vt 0.873595 0.344812
vt 0.861277 0.347249
vt 0.854961 0.332833
vt 0.848083 0.320007
vt 0.854405 0.316689
vt 0.894461 0.571090
vt 0.840206 0.308358
vt 0.844614 0.304660
vt 0.888381 0.582488
vt 0.837598 0.324373
vt 0.832640 0.313179
vt 0.824582 0.301778
vt 0.820253 0.318472
vt 0.816188 0.306291
vt 0.808347 0.292906
vt 0.800694 0.312145
vt 0.796637 0.298064
vt 0.788460 0.284097
vt 0.798919 0.279203
vt 0.779920 0.272990
vt 0.790220 0.266950
vt 0.789184 0.548707
vt 0.779198 0.542176
vt 0.783774 0.531355
vt 0.795076 0.537591
vt 0.788498 0.519926
vt 0.801426 0.526300
vt 0.809256 0.530948
vt 0.810491 0.512947
vt 0.820101 0.518360
vt 0.819228 0.499149
vt 0.832261 0.505871
vt 0.824135 0.487165
vt 0.842755 0.493090
vt 0.826810 0.476122
vt 0.846341 0.481168
vt 0.828794 0.464938
vt 0.848251 0.468731
vt 0.830335 0.452027
vt 0.849851 0.454460
vt 0.831252 0.437236
vt 0.851001 0.438598
vt 0.831805 0.421347
vt 0.851390 0.421981
vt 0.871293 0.422877
vt 0.850889 0.405691
vt 0.870694 0.405701
vt 0.890511 0.406547
vt 0.890065 0.424711
vt 0.849471 0.390283
vt 0.869002 0.389440
vt 0.889130 0.389212
vt 0.847644 0.376148
vt 0.866480 0.374883
vt 0.886023 0.373566
vt 0.845884 0.362475
vt 0.864042 0.361572
vt 0.881494 0.359609
vt 0.844220 0.348947
vt 0.827660 0.364914
vt 0.825994 0.351938
vt 0.824391 0.340019
vt 0.841627 0.335994
vt 0.822515 0.329340
vt 0.805866 0.344571
vt 0.804430 0.334239
vt 0.802731 0.323513
vt 0.787124 0.338327
vt 0.771461 0.341953
vt 0.441651 0.199117
vt 0.807547 0.356157
vt 0.809218 0.368533
vt 0.811049 0.381002
vt 0.793552 0.383929
vt 0.829218 0.378168
vt 0.830585 0.391498
vt 0.812153 0.393178
vt 0.812741 0.405862
vt 0.794115 0.405726
vt 0.794424 0.394778
vt 0.831556 0.405855
vt 0.812252 0.420548
vt 0.811613 0.436097
vt 0.791983 0.433943
vt 0.793172 0.419305
vt 0.773418 0.430057
vt 0.775172 0.416547
vt 0.776827 0.404698
vt 0.507846 0.201451
vt 0.513595 0.213472
vt 0.502684 0.216825
vt 0.500518 0.192846
vt 0.778469 0.395172
vt 0.778216 0.386128
vt 0.494680 0.218717
vt 0.486655 0.219725
vt 0.477517 0.220914
vt 0.478592 0.213432
vt 0.469375 0.215024
vt 0.467765 0.222641
vt 0.458919 0.224471
vt 0.460348 0.217311
vt 0.465981 0.232102
vt 0.457787 0.233280
vt 0.451947 0.224860
vt 0.465352 0.239870
vt 0.458172 0.240477
vt 0.465538 0.246025
vt 0.474186 0.252516
vt 0.465395 0.252489
vt 0.474962 0.258935
vt 0.464375 0.258886
vt 0.475737 0.267448
vt 0.462246 0.267047
vt 0.452065 0.264003
vt 0.444969 0.259465
vt 0.458473 0.279212
vt 0.446136 0.274925
vt 0.436216 0.267703
vt 0.752677 0.524740
vt 0.755390 0.516223
vt 0.769704 0.523135
vt 0.765780 0.533069
vt 0.753491 0.290265
vt 0.766316 0.281616
vt 0.773287 0.291355
vt 0.758553 0.298689
vt 0.779004 0.303655
vt 0.761452 0.310434
vt 0.757329 0.506671
vt 0.772670 0.512478
vt 0.760439 0.493736
vt 0.777617 0.499340
vt 0.794991 0.506038
vt 0.782052 0.486255
vt 0.800644 0.492450
vt 0.785053 0.475537
vt 0.804291 0.481147
vt 0.787503 0.465758
vt 0.806997 0.470648
vt 0.789225 0.456332
vt 0.808883 0.460738
vt 0.790619 0.446223
vt 0.810481 0.449625
vt 0.771922 0.452421
vt 0.772918 0.441900
vt 0.769930 0.461563
vt 0.515688 0.266086
vt 0.506018 0.274035
vt 0.498140 0.261445
vt 0.504278 0.256324
vt 0.767607 0.470596
vt 0.488630 0.264371
vt 0.485304 0.256051
vt 0.492934 0.279707
vt 0.475523 0.281195
vt 0.764321 0.480746
vt 0.482882 0.250370
vt 0.454119 0.217834
vt 0.461093 0.211731
vt 0.884857 0.137454
vt 0.389435 0.298930
vt 0.377101 0.298929
vt 0.556982 0.374452
vt 0.562243 0.374452
vt 0.562106 0.398188
vt 0.556731 0.397375
vt 0.790254 0.571086
vt 0.571097 0.374451
vt 0.570723 0.399041
vt 0.569745 0.423791
vt 0.582319 0.399259
vt 0.583560 0.423804
vt 0.585437 0.447073
vt 0.600651 0.422030
vt 0.605701 0.443789
vt 0.612885 0.463336
vt 0.624725 0.438282
vt 0.634261 0.455379
vt 0.645651 0.469645
vt 0.622574 0.480189
vt 0.652293 0.446073
vt 0.663515 0.457299
vt 0.668510 0.435606
vt 0.678607 0.444547
vt 0.686694 0.450824
vt 0.692197 0.431972
vt 0.698171 0.436252
vt 0.703844 0.417877
vt 0.708321 0.420736
vt 0.711987 0.422914
vt 0.716425 0.403453
vt 0.720228 0.404937
vt 0.723850 0.406655
vt 0.722928 0.387015
vt 0.727399 0.387895
vt 0.732923 0.389865
vt 0.727332 0.408777
vt 0.728061 0.374432
vt 0.734543 0.374432
vt 0.233552 0.761959
vt 0.243854 0.760319
vt 0.243854 0.766827
vt 0.582027 0.374449
vt 0.596695 0.374448
vt 0.597516 0.398551
vt 0.612429 0.374446
vt 0.613777 0.396956
vt 0.617838 0.418502
vt 0.630017 0.394660
vt 0.634677 0.413984
vt 0.642173 0.431395
vt 0.650959 0.408839
vt 0.658569 0.423779
vt 0.666872 0.403331
vt 0.674218 0.415850
vt 0.683416 0.425072
vt 0.697161 0.413122
vt 0.707176 0.398587
vt 0.712311 0.401408
vt 0.711067 0.384975
vt 0.715007 0.386005
vt 0.719003 0.386591
vt 0.715452 0.374434
vt 0.719497 0.374433
vt 0.723341 0.374433
vt 0.628393 0.374444
vt 0.644503 0.374442
vt 0.646215 0.391989
vt 0.660822 0.374440
vt 0.662312 0.389037
vt 0.677260 0.374438
vt 0.694102 0.374436
vt 0.706328 0.374435
vt 0.711436 0.374434
vt 0.256275 0.915033
vt 0.265198 0.892666
vt 0.272121 0.887798
vt 0.171165 0.810838
vt 0.164176 0.808670
vt 0.165687 0.801413
vt 0.174935 0.806832
vt 0.181065 0.816750
vt 0.174007 0.819299
vt 0.165655 0.820354
vt 0.137810 0.796922
vt 0.144663 0.797238
vt 0.144497 0.805127
vt 0.136082 0.802999
vt 0.135242 0.793513
vt 0.144090 0.791766
vt 0.130617 0.800376
vt 0.424823 0.521125
vt 0.438357 0.517806
vt 0.440697 0.524845
vt 0.431284 0.529150
vt 0.425988 0.534189
vt 0.420080 0.527769
vt 0.455269 0.168224
vt 0.453139 0.156197
vt 0.468235 0.155516
vt 0.470129 0.162195
vt 0.333159 0.747069
vt 0.318181 0.742697
vt 0.324599 0.726733
vt 0.342658 0.739152
vt 0.355441 0.761102
vt 0.335000 0.768516
vt 0.312372 0.766617
vt 0.250826 0.740573
vt 0.253840 0.725077
vt 0.272086 0.740226
vt 0.262270 0.759275
vt 0.249156 0.772229
vt 0.236957 0.744569
vt 0.236813 0.720276
vt 0.276692 0.104689
vt 0.264712 0.103280
vt 0.267402 0.086838
vt 0.284685 0.093373
vt 0.298316 0.105101
vt 0.282668 0.114809
vt 0.267810 0.118478
vt 0.353571 0.182270
vt 0.344107 0.187662
vt 0.339236 0.168269
vt 0.354533 0.167160
vt 0.366450 0.192526
vt 0.358257 0.207529
vt 0.373183 0.172535
vt 0.391893 0.149120
vt 0.372272 0.115018
vt 0.376784 0.110975
vt 0.396475 0.136623
vt 0.373648 0.146888
vt 0.364814 0.118132
vt 0.390216 0.181140
vt 0.411967 0.169049
vt 0.406435 0.192976
vt 0.414972 0.156008
vt 0.407666 0.079340
vt 0.422588 0.095506
vt 0.418102 0.100194
vt 0.403629 0.083324
vt 0.071659 0.952712
vt 0.062839 0.956202
vt 0.068739 0.940823
vt 0.076212 0.939090
vt 0.688554 0.971754
vt 0.701923 0.965543
vt 0.709798 0.972313
vt 0.705925 0.980195
vt 0.382711 0.253259
vt 0.378326 0.229342
vt 0.394431 0.237834
vt 0.391462 0.257811
vt 0.375447 0.271543
vt 0.389800 0.277662
vt 0.365666 0.244408
vt 0.202468 0.865998
vt 0.200245 0.868170
vt 0.198675 0.864226
vt 0.202888 0.863072
vt 0.204241 0.866941
vt 0.202177 0.870434
vt 0.205914 0.863584
vt 0.208760 0.864964
vt 0.206913 0.868395
vt 0.209648 0.857050
vt 0.213918 0.861914
vt 0.213985 0.870602
vt 0.205066 0.872331
vt 0.208141 0.880213
vt 0.200200 0.877266
vt 0.228325 0.872982
vt 0.220472 0.888482
vt 0.207467 0.902793
vt 0.199667 0.893143
vt 0.195326 0.886876
vt 0.228252 0.851129
vt 0.215404 0.845376
vt 0.214151 0.825891
vt 0.224305 0.824453
vt 0.005124 0.653865
vt 0.006827 0.630542
vt 0.023110 0.631451
vt 0.025787 0.652138
vt 0.027871 0.668384
vt 0.008469 0.669697
vt 0.181618 0.895710
vt 0.176203 0.897447
vt 0.177295 0.895087
vt 0.180048 0.892074
vt 0.184622 0.887775
vt 0.186740 0.897609
vt 0.174933 0.901660
vt 0.174950 0.893091
vt 0.176686 0.889970
vt 0.172604 0.894609
vt 0.187011 0.904531
vt 0.171047 0.908673
vt 0.181496 0.867298
vt 0.174247 0.867351
vt 0.176740 0.850286
vt 0.183794 0.848512
vt 0.191500 0.860672
vt 0.192443 0.867766
vt 0.185510 0.874518
vt 0.180531 0.883152
vt 0.176726 0.881512
vt 0.171063 0.880438
vt 0.172684 0.889260
vt 0.158060 0.889466
vt 0.154171 0.879302
vt 0.163698 0.879923
vt 0.162893 0.889630
vt 0.156487 0.901177
vt 0.164734 0.899017
vt 0.151483 0.890511
vt 0.168617 0.896775
vt 0.153496 0.910348
vt 0.190649 0.915243
vt 0.170242 0.921348
vt 0.148160 0.921343
vt 0.140307 0.902234
vt 0.139895 0.899061
vt 0.145163 0.896066
vt 0.145675 0.901374
vt 0.134742 0.904062
vt 0.134127 0.898229
vt 0.140331 0.907860
vt 0.137162 0.892208
vt 0.126483 0.915420
vt 0.106441 0.902559
vt 0.110089 0.896720
vt 0.123501 0.903175
vt 0.014549 0.773120
vt 0.014378 0.754230
vt 0.031281 0.754535
vt 0.032083 0.773195
vt 0.033285 0.788266
vt 0.017995 0.790554
vt 0.109207 0.884596
vt 0.105900 0.886228
vt 0.104394 0.880104
vt 0.108825 0.879651
vt 0.116306 0.880587
vt 0.115186 0.886974
vt 0.113215 0.892291
vt 0.247088 0.017224
vt 0.275654 0.036428
vt 0.274256 0.041733
vt 0.247008 0.029511
vt 0.253498 0.017541
vt 0.277736 0.035579
vt 0.587495 0.746741
vt 0.611075 0.743239
vt 0.609860 0.748491
vt 0.586224 0.751792
vt 0.596803 0.731260
vt 0.614499 0.732637
vt 0.226103 0.022714
vt 0.224297 0.012086
vt 0.724828 0.792331
vt 0.733386 0.811790
vt 0.723996 0.813953
vt 0.714359 0.799768
vt 0.747976 0.792456
vt 0.749814 0.809267
vt 0.699587 0.786559
vt 0.703551 0.780114
vt 0.708590 0.767347
vt 0.728313 0.773223
vt 0.748806 0.774966
vt 0.452750 0.319024
vt 0.451007 0.322403
vt 0.446549 0.319465
vt 0.449941 0.315585
vt 0.455582 0.319053
vt 0.454759 0.323369
vt 0.453736 0.313400
vt 0.461632 0.305410
vt 0.449685 0.304530
vt 0.443494 0.290623
vt 0.456290 0.289664
vt 0.457883 0.312996
vt 0.465619 0.317147
vt 0.459009 0.318671
vt 0.471325 0.306619
vt 0.472554 0.316492
vt 0.471053 0.292361
vt 0.458730 0.323357
vt 0.463151 0.327620
vt 0.454534 0.329960
vt 0.491284 0.320916
vt 0.491418 0.325273
vt 0.485617 0.325480
vt 0.486878 0.319544
vt 0.490289 0.314256
vt 0.495805 0.318054
vt 0.498332 0.323272
vt 0.460360 0.337556
vt 0.453189 0.338282
vt 0.471383 0.325819
vt 0.468951 0.336103
vt 0.498415 0.329655
vt 0.491502 0.332155
vt 0.496926 0.343361
vt 0.490434 0.342487
vt 0.510197 0.320766
vt 0.510628 0.331989
vt 0.150533 0.043570
vt 0.159031 0.029389
vt 0.169135 0.026855
vt 0.167853 0.036292
vt 0.137615 0.043401
vt 0.149318 0.029584
vt 0.167884 0.044489
vt 0.148660 0.054435
vt 0.591394 0.257415
vt 0.565853 0.260108
vt 0.558751 0.242380
vt 0.576475 0.237384
vt 0.594967 0.228262
vt 0.613166 0.242858
vt 0.588235 0.280154
vt 0.567634 0.279568
vt 0.686991 0.672508
vt 0.696127 0.657095
vt 0.704093 0.658811
vt 0.701207 0.673801
vt 0.666701 0.683033
vt 0.666412 0.677905
vt 0.684030 0.667232
vt 0.693322 0.655187
vt 0.028163 0.117201
vt 0.037508 0.134029
vt 0.029111 0.131385
vt 0.020771 0.112706
vt 0.027258 0.112750
vt 0.045748 0.122406
vt 0.047354 0.127876
vt 0.051635 0.138061
vt 0.712166 0.581983
vt 0.704352 0.580864
vt 0.695783 0.565241
vt 0.699457 0.564569
vt 0.718112 0.595880
vt 0.710294 0.594839
vt 0.701741 0.562434
vt 0.714076 0.577028
vt 0.507651 0.348139
vt 0.497261 0.353291
vt 0.491902 0.351958
vt 0.505302 0.361766
vt 0.494905 0.358712
vt 0.576395 0.895737
vt 0.578060 0.877935
vt 0.589409 0.879098
vt 0.587937 0.895313
vt 0.561743 0.892037
vt 0.565708 0.876122
vt 0.489385 0.356769
vt 0.483766 0.367045
vt 0.488195 0.365227
vt 0.490375 0.374906
vt 0.477809 0.376477
vt 0.482028 0.362323
vt 0.486217 0.360440
vt 0.474380 0.366473
vt 0.489051 0.359773
vt 0.492192 0.362768
vt 0.485848 0.356970
vt 0.454171 0.365402
vt 0.459387 0.371062
vt 0.446484 0.371642
vt 0.449661 0.363954
vt 0.452850 0.359435
vt 0.456699 0.360148
vt 0.463677 0.361660
vt 0.450294 0.359041
vt 0.446180 0.361291
vt 0.442900 0.355770
vt 0.448445 0.353630
vt 0.452930 0.353440
vt 0.458608 0.382276
vt 0.442987 0.382274
vt 0.611358 0.904314
vt 0.603044 0.899758
vt 0.609917 0.883081
vt 0.619709 0.886092
vt 0.693097 0.358127
vt 0.694139 0.366627
vt 0.678127 0.363424
vt 0.682288 0.351512
vt 0.689554 0.342324
vt 0.701175 0.354067
vt 0.705659 0.365273
vt 0.349313 0.856038
vt 0.349020 0.851016
vt 0.355141 0.848658
vt 0.353584 0.857286
vt 0.348762 0.867994
vt 0.344092 0.862637
vt 0.342125 0.858083
vt 0.310328 0.853289
vt 0.314034 0.846226
vt 0.319746 0.857959
vt 0.312445 0.862337
vt 0.306694 0.866580
vt 0.304465 0.853676
vt 0.305067 0.842210
vt 0.298787 0.842464
vt 0.300918 0.829739
vt 0.308398 0.831419
vt 0.299247 0.856123
vt 0.320350 0.838115
vt 0.314272 0.823165
vt 0.327692 0.831644
vt 0.329173 0.852837
vt 0.338000 0.847143
vt 0.334317 0.827101
vt 0.345192 0.841975
vt 0.332385 0.866187
vt 0.336223 0.872599
vt 0.323285 0.871348
vt 0.329495 0.881612
vt 0.343526 0.879559
vt 0.337527 0.890538
vt 0.322721 0.889350
vt 0.316373 0.876302
vt 0.330454 0.900287
vt 0.346659 0.899698
vt 0.338971 0.911270
vt 0.322118 0.908800
vt 0.316010 0.895470
vt 0.329605 0.921800
vt 0.348794 0.921831
vt 0.338300 0.934206
vt 0.318285 0.931140
vt 0.312354 0.916400
vt 0.325946 0.945390
vt 0.348620 0.946139
vt 0.334677 0.959017
vt 0.311640 0.954799
vt 0.305558 0.939045
vt 0.318917 0.970128
vt 0.601112 0.083033
vt 0.605632 0.102734
vt 0.585616 0.106208
vt 0.580761 0.087054
vt 0.301189 0.978609
vt 0.295880 0.962187
vt 0.575747 0.067912
vt 0.596217 0.063332
vt 0.560681 0.091561
vt 0.555399 0.073414
vt 0.569807 0.049372
vt 0.590878 0.043807
vt 0.549267 0.055675
vt 0.535689 0.079152
vt 0.529588 0.062252
vt 0.542493 0.038229
vt 0.563064 0.031273
vt 0.522896 0.045490
vt 0.512539 0.067749
vt 0.505979 0.052101
vt 0.515931 0.028772
vt 0.535606 0.020673
vt 0.499105 0.036468
vt 0.495908 0.055840
vt 0.489542 0.041377
vt 0.481926 0.045254
vt 0.488561 0.058460
vt 0.481969 0.060395
vt 0.475889 0.048028
vt 0.494240 0.072619
vt 0.486884 0.074202
vt 0.502100 0.070706
vt 0.507427 0.085745
vt 0.499114 0.086976
vt 0.518404 0.083669
vt 0.523854 0.100404
vt 0.511857 0.101878
vt 0.541109 0.096599
vt 0.546627 0.114938
vt 0.528884 0.118259
vt 0.565907 0.110412
vt 0.570933 0.129349
vt 0.551751 0.133597
vt 0.590376 0.125402
vt 0.594413 0.144304
vt 0.575416 0.148092
vt 0.609773 0.122271
vt 0.613705 0.141289
vt 0.617285 0.159526
vt 0.598737 0.162493
vt 0.360208 0.931931
vt 0.357089 0.908488
vt 0.368838 0.916902
vt 0.362899 0.894451
vt 0.374764 0.901133
vt 0.352781 0.887067
vt 0.357379 0.874393
vt 0.366741 0.880267
vt 0.361340 0.861989
vt 0.368823 0.865961
vt 0.362117 0.849597
vt 0.368709 0.851346
vt 0.356844 0.836006
vt 0.362581 0.834166
vt 0.351436 0.838152
vt 0.340389 0.823674
vt 0.344654 0.820826
vt 0.326026 0.812015
vt 0.330235 0.807822
vt 0.321117 0.816737
vt 0.310952 0.810637
vt 0.314207 0.803232
vt 0.306292 0.819422
vt 0.294500 0.816580
vt 0.297734 0.805254
vt 0.292611 0.829976
vt 0.282509 0.832999
vt 0.281994 0.817759
vt 0.292214 0.844518
vt 0.282471 0.848459
vt 0.292893 0.859688
vt 0.282429 0.864390
vt 0.293712 0.874689
vt 0.282872 0.879798
vt 0.269974 0.868613
vt 0.269873 0.852968
vt 0.270471 0.883984
vt 0.284054 0.895530
vt 0.271302 0.899648
vt 0.257279 0.886702
vt 0.256963 0.871182
vt 0.257777 0.902523
vt 0.272410 0.915968
vt 0.258326 0.918726
vt 0.259098 0.935725
vt 0.260183 0.953218
vt 0.261464 0.971041
vt 0.276089 0.950147
vt 0.279034 0.967799
vt 0.274010 0.932980
vt 0.287998 0.928599
vt 0.291518 0.945542
vt 0.285763 0.911972
vt 0.297660 0.906867
vt 0.301006 0.923142
vt 0.295455 0.890513
vt 0.304245 0.885244
vt 0.307955 0.901358
vt 0.301588 0.870074
vt 0.310573 0.880745
vt 0.282408 0.984905
vt 0.263174 0.989289
vt 0.584687 0.024741
vt 0.556506 0.013136
vt 0.578263 0.006317
vt 0.017350 0.280892
vt 0.025813 0.282314
vt 0.009998 0.279153
vt 0.018839 0.261472
vt 0.027091 0.262925
vt 0.011792 0.259286
vt 0.019956 0.242168
vt 0.027183 0.243161
vt 0.013367 0.240016
vt 0.014081 0.220329
vt 0.020007 0.222292
vt 0.491963 0.087873
vt 0.503917 0.102462
vt 0.497685 0.102609
vt 0.509042 0.119118
vt 0.503396 0.118959
vt 0.516354 0.119210
vt 0.520357 0.137837
vt 0.513662 0.137692
vt 0.533430 0.136941
vt 0.538106 0.155773
vt 0.523202 0.157008
vt 0.556371 0.152355
vt 0.561721 0.171071
vt 0.543463 0.174662
vt 0.580236 0.166565
vt 0.586942 0.185064
vt 0.569450 0.190822
vt 0.604469 0.180109
vt 0.611833 0.197181
vt 0.596725 0.203092
vt 0.621577 0.176996
vt 0.626752 0.193539
vt 0.632870 0.209571
vt 0.621120 0.213287
vt 0.377861 0.885014
vt 0.378123 0.868801
vt 0.641145 0.224962
vt 0.633764 0.228942
vt 0.375691 0.852353
vt 0.656523 0.241848
vt 0.651580 0.244649
vt 0.367204 0.832668
vt 0.671900 0.259408
vt 0.668015 0.261434
vt 0.349148 0.817836
vt 0.352854 0.815893
vt 0.334091 0.804452
vt 0.336949 0.802018
vt 0.319666 0.794528
vt 0.321329 0.791512
vt 0.317529 0.798136
vt 0.302161 0.789865
vt 0.303549 0.786543
vt 0.300106 0.795652
vt 0.283396 0.791088
vt 0.285118 0.783572
vt 0.282111 0.802957
vt 0.268666 0.804390
vt 0.267952 0.789581
vt 0.269545 0.820419
vt 0.256311 0.823037
vt 0.255807 0.806216
vt 0.269898 0.836916
vt 0.256663 0.839595
vt 0.256780 0.855536
vt 0.034087 0.282089
vt 0.048169 0.281667
vt 0.034773 0.263428
vt 0.047543 0.263392
vt 0.035223 0.243370
vt 0.047293 0.243993
vt 0.034905 0.224004
vt 0.047533 0.224988
vt 0.026462 0.223468
vt 0.026980 0.204581
vt 0.035422 0.205564
vt 0.020363 0.202959
vt 0.021050 0.184717
vt 0.027465 0.186179
vt 0.014452 0.201047
vt 0.015414 0.182360
vt 0.016903 0.164355
vt 0.022467 0.166599
vt 0.507775 0.136826
vt 0.514903 0.156746
vt 0.508577 0.155693
vt 0.518333 0.176002
vt 0.511536 0.175420
vt 0.528121 0.176337
vt 0.536956 0.198222
vt 0.526668 0.198141
vt 0.552214 0.195983
vt 0.564025 0.217553
vt 0.548439 0.220935
vt 0.580634 0.210756
vt 0.609357 0.219312
vt 0.626266 0.234136
vt 0.646245 0.248455
vt 0.636971 0.255499
vt 0.663742 0.264090
vt 0.656796 0.269179
vt 0.678183 0.280365
vt 0.673250 0.284003
vt 0.681798 0.278105
vt 0.693710 0.293309
vt 0.690659 0.295326
vt 0.685402 0.276212
vt 0.696862 0.291181
vt 0.704622 0.308402
vt 0.701605 0.310386
vt 0.707972 0.306027
vt 0.718538 0.321300
vt 0.715121 0.323734
vt 0.304968 0.783237
vt 0.286600 0.779395
vt 0.287736 0.776408
vt 0.268655 0.772205
vt 0.269417 0.768225
vt 0.268044 0.778602
vt 0.254397 0.776585
vt 0.254100 0.767853
vt 0.255107 0.790180
vt 0.068141 0.280919
vt 0.089392 0.280797
vt 0.067566 0.262853
vt 0.088824 0.262647
vt 0.067135 0.244305
vt 0.087944 0.244189
vt 0.066577 0.225680
vt 0.086835 0.225735
vt 0.065475 0.207025
vt 0.084967 0.206988
vt 0.047894 0.206452
vt 0.047298 0.187796
vt 0.062695 0.187833
vt 0.036250 0.186734
vt 0.036354 0.168072
vt 0.046263 0.168446
vt 0.028015 0.167527
vt 0.028753 0.148777
vt 0.035030 0.149493
vt 0.023515 0.147732
vt 0.018524 0.128391
vt 0.023722 0.129548
vt 0.017518 0.146649
vt 0.012751 0.127388
vt 0.005776 0.107687
vt 0.011076 0.108708
vt 0.519622 0.197788
vt 0.537235 0.221569
vt 0.530134 0.220930
vt 0.546572 0.243125
vt 0.539501 0.243337
vt 0.552339 0.261806
vt 0.545280 0.263311
vt 0.555721 0.281150
vt 0.548842 0.282839
vt 0.568707 0.301294
vt 0.558342 0.302229
vt 0.551894 0.303673
vt 0.560514 0.326203
vt 0.554807 0.327510
vt 0.741776 0.556793
vt 0.740362 0.560849
vt 0.727495 0.552654
vt 0.729767 0.548724
vt 0.757359 0.563847
vt 0.756369 0.568061
vt 0.773863 0.569092
vt 0.773438 0.572860
vt 0.755577 0.571447
vt 0.738983 0.564565
vt 0.773057 0.576110
vt 0.772785 0.579245
vt 0.754805 0.574824
vt 0.772541 0.582132
vt 0.110770 0.280672
vt 0.132174 0.280432
vt 0.110048 0.262217
vt 0.131144 0.261712
vt 0.108879 0.243687
vt 0.129922 0.243005
vt 0.107451 0.225145
vt 0.128215 0.224184
vt 0.105259 0.206201
vt 0.125726 0.205177
vt 0.102223 0.187111
vt 0.122679 0.185966
vt 0.081847 0.187831
vt 0.076704 0.167953
vt 0.097712 0.167870
vt 0.058892 0.167794
vt 0.055595 0.151363
vt 0.071500 0.151484
vt 0.043297 0.150144
vt 0.068333 0.140561
vt 0.065543 0.132430
vt 0.086656 0.131663
vt 0.088686 0.138843
vt 0.092365 0.150851
vt 0.109803 0.134258
vt 0.114133 0.148928
vt 0.118725 0.166857
vt 0.134324 0.146778
vt 0.138984 0.165261
vt 0.142791 0.184463
vt 0.158488 0.163296
vt 0.162457 0.182763
vt 0.146293 0.203894
vt 0.166119 0.202546
vt 0.181309 0.181144
vt 0.185216 0.201263
vt 0.169194 0.222396
vt 0.148948 0.223107
vt 0.188766 0.221462
vt 0.203867 0.199772
vt 0.208111 0.219952
vt 0.191806 0.241188
vt 0.171380 0.241872
vt 0.212082 0.239852
vt 0.227597 0.218095
vt 0.232101 0.238435
vt 0.215237 0.259728
vt 0.194322 0.260541
vt 0.235681 0.258828
vt 0.252083 0.237167
vt 0.256323 0.258039
vt 0.237862 0.278980
vt 0.216895 0.279416
vt 0.259038 0.278621
vt 0.277304 0.257211
vt 0.280506 0.278341
vt 0.303089 0.278003
vt 0.326443 0.277447
vt 0.351499 0.276526
vt 0.320341 0.254271
vt 0.343290 0.251184
vt 0.298740 0.256010
vt 0.291840 0.233638
vt 0.311250 0.230522
vt 0.272111 0.235698
vt 0.265801 0.214092
vt 0.284191 0.211230
vt 0.246992 0.216199
vt 0.241122 0.195672
vt 0.259312 0.192996
vt 0.222541 0.197877
vt 0.217456 0.177919
vt 0.235363 0.175961
vt 0.199468 0.179509
vt 0.195145 0.159614
vt 0.212713 0.158297
vt 0.177144 0.161228
vt 0.172454 0.141662
vt 0.190539 0.139769
vt 0.153730 0.144078
vt 0.148368 0.125982
vt 0.166999 0.122201
vt 0.129082 0.129671
vt 0.125759 0.118424
vt 0.144064 0.112029
vt 0.106807 0.125370
vt 0.104944 0.120036
vt 0.123927 0.111922
vt 0.084960 0.125600
vt 0.083321 0.119798
vt 0.103153 0.114249
vt 0.064565 0.126467
vt 0.063924 0.121536
vt 0.045112 0.118562
vt 0.044858 0.115246
vt 0.063251 0.116939
vt 0.026966 0.110407
vt 0.027185 0.108559
vt 0.675799 0.531188
vt 0.690920 0.544509
vt 0.689834 0.545789
vt 0.675200 0.532893
vt 0.675573 0.528741
vt 0.691705 0.542962
vt 0.706512 0.555990
vt 0.705120 0.558246
vt 0.693079 0.540997
vt 0.708256 0.553336
vt 0.674377 0.524031
vt 0.697345 0.539382
vt 0.710871 0.550576
vt 0.682674 0.525868
vt 0.701528 0.537154
vt 0.713521 0.547694
vt 0.687564 0.525384
vt 0.691774 0.523132
vt 0.705132 0.534900
vt 0.015926 0.110278
vt 0.716019 0.544740
vt 0.709191 0.531894
vt 0.719246 0.540946
vt 0.696265 0.520482
vt 0.725383 0.556398
vt 0.723598 0.559819
vt 0.737515 0.568332
vt 0.736234 0.571795
vt 0.721854 0.563223
vt 0.754078 0.578112
vt 0.753528 0.580893
vt 0.735115 0.575235
vt 0.772294 0.584605
vt 0.772021 0.587617
vt 0.752875 0.584150
vt 0.771712 0.590987
vt 0.153209 0.280082
vt 0.174387 0.279881
vt 0.152086 0.261243
vt 0.173127 0.261032
vt 0.150754 0.242313
vt 0.195676 0.279693
vt 0.354945 0.570499
vt 0.355906 0.568161
vt 0.360565 0.569357
vt 0.359468 0.572633
vt 0.355472 0.579063
vt 0.350728 0.574860
vt 0.365047 0.575293
vt 0.360894 0.583178
vt 0.346332 0.587953
vt 0.341856 0.582535
vt 0.351620 0.593885
vt 0.367985 0.588423
vt 0.358481 0.601045
vt 0.339958 0.604114
vt 0.334703 0.596924
vt 0.347351 0.613270
vt 0.367963 0.610110
vt 0.357547 0.624644
vt 0.335338 0.625314
vt 0.327149 0.614432
vt 0.346430 0.638842
vt 0.370400 0.636578
vt 0.359912 0.652206
vt 0.334513 0.651985
vt 0.322552 0.636916
vt 0.348873 0.666400
vt 0.375460 0.663323
vt 0.365220 0.678647
vt 0.337983 0.679247
vt 0.322390 0.664489
vt 0.354737 0.692393
vt 0.383212 0.689602
vt 0.373506 0.705290
vt 0.344391 0.704372
vt 0.327197 0.691382
vt 0.363562 0.718890
vt 0.393633 0.716705
vt 0.383398 0.733704
vt 0.353123 0.730182
vt 0.333884 0.715374
vt 0.371283 0.748608
vt 0.401069 0.746346
vt 0.385683 0.765910
vt 0.364176 0.781941
vt 0.397579 0.780201
vt 0.371507 0.799322
vt 0.336897 0.790866
vt 0.339268 0.810191
vt 0.378630 0.815921
vt 0.341608 0.828130
vt 0.305149 0.808992
vt 0.308186 0.789567
vt 0.301875 0.826766
vt 0.343827 0.848191
vt 0.298027 0.845168
vt 0.265395 0.810696
vt 0.273465 0.795774
vt 0.255267 0.826553
vt 0.222540 0.793616
vt 0.236897 0.783099
vt 0.387970 0.834786
vt 0.409243 0.793682
vt 0.422590 0.807568
vt 0.429391 0.766070
vt 0.445180 0.775613
vt 0.415702 0.756608
vt 0.426903 0.731952
vt 0.441468 0.738373
vt 0.411751 0.724983
vt 0.419524 0.703102
vt 0.434298 0.707912
vt 0.402115 0.697525
vt 0.409752 0.677462
vt 0.425732 0.681399
vt 0.392482 0.671909
vt 0.400969 0.653120
vt 0.416784 0.657246
vt 0.385192 0.646387
vt 0.394369 0.628612
vt 0.408864 0.633776
vt 0.380267 0.620183
vt 0.389104 0.603604
vt 0.402475 0.610367
vt 0.377259 0.595614
vt 0.382335 0.583452
vt 0.395171 0.587950
vt 0.372189 0.578974
vt 0.373890 0.572700
vt 0.384309 0.575223
vt 0.366403 0.570798
vt 0.366543 0.567328
vt 0.374534 0.568262
vt 0.360765 0.566567
vt 0.360239 0.563895
vt 0.366255 0.563995
vt 0.355934 0.566588
vt 0.355256 0.564726
vt 0.353295 0.562700
vt 0.359316 0.560764
vt 0.395682 0.278976
vt 0.401372 0.279888
vt 0.349482 0.557715
vt 0.357158 0.554198
vt 0.358410 0.557848
vt 0.351605 0.560726
vt 0.364099 0.552352
vt 0.364935 0.556723
vt 0.365770 0.560470
vt 0.373077 0.555717
vt 0.374059 0.560160
vt 0.374513 0.564293
vt 0.385192 0.558882
vt 0.385736 0.563872
vt 0.385534 0.568888
vt 0.398443 0.561865
vt 0.398533 0.568017
vt 0.397777 0.576352
vt 0.412862 0.565411
vt 0.412246 0.577038
vt 0.408833 0.592449
vt 0.423964 0.577940
vt 0.420312 0.595465
vt 0.415372 0.614344
vt 0.430261 0.597233
vt 0.427169 0.616617
vt 0.422752 0.636920
vt 0.437032 0.617846
vt 0.434601 0.638883
vt 0.430763 0.660179
vt 0.444168 0.639818
vt 0.442631 0.662076
vt 0.439404 0.684561
vt 0.452771 0.662850
vt 0.451771 0.687024
vt 0.448366 0.712082
vt 0.462925 0.687838
vt 0.461761 0.714621
vt 0.457134 0.743795
vt 0.461993 0.662789
vt 0.452501 0.640025
vt 0.460247 0.639723
vt 0.451960 0.618579
vt 0.458700 0.618346
vt 0.444859 0.618450
vt 0.445320 0.598566
vt 0.451579 0.598666
vt 0.438438 0.598147
vt 0.439544 0.580024
vt 0.445731 0.580397
vt 0.432694 0.579262
vt 0.433654 0.562961
vt 0.440377 0.563146
vt 0.425135 0.563533
vt 0.423734 0.552279
vt 0.432913 0.549361
vt 0.411973 0.557105
vt 0.410228 0.551022
vt 0.421533 0.545119
vt 0.397550 0.556016
vt 0.395675 0.549896
vt 0.407984 0.544856
vt 0.383941 0.553831
vt 0.382016 0.548370
vt 0.393230 0.543640
vt 0.372090 0.551365
vt 0.408573 0.243818
vt 0.403015 0.241815
vt 0.409717 0.221484
vt 0.415709 0.224299
vt 0.403721 0.262370
vt 0.398707 0.260421
vt 0.400388 0.215994
vt 0.384610 0.205795
vt 0.418521 0.201653
vt 0.426381 0.183094
vt 0.424565 0.205879
vt 0.435040 0.191062
vt 0.431452 0.171137
vt 0.444169 0.181575
vt 0.405164 0.538038
vt 0.414371 0.532400
vt 0.419102 0.539715
vt 0.429586 0.539857
vt 0.436252 0.536657
vt 0.439556 0.548604
vt 0.444095 0.535428
vt 0.445993 0.548632
vt 0.446124 0.563600
vt 0.452038 0.549047
vt 0.451849 0.563964
vt 0.451561 0.580538
vt 0.457487 0.564142
vt 0.457345 0.580595
vt 0.457657 0.598566
vt 0.245189 0.641601
vt 0.265625 0.626357
vt 0.273527 0.636504
vt 0.256170 0.651930
vt 0.240285 0.670983
vt 0.226673 0.662273
vt 0.268330 0.661702
vt 0.254427 0.679506
vt 0.228249 0.693666
vt 0.211642 0.687408
vt 0.243463 0.699141
vt 0.269736 0.689996
vt 0.260350 0.707421
vt 0.220699 0.719348
vt 0.203668 0.718426
vt 0.222332 0.749791
vt 0.205483 0.754522
vt 0.282111 0.673965
vt 0.298421 0.689331
vt 0.287961 0.704319
vt 0.279596 0.721361
vt 0.306790 0.717889
vt 0.298797 0.735617
vt 0.291073 0.756442
vt 0.282091 0.778273
vt 0.316585 0.703483
vt 0.310208 0.676540
vt 0.295632 0.660473
vt 0.309136 0.648522
vt 0.283319 0.647051
vt 0.298440 0.635211
vt 0.290427 0.624498
vt 0.306552 0.614708
vt 0.313259 0.624549
vt 0.284633 0.615239
vt 0.301743 0.606500
vt 0.317025 0.598585
vt 0.321288 0.605817
vt 0.458042 0.549466
vt 0.451832 0.535526
vt 0.458975 0.536103
vt 0.450949 0.523322
vt 0.460124 0.523776
vt 0.451077 0.515255
vt 0.461814 0.515441
vt 0.484012 0.157220
vt 0.483134 0.152202
vt 0.495285 0.149910
vt 0.495232 0.154748
vt 0.482330 0.147548
vt 0.494861 0.145351
vt 0.494352 0.140581
vt 0.481660 0.142512
vt 0.481164 0.137775
vt 0.493892 0.136177
vt 0.467608 0.143839
vt 0.467202 0.138778
vt 0.467889 0.149508
vt 0.452054 0.148486
vt 0.451926 0.142630
vt 0.435704 0.143254
vt 0.436386 0.137880
vt 0.435397 0.149471
vt 0.418720 0.138474
vt 0.420227 0.133013
vt 0.435707 0.156508
vt 0.417799 0.143481
vt 0.434128 0.163167
vt 0.416577 0.148964
vt 0.449931 0.175365
vt 0.398618 0.130565
vt 0.400707 0.126015
vt 0.381190 0.107228
vt 0.384477 0.103803
vt 0.358033 0.085679
vt 0.362411 0.082621
vt 0.353387 0.088858
vt 0.327632 0.074602
vt 0.330411 0.071348
vt 0.349323 0.092104
vt 0.325062 0.077764
vt 0.344793 0.096014
vt 0.322153 0.081361
vt 0.338486 0.100538
vt 0.318237 0.085831
vt 0.352542 0.120259
vt 0.355983 0.145563
vt 0.334249 0.126602
vt 0.324942 0.109852
vt 0.338089 0.147490
vt 0.320673 0.153156
vt 0.315925 0.135406
vt 0.324992 0.173364
vt 0.309761 0.179387
vt 0.304011 0.159689
vt 0.332516 0.195306
vt 0.318076 0.202016
vt 0.346936 0.218834
vt 0.330018 0.225879
vt 0.301901 0.207274
vt 0.293729 0.185029
vt 0.277007 0.189507
vt 0.270554 0.169992
vt 0.287489 0.165421
vt 0.253184 0.173324
vt 0.247395 0.155251
vt 0.264540 0.152541
vt 0.230137 0.156903
vt 0.224932 0.137840
vt 0.241698 0.137188
vt 0.207909 0.138470
vt 0.202780 0.117959
vt 0.219930 0.117819
vt 0.185362 0.119929
vt 0.180475 0.101850
vt 0.198152 0.098860
vt 0.162057 0.105814
vt 0.158831 0.095659
vt 0.176472 0.087999
vt 0.141603 0.103800
vt 0.139105 0.096435
vt 0.155787 0.087312
vt 0.122033 0.105704
vt 0.119336 0.099314
vt 0.135697 0.089145
vt 0.101348 0.109001
vt 0.098781 0.103708
vt 0.116349 0.093407
vt 0.081613 0.114555
vt 0.079860 0.109373
vt 0.062112 0.113133
vt 0.060790 0.109419
vt 0.078399 0.105490
vt 0.044587 0.111878
vt 0.044149 0.108229
vt 0.027360 0.106379
vt 0.027421 0.103737
vt 0.674067 0.534670
vt 0.688301 0.547315
vt 0.686341 0.549142
vt 0.672485 0.536635
vt 0.703636 0.560309
vt 0.716548 0.573609
vt 0.718666 0.570097
vt 0.720294 0.566660
vt 0.733936 0.578869
vt 0.732233 0.582035
vt 0.730623 0.586042
vt 0.751390 0.587668
vt 0.750441 0.591399
vt 0.771514 0.594426
vt 0.771224 0.599082
vt 0.749639 0.596328
vt 0.770713 0.607255
vt 0.493762 0.131701
vt 0.480655 0.132804
vt 0.479896 0.127463
vt 0.493796 0.126548
vt 0.466653 0.133685
vt 0.466062 0.128250
vt 0.452054 0.132040
vt 0.452458 0.126014
vt 0.451932 0.137178
vt 0.437321 0.132519
vt 0.438449 0.127174
vt 0.424047 0.123562
vt 0.426736 0.116874
vt 0.421932 0.128516
vt 0.409857 0.111006
vt 0.414377 0.106051
vt 0.406252 0.115661
vt 0.392525 0.095308
vt 0.396495 0.090888
vt 0.403293 0.120729
vt 0.388218 0.099944
vt 0.366548 0.079530
vt 0.370318 0.075700
vt 0.338946 0.062938
vt 0.342056 0.059439
vt 0.334935 0.066720
vt 0.305548 0.053069
vt 0.308013 0.049216
vt 0.303400 0.058062
vt 0.275044 0.048565
vt 0.301484 0.061992
vt 0.274150 0.052819
vt 0.299577 0.065653
vt 0.273369 0.058453
vt 0.297602 0.070552
vt 0.272845 0.063496
vt 0.295127 0.075385
vt 0.271562 0.068598
vt 0.291495 0.082161
vt 0.269991 0.074783
vt 0.311015 0.093953
vt 0.308420 0.119607
vt 0.291180 0.127972
vt 0.298409 0.142780
vt 0.281409 0.148434
vt 0.274493 0.133014
vt 0.258246 0.135759
vt 0.252470 0.118803
vt 0.236528 0.118029
vt 0.232899 0.098460
vt 0.249635 0.100246
vt 0.215605 0.097565
vt 0.212237 0.081514
vt 0.230661 0.081706
vt 0.194451 0.083737
vt 0.192065 0.073620
vt 0.210418 0.071474
vt 0.173814 0.079037
vt 0.172093 0.070534
vt 0.190606 0.065285
vt 0.153312 0.079206
vt 0.151433 0.070954
vt 0.170385 0.061904
vt 0.132599 0.081916
vt 0.130050 0.075160
vt 0.149854 0.062877
vt 0.113542 0.087737
vt 0.110999 0.083386
vt 0.127455 0.069830
vt 0.096794 0.099608
vt 0.094613 0.094877
vt 0.076815 0.101189
vt 0.074870 0.096484
vt 0.091902 0.089771
vt 0.059572 0.105150
vt 0.058056 0.099749
vt 0.043696 0.104137
vt 0.042767 0.099004
vt 0.027185 0.100730
vt 0.026536 0.096935
vt 0.670665 0.538864
vt 0.683875 0.550926
vt 0.681494 0.553222
vt 0.668453 0.541770
vt 0.692910 0.566172
vt 0.689788 0.567994
vt 0.678814 0.556529
vt 0.700420 0.580671
vt 0.696410 0.581202
vt 0.704487 0.594822
vt 0.700194 0.594675
vt 0.707145 0.609813
vt 0.702360 0.609967
vt 0.713418 0.609483
vt 0.713181 0.626545
vt 0.707313 0.626269
vt 0.721239 0.609743
vt 0.721020 0.627195
vt 0.731843 0.611302
vt 0.732084 0.628420
vt 0.730770 0.599669
vt 0.749562 0.604079
vt 0.749541 0.614956
vt 0.730231 0.591055
vt 0.770218 0.618686
vt 0.770051 0.632615
vt 0.749975 0.630742
vt 0.770218 0.649210
vt 0.750570 0.647925
vt 0.770574 0.666165
vt 0.770830 0.738111
vt 0.771023 0.719372
vt 0.771034 0.701102
vt 0.752363 0.718408
vt 0.752311 0.700042
vt 0.770878 0.683443
vt 0.751935 0.682284
vt 0.734300 0.698062
vt 0.733808 0.680356
vt 0.751301 0.665083
vt 0.733119 0.663311
vt 0.716937 0.677481
vt 0.717643 0.661193
vt 0.732486 0.646204
vt 0.719044 0.644778
vt 0.709338 0.643493
vt 0.703679 0.642557
vt 0.699515 0.641721
vt 0.702445 0.626061
vt 0.695635 0.640720
vt 0.698047 0.625860
vt 0.697725 0.610268
vt 0.654876 0.845562
vt 0.651630 0.849153
vt 0.640412 0.836859
vt 0.643800 0.833533
vt 0.666992 0.855852
vt 0.664365 0.859532
vt 0.695754 0.595086
vt 0.661958 0.863365
vt 0.648379 0.853886
vt 0.677123 0.867438
vt 0.674862 0.871353
vt 0.679153 0.863942
vt 0.382972 0.868662
vt 0.393406 0.861652
vt 0.396224 0.866016
vt 0.385336 0.872491
vt 0.380870 0.865209
vt 0.391356 0.858451
vt 0.401145 0.850703
vt 0.403697 0.853733
vt 0.690284 0.653245
vt 0.681514 0.664162
vt 0.412784 0.838534
vt 0.416037 0.842483
vt 0.665736 0.672959
vt 0.423266 0.825091
vt 0.427311 0.829107
vt 0.648278 0.680776
vt 0.649003 0.674938
vt 0.647334 0.687280
vt 0.628093 0.685245
vt 0.630295 0.678510
vt 0.632023 0.672405
vt 0.433547 0.809677
vt 0.438584 0.814548
vt 0.444333 0.795657
vt 0.451095 0.804057
vt 0.614606 0.672871
vt 0.617062 0.666106
vt 0.153377 0.015358
vt 0.139512 0.026749
vt 0.146291 0.013674
vt 0.161397 0.015791
vt 0.611439 0.679750
vt 0.170120 0.014782
vt 0.626041 0.692413
vt 0.609329 0.687179
vt 0.623580 0.701345
vt 0.607385 0.697534
vt 0.646161 0.694369
vt 0.644169 0.704727
vt 0.666006 0.692842
vt 0.664663 0.707125
vt 0.685023 0.690476
vt 0.683114 0.708455
vt 0.700239 0.692396
vt 0.699657 0.710697
vt 0.716883 0.695329
vt 0.716843 0.713769
vt 0.734430 0.716499
vt 0.733900 0.735695
vt 0.715928 0.732484
vt 0.751937 0.737501
vt 0.750618 0.756526
vt 0.731824 0.754755
vt 0.770260 0.756875
vt 0.769655 0.774738
vt 0.769396 0.791667
vt 0.770973 0.825869
vt 0.769946 0.808348
vt 0.771415 0.843833
vt 0.754923 0.844055
vt 0.752947 0.826600
vt 0.771321 0.861924
vt 0.755913 0.861717
vt 0.771098 0.880114
vt 0.774657 0.984673
vt 0.773580 0.973201
vt 0.775696 0.990483
vt 0.758893 0.986740
vt 0.757002 0.974427
vt 0.760597 0.992929
vt 0.743824 0.986968
vt 0.743146 0.972805
vt 0.745336 0.994347
vt 0.731464 0.984190
vt 0.732465 0.968955
vt 0.731399 0.993826
vt 0.717708 0.988143
vt 0.719771 0.979297
vt 0.440619 0.120692
vt 0.430849 0.109359
vt 0.716709 0.959550
vt 0.723875 0.964677
vt 0.710880 0.955320
vt 0.717726 0.940959
vt 0.723118 0.943628
vt 0.729021 0.946830
vt 0.727090 0.927494
vt 0.732747 0.929615
vt 0.736109 0.950478
vt 0.739002 0.932277
vt 0.734245 0.912144
vt 0.740335 0.913916
vt 0.746466 0.934845
vt 0.744623 0.953781
vt 0.747029 0.915586
vt 0.740152 0.895786
vt 0.747185 0.896979
vt 0.755322 0.916663
vt 0.755508 0.936271
vt 0.755993 0.898006
vt 0.747022 0.879090
vt 0.756335 0.879704
vt 0.770897 0.898472
vt 0.770737 0.916912
vt 0.772604 0.954961
vt 0.771252 0.935718
vt 0.756134 0.955688
vt 0.739736 0.878371
vt 0.738120 0.861341
vt 0.745523 0.861548
vt 0.734036 0.877733
vt 0.732782 0.861204
vt 0.734363 0.894693
vt 0.729113 0.893743
vt 0.729216 0.877199
vt 0.728567 0.910742
vt 0.723813 0.909825
vt 0.724911 0.893222
vt 0.721937 0.925953
vt 0.068203 0.899757
vt 0.063326 0.899801
vt 0.062633 0.884985
vt 0.067370 0.885259
vt 0.070748 0.913127
vt 0.065153 0.913749
vt 0.059459 0.913917
vt 0.057973 0.899803
vt 0.067810 0.927651
vt 0.061222 0.928024
vt 0.074445 0.926780
vt 0.061324 0.941525
vt 0.052374 0.941507
vt 0.053747 0.927765
vt 0.055654 0.957942
vt 0.046939 0.958352
vt 0.054384 0.553757
vt 0.058315 0.578179
vt 0.050443 0.581700
vt 0.046703 0.558512
vt 0.059703 0.548348
vt 0.062352 0.575232
vt 0.075147 0.598679
vt 0.068333 0.601523
vt 0.066513 0.571590
vt 0.079463 0.596291
vt 0.065244 0.540452
vt 0.373840 0.065974
vt 0.374191 0.067581
vt 0.344733 0.051469
vt 0.345791 0.049683
vt 0.373740 0.069032
vt 0.344402 0.053508
vt 0.400343 0.086444
vt 0.372844 0.071733
vt 0.343617 0.056043
vt 0.311586 0.043990
vt 0.312809 0.041113
vt 0.310057 0.046629
vt 0.280893 0.033100
vt 0.283649 0.030054
vt 0.259270 0.016176
vt 0.263949 0.014063
vt 0.586165 0.756906
vt 0.609385 0.752974
vt 0.608943 0.759277
vt 0.586729 0.761627
vt 0.631904 0.754839
vt 0.630458 0.760180
vt 0.633081 0.750334
vt 0.653262 0.754434
vt 0.651454 0.759126
vt 0.634261 0.744414
vt 0.655662 0.748081
vt 0.636846 0.735467
vt 0.658626 0.738855
vt 0.640586 0.720138
vt 0.661908 0.723733
vt 0.619666 0.716481
vt 0.603369 0.713899
vt 0.201835 0.011180
vt 0.203669 0.021971
vt 0.183218 0.023872
vt 0.182186 0.012996
vt 0.204693 0.030088
vt 0.184243 0.032351
vt 0.225716 0.030990
vt 0.205650 0.038156
vt 0.185568 0.040247
vt 0.226257 0.039527
vt 0.248244 0.038310
vt 0.248259 0.046057
vt 0.226749 0.048239
vt 0.206703 0.046367
vt 0.248544 0.053617
vt 0.248748 0.059804
vt 0.227551 0.056211
vt 0.248761 0.065826
vt 0.228205 0.063685
vt 0.248959 0.072123
vt 0.229106 0.071273
vt 0.249144 0.082975
vt 0.209198 0.063116
vt 0.207831 0.054651
vt 0.188720 0.056677
vt 0.187075 0.048490
vt 0.169016 0.053237
vt 0.680775 0.726227
vt 0.677500 0.742887
vt 0.698181 0.728989
vt 0.695246 0.746585
vt 0.713129 0.750822
vt 0.690989 0.761140
vt 0.687451 0.769680
vt 0.670956 0.761466
vt 0.673724 0.754636
vt 0.684345 0.775531
vt 0.668718 0.766356
vt 0.681887 0.779822
vt 0.666375 0.771128
vt 0.697085 0.790485
vt 0.694140 0.794602
vt 0.679371 0.784308
vt 0.710525 0.802485
vt 0.706436 0.805667
vt 0.719491 0.815209
vt 0.714977 0.816974
vt 0.725566 0.829563
vt 0.721272 0.830512
vt 0.730312 0.828847
vt 0.734951 0.844721
vt 0.729983 0.844987
vt 0.738919 0.827784
vt 0.742643 0.844384
vt 0.725457 0.845386
vt 0.728097 0.861244
vt 0.723660 0.861373
vt 0.721314 0.845903
vt 0.724860 0.876974
vt 0.070309 0.855228
vt 0.065654 0.853954
vt 0.070359 0.839373
vt 0.074726 0.841300
vt 0.067908 0.870068
vt 0.063128 0.869399
vt 0.057968 0.868679
vt 0.060699 0.852630
vt 0.057299 0.884732
vt 0.051767 0.884469
vt 0.052405 0.867872
vt 0.052554 0.899791
vt 0.045167 0.899569
vt 0.044706 0.884172
vt 0.053527 0.913804
vt 0.044312 0.913088
vt 0.042300 0.926436
vt 0.028160 0.923998
vt 0.031563 0.911396
vt 0.038862 0.940372
vt 0.023872 0.938581
vt 0.033677 0.957717
vt 0.018966 0.956129
vt 0.033770 0.563897
vt 0.037173 0.585921
vt 0.021459 0.588535
vt 0.019232 0.568693
vt 0.039809 0.608786
vt 0.022387 0.609401
vt 0.056095 0.605727
vt 0.061102 0.628224
vt 0.042037 0.630594
vt 0.077889 0.624477
vt 0.084087 0.645370
vt 0.065111 0.648044
vt 0.090268 0.620883
vt 0.100485 0.642154
vt 0.097913 0.618268
vt 0.112484 0.639637
vt 0.317639 0.036285
vt 0.314533 0.039155
vt 0.287960 0.026464
vt 0.294924 0.021921
vt 0.269983 0.010570
vt 0.278868 0.006163
vt 0.587651 0.768268
vt 0.608438 0.765364
vt 0.608038 0.773869
vt 0.588173 0.778206
vt 0.629172 0.765801
vt 0.627784 0.773655
vt 0.647680 0.769817
vt 0.645765 0.776596
vt 0.649484 0.764332
vt 0.664245 0.776030
vt 0.661759 0.782001
vt 0.676676 0.789406
vt 0.111666 0.759686
vt 0.103403 0.757895
vt 0.106591 0.740049
vt 0.116736 0.742031
vt 0.106164 0.777157
vt 0.099369 0.774994
vt 0.690900 0.799020
vt 0.099893 0.791802
vt 0.094105 0.789443
vt 0.702574 0.809039
vt 0.093903 0.803751
vt 0.088920 0.801505
vt 0.710818 0.819331
vt 0.087603 0.815613
vt 0.083685 0.813479
vt 0.717156 0.831582
vt 0.080862 0.828024
vt 0.076983 0.825883
vt 0.071535 0.823369
vt 0.077035 0.810659
vt 0.065375 0.837392
vt 0.059001 0.835163
vt 0.063324 0.820535
vt 0.054870 0.851084
vt 0.045470 0.849089
vt 0.047934 0.832561
vt 0.044266 0.866859
vt 0.033448 0.866038
vt 0.033017 0.848014
vt 0.033749 0.883548
vt 0.023500 0.882894
vt 0.024621 0.865764
vt 0.033300 0.898722
vt 0.021966 0.897566
vt 0.020327 0.909538
vt 0.125831 0.778004
vt 0.129922 0.784551
vt 0.120484 0.792512
vt 0.114956 0.787941
vt 0.140369 0.772644
vt 0.142159 0.779730
vt 0.017419 0.921788
vt 0.158353 0.771373
vt 0.158062 0.778841
vt 0.012917 0.936285
vt 0.178762 0.775266
vt 0.175499 0.783146
vt 0.006726 0.952905
vt 0.198706 0.784884
vt 0.191468 0.792733
vt 0.006528 0.570473
vt 0.006754 0.589027
vt 0.214873 0.801971
vt 0.205207 0.807253
vt 0.006793 0.608975
vt 0.198841 0.810442
vt 0.187366 0.796522
vt 0.205970 0.827179
vt 0.198500 0.828335
vt 0.193681 0.812390
vt 0.206499 0.843584
vt 0.198748 0.844215
vt 0.204159 0.855286
vt 0.198289 0.856402
vt 0.191565 0.845637
vt 0.184791 0.830468
vt 0.191665 0.829198
vt 0.176770 0.832781
vt 0.187620 0.814233
vt 0.179546 0.803363
vt 0.183576 0.799515
vt 0.168017 0.796768
vt 0.170319 0.792398
vt 0.172887 0.787688
vt 0.156648 0.788430
vt 0.157483 0.783769
vt 0.155828 0.793299
vt 0.143527 0.787598
vt 0.143030 0.783947
vt 0.133692 0.791011
vt 0.132124 0.788238
vt 0.127077 0.797931
vt 0.123820 0.795338
vt 0.121861 0.809324
vt 0.117160 0.807290
vt 0.112216 0.805077
vt 0.111969 0.822848
vt 0.105829 0.821183
vt 0.106051 0.802067
vt 0.098840 0.819020
vt 0.117594 0.824245
vt 0.114342 0.840291
vt 0.108217 0.839227
vt 0.101676 0.838149
vt 0.105830 0.855192
vt 0.099561 0.855275
vt 0.094468 0.836902
vt 0.092504 0.855262
vt 0.099025 0.869746
vt 0.091776 0.870651
vt 0.022447 0.831164
vt 0.033040 0.830935
vt 0.024184 0.848305
vt 0.021199 0.817742
vt 0.034137 0.817286
vt 0.021103 0.808144
vt 0.035031 0.807142
vt 0.050233 0.818328
vt 0.051510 0.806467
vt 0.034608 0.798331
vt 0.051687 0.796487
vt 0.065980 0.808020
vt 0.067370 0.797161
vt 0.050767 0.785584
vt 0.067984 0.784740
vt 0.080876 0.799197
vt 0.084115 0.786521
vt 0.068276 0.770694
vt 0.086498 0.772138
vt 0.049855 0.771349
vt 0.049471 0.753711
vt 0.068824 0.753900
vt 0.088106 0.755327
vt 0.069592 0.735969
vt 0.089190 0.737664
vt 0.049579 0.735194
vt 0.049893 0.717365
vt 0.070552 0.718146
vt 0.090501 0.719621
vt 0.071135 0.700493
vt 0.091238 0.701144
vt 0.108743 0.721701
vt 0.110201 0.702229
vt 0.091087 0.682584
vt 0.109845 0.682312
vt 0.124584 0.704001
vt 0.121165 0.723824
vt 0.125597 0.682617
vt 0.070613 0.683213
vt 0.068598 0.666158
vt 0.088627 0.664343
vt 0.107130 0.662535
vt 0.121644 0.661578
vt 0.049350 0.683701
vt 0.047832 0.667618
vt 0.049784 0.700181
vt 0.029192 0.699949
vt 0.028565 0.683675
vt 0.029736 0.717365
vt 0.012390 0.717730
vt 0.011047 0.699857
vt 0.030553 0.735248
vt 0.013581 0.735031
vt 0.009734 0.683346
vt 0.045273 0.650162
vt 0.020491 0.800638
vt 0.095993 0.893182
vt 0.102361 0.889319
vt 0.092331 0.882977
vt 0.099386 0.881112
vt 0.104419 0.868946
vt 0.110201 0.868964
vt 0.112069 0.855780
vt 0.119644 0.856891
vt 0.117677 0.869892
vt 0.121530 0.841811
vt 0.130028 0.843780
vt 0.128828 0.858772
vt 0.124125 0.825981
vt 0.132298 0.828441
vt 0.127360 0.811704
vt 0.134518 0.814384
vt 0.143306 0.816954
vt 0.141712 0.831276
vt 0.154433 0.819363
vt 0.154605 0.833502
vt 0.154568 0.807164
vt 0.155224 0.799179
vt 0.167549 0.833827
vt 0.167376 0.850283
vt 0.155253 0.849061
vt 0.165829 0.866796
vt 0.154896 0.864725
vt 0.140833 0.846332
vt 0.140936 0.861281
vt 0.141479 0.874374
vt 0.128305 0.871842
vt 0.140729 0.884866
vt 0.127413 0.882253
vt 0.125744 0.889167
vt 0.123884 0.896103
vt 0.456499 0.785872
vt 0.464056 0.800070
vt 0.474006 0.781070
vt 0.479842 0.798475
vt 0.125666 0.038653
vt 0.494073 0.778927
vt 0.497301 0.797235
vt 0.118509 0.059757
vt 0.109501 0.049545
vt 0.101919 0.070908
vt 0.093297 0.058077
vt 0.126373 0.063338
vt 0.107437 0.078847
vt 0.086393 0.080333
vt 0.077710 0.065003
vt 0.070517 0.086867
vt 0.062622 0.071107
vt 0.055002 0.090582
vt 0.048706 0.075785
vt 0.040703 0.091151
vt 0.035984 0.079773
vt 0.024763 0.091389
vt 0.021016 0.083186
vt 0.665765 0.546528
vt 0.676043 0.562031
vt 0.662361 0.554630
vt 0.608042 0.803692
vt 0.605153 0.813016
vt 0.590737 0.806694
vt 0.593170 0.794420
vt 0.621314 0.813444
vt 0.617942 0.819939
vt 0.686102 0.571023
vt 0.633313 0.823319
vt 0.629604 0.827775
vt 0.692137 0.582518
vt 0.624793 0.835308
vt 0.613602 0.830383
vt 0.636198 0.843374
vt 0.631686 0.851769
vt 0.619506 0.847707
vt 0.645073 0.859607
vt 0.639917 0.871319
vt 0.625836 0.867264
vt 0.658777 0.869033
vt 0.653884 0.879493
vt 0.671032 0.877730
vt 0.664993 0.888032
vt 0.389274 0.878760
vt 0.400392 0.872869
vt 0.406627 0.884172
vt 0.395805 0.888746
vt 0.411683 0.866520
vt 0.418056 0.879449
vt 0.407035 0.858690
vt 0.419624 0.847846
vt 0.425036 0.857456
vt 0.432115 0.835687
vt 0.438836 0.848721
vt 0.444897 0.825194
vt 0.450820 0.843814
vt 0.456819 0.821608
vt 0.461863 0.841141
vt 0.469257 0.819700
vt 0.473047 0.839157
vt 0.483527 0.818101
vt 0.485958 0.837617
vt 0.499389 0.816953
vt 0.500749 0.836702
vt 0.516006 0.816565
vt 0.516638 0.836150
vt 0.515113 0.796662
vt 0.532289 0.797263
vt 0.532297 0.817068
vt 0.513281 0.777890
vt 0.531446 0.777446
vt 0.548551 0.798957
vt 0.547704 0.818488
vt 0.548781 0.778829
vt 0.563107 0.801481
vt 0.561839 0.820317
vt 0.564428 0.781938
vt 0.576417 0.803922
vt 0.575511 0.822079
vt 0.578383 0.786502
vt 0.589039 0.823745
vt 0.586045 0.841968
vt 0.573070 0.840302
vt 0.601994 0.826335
vt 0.597963 0.843571
vt 0.608640 0.845447
vt 0.603742 0.863532
vt 0.593411 0.862096
vt 0.614467 0.865229
vt 0.599655 0.880837
vt 0.596030 0.896500
vt 0.499516 0.370400
vt 0.581825 0.860415
vt 0.569449 0.858743
vt 0.554053 0.874408
vt 0.556980 0.856911
vt 0.559816 0.838742
vt 0.544805 0.855805
vt 0.546486 0.837374
vt 0.543204 0.873534
vt 0.532255 0.873842
vt 0.532121 0.855216
vt 0.532130 0.836401
vt 0.517435 0.855703
vt 0.518677 0.874784
vt 0.504039 0.875971
vt 0.501886 0.856341
vt 0.521433 0.892784
vt 0.507923 0.894537
vt 0.533282 0.891131
vt 0.497223 0.304207
vt 0.481846 0.309358
vt 0.485207 0.298450
vt 0.505824 0.311540
vt 0.542808 0.889490
vt 0.551853 0.889743
vt 0.479950 0.317361
vt 0.478937 0.325386
vt 0.485225 0.333452
vt 0.477742 0.334523
vt 0.483627 0.342667
vt 0.476009 0.344273
vt 0.481334 0.351693
vt 0.474174 0.353117
vt 0.466547 0.346051
vt 0.465364 0.354244
vt 0.473781 0.360089
vt 0.458167 0.353854
vt 0.458779 0.346675
vt 0.452624 0.346485
vt 0.446160 0.346624
vt 0.446139 0.337833
vt 0.439763 0.347640
vt 0.439720 0.337053
vt 0.431601 0.349763
vt 0.431209 0.336273
vt 0.434639 0.359946
vt 0.439171 0.367044
vt 0.423712 0.365869
vt 0.419434 0.353528
vt 0.430928 0.375793
vt 0.413239 0.915269
vt 0.404911 0.902166
vt 0.414845 0.898243
vt 0.421757 0.912557
vt 0.647721 0.914464
vt 0.639297 0.909403
vt 0.646629 0.894668
vt 0.656368 0.901637
vt 0.627551 0.906505
vt 0.634328 0.888952
vt 0.425503 0.895277
vt 0.431308 0.910619
vt 0.438641 0.890331
vt 0.444244 0.907510
vt 0.431944 0.872956
vt 0.445532 0.867305
vt 0.451726 0.885897
vt 0.456836 0.863658
vt 0.462445 0.882898
vt 0.467335 0.860953
vt 0.472223 0.880449
vt 0.477246 0.859069
vt 0.481650 0.878727
vt 0.488359 0.857471
vt 0.491759 0.877334
vt 0.496080 0.895036
vt 0.485559 0.896030
vt 0.476416 0.898021
vt 0.432595 0.296323
vt 0.442350 0.307740
vt 0.437226 0.313874
vt 0.424640 0.305988
vt 0.467384 0.900343
vt 0.442611 0.326713
vt 0.434294 0.323382
vt 0.418960 0.319068
vt 0.417462 0.336478
vt 0.457233 0.903629
vt 0.448290 0.329139
vt 0.480807 0.357922
vt 0.486915 0.350951
vt 0.330551 0.590632
vt 0.556726 0.351530
vt 0.562101 0.350716
vt 0.570719 0.349861
vt 0.569735 0.325112
vt 0.583549 0.325095
vt 0.582314 0.349640
vt 0.585421 0.301825
vt 0.605685 0.305103
vt 0.600640 0.326864
vt 0.612863 0.285554
vt 0.634241 0.293507
vt 0.624711 0.310606
vt 0.622548 0.268698
vt 0.645628 0.279238
vt 0.663496 0.291580
vt 0.652276 0.302808
vt 0.678591 0.304329
vt 0.668496 0.313272
vt 0.686676 0.298050
vt 0.698157 0.312620
vt 0.692184 0.316901
vt 0.708311 0.328133
vt 0.703834 0.330993
vt 0.711976 0.325954
vt 0.720221 0.343929
vt 0.716419 0.345414
vt 0.723843 0.342211
vt 0.727396 0.360970
vt 0.722925 0.361851
vt 0.727324 0.340088
vt 0.732919 0.358999
vt 0.254155 0.761958
vt 0.597511 0.350344
vt 0.613772 0.351935
vt 0.617829 0.330388
vt 0.634668 0.334902
vt 0.630012 0.354227
vt 0.642159 0.317489
vt 0.658558 0.325101
vt 0.650951 0.340043
vt 0.674208 0.333027
vt 0.666866 0.345547
vt 0.683404 0.323803
vt 0.697152 0.335749
vt 0.707170 0.350282
vt 0.712305 0.347461
vt 0.715004 0.362863
vt 0.711065 0.363893
vt 0.719000 0.362276
vt 0.646211 0.356894
vt 0.662309 0.359842
vt 0.167963 0.888903
vt 0.190334 0.879990
vt 0.195205 0.873069
s 1
usemtl SHIGGY_texture.002
f 1/1/1 52/2/52 53/3/53 54/4/54
f 1/1/1 55/5/55 56/6/56 52/2/52
f 1/1/1 54/4/54 57/7/57 55/5/55
f 2/8/2 58/9/58 59/10/59 60/11/60
f 2/8/2 60/11/60 61/12/61 62/13/62
f 2/8/2 62/13/62 63/14/63 58/9/58
f 3/15/3 64/16/64 65/17/65 66/18/66
f 3/15/3 67/19/67 68/20/68 64/16/64
f 3/21/3 66/22/66 69/23/69 70/24/70
f 4/25/4 71/26/71 72/27/72 73/28/73
f 4/25/4 74/29/74 75/30/75 71/26/71
f 4/25/4 73/28/73 76/31/76 74/29/74
f 5/32/5 77/33/77 78/34/78 79/35/79
f 5/32/5 80/36/80 81/37/81 77/33/77
f 5/32/5 79/35/79 82/38/82 80/36/80
f 6/39/6 83/40/83 84/41/84 85/42/85
f 6/39/6 86/43/86 87/44/87 83/40/83
f 6/39/6 85/42/85 88/45/88 86/43/86
f 7/46/7 89/47/89 90/48/90 91/49/91
f 7/46/7 91/49/91 92/50/92 93/51/93
f 7/46/7 93/51/93 94/52/94 89/47/89
f 8/53/8 95/54/95 96/55/96 97/56/97
f 8/53/8 97/56/97 98/57/98 99/58/99
f 8/53/8 99/58/99 94/52/94 100/59/100
f 8/53/8 100/59/100 101/60/101 102/61/102
f 8/53/8 102/61/102 103/62/103 95/54/95
f 9/63/9 104/64/104 105/65/105 106/66/106
f 9/67/9 107/68/107 108/69/108 109/70/109
f 9/71/9 106/72/106 110/73/110 107/74/107
f 10/75/10 111/76/111 112/77/112 113/78/113
f 115/79/115 116/80/116 111/76/111 10/75/10
f 10/75/10 113/78/113 114/81/114 115/79/115
f 11/82/11 117/83/117 118/84/118 119/85/119
f 11/82/11 119/85/119 120/86/120 121/87/121
f 11/82/11 121/87/121 122/88/122 117/83/117
f 12/89/12 122/88/122 121/87/121 123/90/123
f 12/89/12 124/91/124 125/92/125 122/88/122
f 12/89/12 123/90/123 126/93/126 124/91/124
f 13/94/13 123/90/123 121/87/121 120/86/120
f 13/94/13 14/95/14 126/93/126 123/90/123
f 13/94/13 120/86/120 127/96/127 14/95/14
f 14/95/14 128/97/128 129/98/129 126/93/126
f 14/95/14 130/99/130 131/100/131 128/97/128
f 14/95/14 127/96/127 132/101/132 130/99/130
f 15/102/15 133/103/133 125/92/125 124/91/124
f 15/102/15 124/91/124 126/93/126 129/98/129
f 15/102/15 134/104/134 135/105/135 133/103/133
f 15/106/15 136/107/136 137/108/137 134/109/134
f 15/106/15 129/110/129 138/111/138 136/107/136
f 16/112/16 139/113/139 17/114/17 140/115/140
f 16/112/16 18/116/18 141/117/141 139/113/139
f 16/112/16 140/115/140 142/118/142 18/116/18
f 17/114/17 139/113/139 143/119/143 20/120/20
f 17/114/17 20/120/20 144/121/144 140/115/140
f 18/116/18 142/118/142 22/122/22 145/123/145
f 18/116/18 145/123/145 130/99/130 132/101/132
f 19/124/19 146/125/146 147/126/147 148/127/148
f 19/124/19 149/128/149 150/129/150 151/130/151
f 19/124/19 152/131/152 153/132/153 149/128/149
f 19/124/19 148/127/148 154/133/154 152/131/152
f 20/120/20 143/119/143 155/134/155 144/121/144
f 21/135/21 156/136/156 157/137/157 158/138/158
f 160/139/160 161/140/161 156/136/156 21/135/21
f 21/135/21 158/138/158 159/141/159 160/139/160
f 22/122/22 142/118/142 162/142/162 161/140/161
f 22/122/22 161/140/161 160/139/160 163/143/163
f 22/122/22 164/144/164 165/145/165 145/123/145
f 22/122/22 163/143/163 166/146/166 164/144/164
f 23/147/23 167/148/167 168/149/168 24/150/24
f 23/147/23 24/150/24 169/151/169 170/152/170
f 23/147/23 170/152/170 171/153/171 167/148/167
f 24/150/24 168/149/168 172/154/172 169/151/169
f 25/155/25 173/156/173 174/157/174 175/158/175
f 25/155/25 171/153/171 170/152/170 173/156/173
f 25/155/25 166/146/166 163/143/163 171/153/171
f 25/159/25 176/160/176 177/161/177 166/162/166
f 25/159/25 175/163/175 178/164/178 176/160/176
f 26/165/26 179/166/179 180/167/180 181/168/181
f 26/165/26 182/169/182 183/170/183 179/166/179
f 26/165/26 181/168/181 184/171/184 182/169/182
f 27/172/27 185/173/185 186/174/186 187/175/187
f 27/172/27 187/175/187 188/176/188 189/177/189
f 27/178/27 189/179/189 190/180/190 191/181/191
f 27/178/27 191/181/191 192/182/192 193/183/193
f 27/172/27 193/184/193 194/185/194 185/173/185
f 28/186/28 195/187/195 196/188/196 197/189/197
f 28/186/28 197/189/197 198/190/198 199/191/199
f 28/186/28 200/192/200 201/193/201 195/187/195
f 28/186/28 202/194/202 203/195/203 200/192/200
f 28/186/28 199/191/199 204/196/204 202/194/202
f 29/197/29 205/198/205 206/199/206 207/200/207
f 29/197/29 207/200/207 208/201/208 209/202/209
f 29/197/29 209/202/209 210/203/210 205/198/205
f 30/204/30 211/205/211 212/206/212 213/207/213
f 30/204/30 213/207/213 210/203/210 31/208/31
f 30/204/30 31/208/31 214/209/214 215/210/215
f 30/204/30 215/210/215 216/211/216 217/212/217
f 30/204/30 217/212/217 218/213/218 211/205/211
f 31/208/31 210/203/210 209/202/209 214/209/214
f 32/214/32 214/209/214 209/202/209 208/201/208
f 32/214/32 34/215/34 215/210/215 214/209/214
f 32/214/32 208/201/208 219/216/219 34/215/34
f 33/217/33 220/218/220 221/219/221 222/220/222
f 33/217/33 223/221/223 224/222/224 220/218/220
f 33/217/33 222/220/222 225/223/225 223/221/223
f 34/215/34 219/216/219 226/224/226 227/225/227
f 34/215/34 227/225/227 228/226/228 229/227/229
f 34/215/34 229/227/229 216/211/216 215/210/215
f 35/228/35 225/223/225 222/220/222 230/229/230
f 35/228/35 230/229/230 231/230/231 232/231/232
f 35/228/35 233/232/233 234/233/234 225/223/225
f 36/234/36 235/235/235 236/236/236 237/237/237
f 36/234/36 237/237/237 238/238/238 239/239/239
f 36/234/36 240/240/240 241/241/241 235/235/235
f 37/242/37 242/243/242 243/244/243 244/245/244
f 37/242/37 245/246/245 246/247/246 242/243/242
f 37/242/37 244/245/244 247/248/247 248/249/248
f 38/250/38 249/251/249 250/252/250 251/253/251
f 38/250/38 252/254/252 253/255/253 254/256/254
f 38/250/38 251/253/251 255/257/255 252/254/252
f 39/258/39 256/259/256 257/260/257 258/261/258
f 39/258/39 259/262/259 260/263/260 261/264/261
f 39/258/39 258/261/258 262/265/262 259/262/259
f 40/266/40 263/267/263 264/268/264 265/269/265
f 40/266/40 265/269/265 266/270/266 267/271/267
f 40/266/40 268/272/268 269/273/269 263/267/263
f 35/228/35 232/231/232 41/274/41 233/232/233
f 41/274/41 232/231/232 270/275/270 42/276/42
f 41/274/41 42/276/42 271/277/271 272/278/272
f 41/279/41 272/280/272 273/281/273 274/282/274
f 41/279/41 274/282/274 275/283/275 233/284/233
f 42/276/42 270/275/270 276/285/276 271/277/271
f 43/286/43 48/287/48 277/288/277 278/289/278
f 43/286/43 278/289/278 279/290/279 280/291/280
f 43/286/43 280/291/280 281/292/281 48/287/48
f 44/293/44 279/290/279 278/289/278 282/294/282
f 44/293/44 276/285/276 283/295/283 279/290/279
f 44/293/44 282/294/282 271/277/271 276/285/276
f 45/296/45 284/297/284 285/298/285 47/299/47
f 45/296/45 286/300/286 287/301/287 284/297/284
f 45/296/45 47/299/47 288/302/288 286/300/286
f 46/303/46 289/304/289 290/305/290 291/306/291
f 46/303/46 291/306/291 284/297/284 287/301/287
f 46/303/46 287/301/287 292/307/292 289/304/289
f 47/299/47 285/298/285 293/308/293 294/309/294
f 47/299/47 294/309/294 48/287/48 281/292/281
f 48/310/48 295/311/295 296/312/296 277/313/277
f 49/314/49 297/315/297 298/316/298 299/317/299
f 49/314/49 300/318/300 301/319/301 297/315/297
f 49/314/49 299/317/299 302/320/302 300/318/300
f 349/370/349 350/371/350 351/372/351 345/373/345
f 349/370/349 353/376/353 354/377/354 350/371/350
f 354/377/354 355/378/355 356/379/356 350/371/350
f 354/377/354 353/376/353 357/380/357 358/381/358
f 354/377/354 358/381/358 359/382/359 355/378/355
f 359/382/359 360/383/360 361/384/361 355/378/355
f 359/382/359 358/381/358 362/385/362 363/386/363
f 359/382/359 363/386/363 364/387/364 360/383/360
f 364/387/364 365/388/365 366/389/366 360/383/360
f 364/387/364 363/386/363 367/390/367 368/391/368
f 364/387/364 368/391/368 369/392/369 365/388/365
f 369/392/369 370/393/370 371/394/371 365/388/365
f 372/395/372 373/396/373 374/397/374 375/398/375
f 372/395/372 375/398/375 371/394/371 370/393/370
f 375/398/375 374/397/374 376/399/376 377/400/377
f 375/398/375 377/400/377 378/401/378 371/394/371
f 378/401/378 377/400/377 379/402/379 380/403/380
f 378/401/378 380/403/380 381/404/381 366/389/366
f 378/401/378 366/389/366 365/388/365 371/394/371
f 381/404/381 380/403/380 382/405/382 383/406/383
f 381/404/381 383/406/383 384/407/384 361/384/361
f 381/404/381 361/384/361 360/383/360 366/389/366
f 384/407/384 383/406/383 385/408/385 386/409/386
f 384/407/384 386/409/386 387/410/387 356/379/356
f 384/407/384 356/379/356 355/378/355 361/384/361
f 387/410/387 386/409/386 388/411/388 389/412/389
f 387/410/387 389/412/389 390/413/390 351/372/351
f 387/410/387 351/372/351 350/371/350 356/379/356
f 390/413/390 389/412/389 391/414/391 392/415/392
f 390/413/390 392/415/392 393/416/393 346/417/346
f 390/413/390 346/417/346 345/373/345 351/372/351
f 393/416/393 392/415/392 394/418/394 395/419/395
f 459/488/459 362/385/362 358/381/358 357/380/357
f 459/488/459 460/490/460 461/491/461 362/385/362
f 461/491/461 367/390/367 363/386/363 362/385/362
f 1872/492/1872 462/493/462 463/494/463 464/495/464
f 1872/492/1872 464/495/464 374/496/374 373/497/373
f 464/495/464 463/494/463 465/498/465 466/499/466
f 464/495/464 466/499/466 376/500/376 374/496/374
f 466/499/466 465/498/465 467/501/467 468/502/468
f 466/499/466 468/502/468 469/503/469 376/500/376
f 469/503/469 468/502/468 470/504/470 471/505/471
f 469/506/469 471/507/471 472/508/472 379/402/379
f 469/506/469 379/402/379 377/400/377 376/399/376
f 472/508/472 471/507/471 473/509/473 474/510/474
f 472/508/472 474/510/474 475/511/475 382/405/382
f 472/508/472 382/405/382 380/403/380 379/402/379
f 475/511/475 474/510/474 476/512/476 477/513/477
f 475/511/475 477/513/477 478/514/478 385/408/385
f 475/511/475 385/408/385 383/406/383 382/405/382
f 478/514/478 477/513/477 479/515/479 480/516/480
f 478/514/478 480/516/480 481/517/481 388/411/388
f 478/514/478 388/411/388 386/409/386 385/408/385
f 481/517/481 480/516/480 482/518/482 483/519/483
f 481/517/481 483/519/483 484/520/484 391/414/391
f 481/517/481 391/414/391 389/412/389 388/411/388
f 484/520/484 483/519/483 485/521/485 486/522/486
f 484/520/484 486/522/486 487/523/487 394/418/394
f 484/520/484 394/418/394 392/415/392 391/414/391
f 487/523/487 486/522/486 488/524/488 489/525/489
f 487/523/487 489/525/489 490/526/490 397/527/397
f 487/523/487 397/527/397 395/419/395 394/418/394
f 490/526/490 489/525/489 491/528/491 492/529/492
f 492/529/492 491/528/491 493/532/493 494/533/494
f 494/533/494 493/532/493 495/535/495 496/536/496
f 496/536/496 495/535/495 497/538/497 498/539/498
f 522/564/522 521/565/521 523/566/523 524/567/524
f 522/564/522 524/567/524 463/494/463 462/493/462
f 524/567/524 523/566/523 525/568/525 526/569/526
f 524/567/524 526/569/526 465/498/465 463/494/463
f 526/569/526 525/568/525 527/570/527 528/571/528
f 526/569/526 528/571/528 467/501/467 465/498/465
f 528/571/528 527/570/527 529/572/529 530/573/530
f 528/571/528 530/573/530 531/574/531 467/501/467
f 531/574/531 530/573/530 532/575/532 533/576/533
f 531/574/531 533/576/533 534/577/534 470/504/470
f 531/574/531 470/504/470 468/502/468 467/501/467
f 534/577/534 533/576/533 535/578/535 536/579/536
f 534/577/534 536/579/536 537/580/537 473/581/473
f 534/577/534 473/581/473 471/505/471 470/504/470
f 537/580/537 536/579/536 538/582/538 539/583/539
f 537/584/537 539/585/539 540/586/540 476/512/476
f 537/584/537 476/512/476 474/510/474 473/509/473
f 540/586/540 539/585/539 541/587/541 542/588/542
f 540/586/540 542/588/542 543/589/543 479/515/479
f 540/586/540 479/515/479 477/513/477 476/512/476
f 543/589/543 542/588/542 544/590/544 545/591/545
f 543/589/543 545/591/545 546/592/546 482/518/482
f 543/589/543 482/518/482 480/516/480 479/515/479
f 546/592/546 545/591/545 547/593/547 548/594/548
f 546/592/546 548/594/548 549/595/549 485/521/485
f 546/592/546 485/521/485 483/519/483 482/518/482
f 549/595/549 548/594/548 242/243/242 246/247/246
f 549/595/549 246/247/246 550/596/550 488/524/488
f 549/595/549 488/524/488 486/522/486 485/521/485
f 550/596/550 246/247/246 245/246/245 551/597/551
f 550/596/550 551/597/551 493/532/493 491/528/491
f 550/596/550 491/528/491 489/525/489 488/524/488
f 551/597/551 245/246/245 552/598/552 553/599/553
f 551/597/551 553/599/553 495/535/495 493/532/493
f 553/599/553 552/598/552 554/600/554 555/601/555
f 553/599/553 555/601/555 497/538/497 495/535/495
f 555/601/555 554/600/554 556/602/556 557/603/557
f 555/601/555 557/603/557 558/604/558 497/538/497
f 558/604/558 557/603/557 559/605/559 560/606/560
f 558/604/558 560/606/560 502/607/502 500/608/500
f 558/604/558 500/608/500 498/539/498 497/538/497
f 560/606/560 559/605/559 561/609/561 562/610/562
f 560/606/560 562/610/562 563/611/563 502/607/502
f 563/611/563 562/610/562 564/612/564 565/613/565
f 575/627/575 574/628/574 576/629/576 577/630/577
f 575/627/575 577/630/577 523/566/523 521/565/521
f 577/630/577 576/629/576 578/631/578 579/632/579
f 577/630/577 579/632/579 525/568/525 523/566/523
f 579/632/579 578/631/578 580/633/580 581/634/581
f 579/632/579 581/634/581 527/570/527 525/568/525
f 581/634/581 580/633/580 582/635/582 583/636/583
f 581/634/581 583/636/583 529/572/529 527/570/527
f 583/636/583 582/635/582 584/637/584 585/638/585
f 583/636/583 585/638/585 586/639/586 529/572/529
f 586/639/586 585/638/585 587/640/587 588/641/588
f 586/639/586 588/641/588 589/642/589 532/575/532
f 586/639/586 532/575/532 530/573/530 529/572/529
f 589/642/589 588/641/588 590/643/590 591/644/591
f 589/642/589 591/644/591 592/645/592 535/578/535
f 589/642/589 535/578/535 533/576/533 532/575/532
f 592/645/592 591/644/591 593/646/593 594/647/594
f 592/645/592 594/647/594 595/648/595 538/582/538
f 592/645/592 538/582/538 536/579/536 535/578/535
f 595/648/595 594/647/594 596/649/596 597/650/597
f 595/648/595 597/650/597 598/651/598 541/652/541
f 595/648/595 541/652/541 539/583/539 538/582/538
f 598/651/598 597/650/597 599/653/599 600/654/600
f 598/655/598 600/656/600 601/657/601 544/590/544
f 598/655/598 544/590/544 542/588/542 541/587/541
f 601/657/601 600/656/600 602/658/602 603/659/603
f 601/657/601 603/659/603 243/244/243 547/593/547
f 601/657/601 547/593/547 545/591/545 544/590/544
f 603/659/603 602/658/602 604/660/604 605/661/605
f 603/659/603 605/661/605 244/245/244 243/244/243
f 605/661/605 604/660/604 606/662/606 607/663/607
f 605/661/605 607/663/607 247/248/247 244/245/244
f 607/663/607 608/664/608 609/665/609 247/248/247
f 607/663/607 606/662/606 610/666/610 608/664/608
f 610/666/610 611/667/611 612/668/612 608/664/608
f 610/669/610 606/670/606 613/671/613 614/672/614
f 610/669/610 614/672/614 615/673/615 611/674/611
f 615/673/615 616/675/616 617/676/617 611/674/611
f 615/673/615 614/672/614 618/677/618 619/678/619
f 615/673/615 619/678/619 620/679/620 616/675/616
f 620/679/620 621/680/621 622/681/622 616/675/616
f 620/679/620 619/678/619 623/682/623 624/683/624
f 620/679/620 624/683/624 1877/684/1877 621/680/621
f 1877/684/1877 624/683/624 625/685/625 626/686/626
f 628/687/628 1878/688/1878 629/689/629 630/690/630
f 628/687/628 630/690/630 576/629/576 574/628/574
f 630/690/630 629/689/629 631/691/631 632/692/632
f 630/690/630 632/692/632 578/631/578 576/629/576
f 632/692/632 631/691/631 633/693/633 634/694/634
f 632/692/632 634/694/634 580/633/580 578/631/578
f 634/694/634 633/693/633 635/695/635 636/696/636
f 634/694/634 636/696/636 582/635/582 580/633/580
f 636/696/636 635/695/635 637/697/637 638/698/638
f 636/696/636 638/698/638 584/637/584 582/635/582
f 638/698/638 637/697/637 639/699/639 640/700/640
f 638/698/638 640/700/640 641/701/641 584/637/584
f 641/701/641 640/700/640 642/702/642 643/703/643
f 641/701/641 643/703/643 644/704/644 587/640/587
f 641/701/641 587/640/587 585/638/585 584/637/584
f 644/704/644 643/703/643 645/705/645 646/706/646
f 644/704/644 646/706/646 647/707/647 590/643/590
f 644/704/644 590/643/590 588/641/588 587/640/587
f 647/707/647 646/706/646 262/265/262 258/261/258
f 647/707/647 258/261/258 257/260/257 593/646/593
f 647/707/647 593/646/593 591/644/591 590/643/590
f 646/706/646 645/705/645 648/708/648 262/265/262
f 648/708/648 649/709/649 650/710/650 651/711/651
f 648/708/648 651/711/651 259/262/259 262/265/262
f 648/708/648 645/705/645 652/712/652 649/709/649
f 652/712/652 653/713/653 654/714/654 649/709/649
f 652/712/652 645/705/645 643/703/643 642/702/642
f 652/712/652 642/702/642 655/715/655 653/713/653
f 655/715/655 656/716/656 657/717/657 653/713/653
f 655/715/655 642/702/642 640/700/640 639/699/639
f 655/715/655 639/699/639 658/718/658 656/716/656
f 658/718/658 659/719/659 660/720/660 656/716/656
f 658/718/658 639/699/639 637/697/637 661/721/661
f 658/718/658 661/721/661 662/722/662 659/719/659
f 662/722/662 663/723/663 664/724/664 659/719/659
f 662/722/662 661/721/661 665/725/665 666/726/666
f 662/722/662 666/726/666 667/727/667 663/723/663
f 667/727/667 668/728/668 669/729/669 663/723/663
f 667/727/667 666/726/666 670/730/670 671/731/671
f 667/727/667 671/731/671 672/732/672 668/728/668
f 672/732/672 673/733/673 674/734/674 668/728/668
f 672/732/672 671/731/671 675/735/675 676/736/676
f 672/732/672 676/736/676 677/737/677 673/733/673
f 677/737/677 678/738/678 679/739/679 673/733/673
f 677/737/677 676/736/676 680/740/680 681/741/681
f 677/737/677 681/741/681 682/742/682 678/738/678
f 682/742/682 683/743/683 684/744/684 678/738/678
f 682/742/682 681/741/681 685/745/685 686/746/686
f 682/742/682 686/746/686 687/747/687 683/743/683
f 687/747/687 688/748/688 689/749/689 683/743/683
f 690/750/690 1879/751/1879 691/752/691 692/753/692
f 690/750/690 692/753/692 689/749/689 688/748/688
f 692/753/692 691/752/691 693/754/693 694/755/694
f 692/753/692 694/755/694 695/756/695 689/749/689
f 695/756/695 694/755/694 696/757/696 697/758/697
f 695/756/695 697/758/697 698/759/698 684/744/684
f 695/756/695 684/744/684 683/743/683 689/749/689
f 698/759/698 697/758/697 699/760/699 700/761/700
f 698/759/698 700/761/700 701/762/701 679/739/679
f 698/759/698 679/739/679 678/738/678 684/744/684
f 701/762/701 700/761/700 702/763/702 703/764/703
f 701/762/701 703/764/703 704/765/704 674/734/674
f 701/762/701 674/734/674 673/733/673 679/739/679
f 704/765/704 703/764/703 705/766/705 706/767/706
f 704/765/704 706/767/706 707/768/707 669/729/669
f 704/765/704 669/729/669 668/728/668 674/734/674
f 707/768/707 706/767/706 708/769/708 709/770/709
f 707/768/707 709/770/709 710/771/710 664/724/664
f 707/768/707 664/724/664 663/723/663 669/729/669
f 710/771/710 709/770/709 711/772/711 712/773/712
f 710/771/710 712/773/712 713/774/713 660/720/660
f 710/771/710 660/720/660 659/719/659 664/724/664
f 713/774/713 712/773/712 714/775/714 715/776/715
f 713/774/713 715/776/715 716/777/716 657/717/657
f 713/774/713 657/717/657 656/716/656 660/720/660
f 716/777/716 715/776/715 717/778/717 718/779/718
f 716/777/716 718/779/718 719/780/719 654/714/654
f 716/777/716 654/714/654 653/713/653 657/717/657
f 719/780/719 718/779/718 720/781/720 721/782/721
f 719/780/719 721/782/721 722/783/722 650/710/650
f 719/780/719 650/710/650 649/709/649 654/714/654
f 722/783/722 721/782/721 723/784/723 724/785/724
f 722/783/722 724/785/724 725/786/725 726/787/726
f 722/783/722 726/787/726 651/711/651 650/710/650
f 726/787/726 725/786/725 727/788/727 260/263/260
f 726/787/726 260/263/260 259/262/259 651/711/651
f 727/788/727 725/786/725 728/789/728 729/790/729
f 727/788/727 729/790/729 730/791/730 731/792/731
f 727/788/727 731/792/731 261/264/261 260/263/260
f 731/793/731 730/794/730 732/795/732 733/796/733
f 731/793/731 733/796/733 734/797/734 261/798/261
f 734/797/734 733/796/733 735/799/735 736/800/736
f 734/797/734 736/800/736 737/801/737 738/802/738
f 734/797/734 738/802/738 39/803/39 261/798/261
f 738/802/738 737/801/737 739/804/739 740/805/740
f 738/802/738 740/805/740 256/806/256 39/803/39
f 740/805/740 739/804/739 741/807/741 742/808/742
f 740/805/740 742/808/742 743/809/743 256/806/256
f 743/809/743 742/808/742 744/810/744 599/811/599
f 743/812/743 599/653/599 597/650/597 596/649/596
f 743/812/743 596/649/596 257/260/257 256/259/256
f 744/810/744 742/808/742 741/807/741 745/813/745
f 744/810/744 745/813/745 604/814/604 602/815/602
f 744/810/744 602/815/602 600/816/600 599/811/599
f 745/813/745 741/807/741 746/817/746 613/671/613
f 745/813/745 613/671/613 606/670/606 604/814/604
f 746/817/746 618/677/618 614/672/614 613/671/613
f 746/817/746 741/807/741 739/804/739 747/818/747
f 746/817/746 747/818/747 748/819/748 618/677/618
f 748/819/748 623/682/623 619/678/619 618/677/618
f 748/819/748 747/818/747 749/820/749 750/821/750
f 748/819/748 750/821/750 751/822/751 623/682/623
f 751/822/751 625/685/625 624/683/624 623/682/623
f 751/822/751 750/821/750 752/823/752 753/824/753
f 751/822/751 753/824/753 754/825/754 625/685/625
f 754/825/754 753/824/753 755/826/755 756/827/756
f 754/825/754 756/827/756 757/828/757 627/829/627
f 754/825/754 627/829/627 626/686/626 625/685/625
f 757/828/757 756/827/756 758/830/758 759/831/759
f 761/832/761 1880/833/1880 762/834/762 763/835/763
f 761/832/761 763/835/763 629/689/629 1878/688/1878
f 763/835/763 762/834/762 764/836/764 765/837/765
f 763/835/763 765/837/765 631/691/631 629/689/629
f 765/837/765 764/836/764 670/730/670 766/838/766
f 765/837/765 766/838/766 633/693/633 631/691/631
f 766/838/766 670/730/670 666/726/666 665/725/665
f 766/838/766 665/725/665 635/695/635 633/693/633
f 764/836/764 675/735/675 671/731/671 670/730/670
f 764/836/764 762/834/762 767/839/767 675/735/675
f 767/839/767 680/740/680 676/736/676 675/735/675
f 767/839/767 762/834/762 1880/833/1880 1881/840/1881
f 767/839/767 1881/840/1881 768/841/768 680/740/680
f 768/841/768 685/745/685 681/741/681 680/740/680
f 771/842/771 772/843/772 773/844/773 769/845/769
f 771/842/771 774/846/774 775/847/775 772/843/772
f 775/847/775 776/848/776 777/849/777 772/843/772
f 775/847/775 774/846/774 1882/850/1882 778/851/778
f 775/847/775 778/851/778 779/852/779 776/848/776
f 779/852/779 780/853/780 781/854/781 776/848/776
f 779/852/779 778/851/778 782/855/782 783/856/783
f 779/852/779 783/856/783 784/857/784 780/853/780
f 784/857/784 785/858/785 786/859/786 780/853/780
f 784/857/784 783/856/783 787/860/787 788/861/788
f 784/857/784 788/861/788 789/862/789 785/858/785
f 789/862/789 790/863/790 791/864/791 785/858/785
f 789/862/789 788/861/788 792/865/792 793/866/793
f 789/862/789 793/866/793 794/867/794 790/863/790
f 794/867/794 795/868/795 796/869/796 790/863/790
f 794/867/794 793/866/793 797/870/797 798/871/798
f 794/867/794 798/871/798 799/872/799 795/868/795
f 799/872/799 800/873/800 801/874/801 795/868/795
f 799/872/799 798/871/798 802/875/802 803/876/803
f 799/872/799 803/876/803 804/877/804 800/873/800
f 804/877/804 805/878/805 806/879/806 800/873/800
f 804/877/804 803/876/803 807/880/807 808/881/808
f 804/877/804 808/881/808 809/882/809 805/878/805
f 809/882/809 810/883/810 811/884/811 805/878/805
f 809/882/809 808/881/808 71/26/71 75/30/75
f 809/882/809 75/30/75 812/885/812 810/883/810
f 812/885/812 813/886/813 814/887/814 810/883/810
f 812/885/812 75/30/75 74/29/74 815/888/815
f 812/885/812 815/888/815 816/889/816 813/886/813
f 816/889/816 817/890/817 818/891/818 813/886/813
f 816/889/816 815/888/815 819/892/819 820/893/820
f 816/889/816 820/893/820 821/894/821 817/890/817
f 821/894/821 1883/895/1883 822/896/822 817/890/817
f 821/894/821 820/893/820 823/897/823 824/898/824
f 821/894/821 824/898/824 1884/899/1884 1883/895/1883
f 1884/899/1884 824/898/824 825/900/825 1885/901/1885
f 1887/902/1887 1888/903/1888 827/904/827 818/891/818
f 1887/902/1887 818/891/818 817/890/817 822/896/822
f 827/904/827 1888/903/1888 828/905/828 829/906/829
f 827/904/827 829/906/829 830/907/830 814/887/814
f 827/904/827 814/887/814 813/886/813 818/891/818
f 830/907/830 829/906/829 831/908/831 832/909/832
f 830/907/830 832/909/832 833/910/833 811/884/811
f 830/907/830 811/884/811 810/883/810 814/887/814
f 833/910/833 832/909/832 834/911/834 835/912/835
f 833/910/833 835/912/835 836/913/836 806/879/806
f 833/910/833 806/879/806 805/878/805 811/884/811
f 836/913/836 835/912/835 837/914/837 838/915/838
f 836/913/836 838/915/838 839/916/839 801/874/801
f 836/913/836 801/874/801 800/873/800 806/879/806
f 839/916/839 838/915/838 840/917/840 841/918/841
f 839/916/839 841/918/841 842/919/842 796/869/796
f 839/916/839 796/869/796 795/868/795 801/874/801
f 842/919/842 841/918/841 843/920/843 844/921/844
f 842/919/842 844/921/844 845/922/845 791/864/791
f 842/919/842 791/864/791 790/863/790 796/869/796
f 845/922/845 844/921/844 846/923/846 847/924/847
f 845/922/845 847/924/847 848/925/848 786/859/786
f 845/922/845 786/859/786 785/858/785 791/864/791
f 848/925/848 847/924/847 849/926/849 850/927/850
f 848/925/848 850/927/850 851/928/851 781/854/781
f 848/925/848 781/854/781 780/853/780 786/859/786
f 851/928/851 850/927/850 852/929/852 853/930/853
f 851/928/851 853/930/853 854/931/854 777/849/777
f 851/928/851 777/849/777 776/848/776 781/854/781
f 854/931/854 853/930/853 855/932/855 856/933/856
f 854/931/854 856/933/856 857/934/857 773/844/773
f 854/931/854 773/844/773 772/843/772 777/849/777
f 857/934/857 856/933/856 858/935/858 859/936/859
f 857/934/857 859/936/859 860/937/860 770/938/770
f 857/934/857 770/938/770 769/845/769 773/844/773
f 860/937/860 859/936/859 861/939/861 862/940/862
f 1890/941/1890 865/942/865 866/943/866 1889/944/1889
f 1890/945/1890 863/946/863 867/947/867 865/948/865
f 867/947/867 868/949/868 869/950/869 865/948/865
f 867/947/867 863/946/863 862/940/862 861/939/861
f 867/947/867 861/939/861 870/951/870 868/949/868
f 870/951/870 871/952/871 872/953/872 868/949/868
f 870/951/870 861/939/861 859/936/859 858/935/858
f 870/951/870 858/935/858 873/954/873 871/952/871
f 873/954/873 874/955/874 875/956/875 871/952/871
f 873/954/873 858/935/858 856/933/856 855/932/855
f 873/954/873 855/932/855 876/957/876 874/955/874
f 876/957/876 877/958/877 878/959/878 874/955/874
f 876/957/876 855/932/855 853/930/853 852/929/852
f 876/957/876 852/929/852 879/960/879 877/958/877
f 879/960/879 880/961/880 881/962/881 877/958/877
f 879/960/879 852/929/852 850/927/850 849/926/849
f 879/960/879 849/926/849 882/963/882 880/961/880
f 882/963/882 883/964/883 884/965/884 880/961/880
f 882/963/882 849/926/849 847/924/847 846/923/846
f 882/963/882 846/923/846 885/966/885 883/964/883
f 885/966/885 886/967/886 887/968/887 883/964/883
f 885/966/885 846/923/846 844/921/844 843/920/843
f 885/966/885 843/920/843 888/969/888 886/967/886
f 888/969/888 889/970/889 890/971/890 886/967/886
f 888/969/888 843/920/843 841/918/841 840/917/840
f 888/969/888 840/917/840 891/972/891 889/970/889
f 891/972/891 892/973/892 893/974/893 889/970/889
f 891/972/891 840/917/840 838/915/838 837/914/837
f 891/972/891 837/914/837 894/975/894 892/973/892
f 894/975/894 895/976/895 896/977/896 892/973/892
f 894/975/894 837/914/837 835/912/835 834/911/834
f 894/975/894 834/911/834 897/978/897 895/976/895
f 897/978/897 898/979/898 899/980/899 895/976/895
f 897/978/897 834/911/834 832/909/832 831/908/831
f 897/978/897 831/908/831 1891/981/1891 898/979/898
f 1891/981/1891 831/908/831 829/906/829 828/905/828
f 900/982/900 901/983/901 902/984/902 896/977/896
f 900/982/900 896/977/896 895/976/895 899/980/899
f 902/984/902 901/983/901 903/985/903 904/986/904
f 902/984/902 904/986/904 905/987/905 893/974/893
f 902/984/902 893/974/893 892/973/892 896/977/896
f 905/987/905 904/986/904 906/988/906 907/989/907
f 905/987/905 907/989/907 908/990/908 890/971/890
f 905/987/905 890/971/890 889/970/889 893/974/893
f 908/990/908 907/989/907 909/991/909 910/992/910
f 908/990/908 910/992/910 911/993/911 887/968/887
f 908/990/908 887/968/887 886/967/886 890/971/890
f 911/993/911 910/992/910 912/994/912 913/995/913
f 911/993/911 913/995/913 914/996/914 884/965/884
f 911/993/911 884/965/884 883/964/883 887/968/887
f 914/996/914 913/995/913 915/997/915 916/998/916
f 914/996/914 916/998/916 917/999/917 881/962/881
f 914/996/914 881/962/881 880/961/880 884/965/884
f 917/999/917 916/998/916 918/1000/918 919/1001/919
f 917/999/917 919/1001/919 920/1002/920 878/959/878
f 917/999/917 878/959/878 877/958/877 881/962/881
f 920/1002/920 919/1001/919 921/1003/921 922/1004/922
f 920/1002/920 922/1004/922 923/1005/923 875/956/875
f 920/1002/920 875/956/875 874/955/874 878/959/878
f 923/1005/923 922/1004/922 924/1006/924 925/1007/925
f 923/1005/923 925/1007/925 926/1008/926 872/953/872
f 923/1005/923 872/953/872 871/952/871 875/956/875
f 926/1009/926 925/1010/925 927/1011/927 928/1012/928
f 926/1009/926 928/1012/928 929/1013/929 869/1014/869
f 926/1008/926 869/950/869 868/949/868 872/953/872
f 929/1013/929 928/1012/928 112/77/112 111/76/111
f 929/1013/929 111/76/111 116/80/116 866/943/866
f 929/1013/929 866/943/866 865/942/865 869/1014/869
f 928/1012/928 927/1011/927 930/1015/930 112/77/112
f 930/1015/930 101/60/101 100/59/100 931/1016/931
f 930/1015/930 931/1016/931 113/78/113 112/77/112
f 930/1015/930 927/1011/927 932/1017/932 101/60/101
f 932/1017/932 933/1018/933 102/61/102 101/60/101
f 932/1017/932 927/1011/927 925/1010/925 924/1019/924
f 932/1017/932 924/1019/924 934/1020/934 933/1018/933
f 934/1020/934 935/1021/935 936/1022/936 933/1018/933
f 934/1023/934 924/1006/924 922/1004/922 921/1003/921
f 934/1023/934 921/1003/921 937/1024/937 935/1025/935
f 937/1024/937 68/20/68 67/19/67 935/1025/935
f 937/1024/937 921/1003/921 919/1001/919 918/1000/918
f 937/1024/937 918/1000/918 938/1026/938 68/20/68
f 938/1026/938 939/1027/939 64/16/64 68/20/68
f 938/1026/938 918/1000/918 916/998/916 915/997/915
f 938/1026/938 915/997/915 940/1028/940 939/1027/939
f 940/1028/940 941/1029/941 942/1030/942 939/1027/939
f 940/1028/940 915/997/915 913/995/913 912/994/912
f 940/1028/940 912/994/912 943/1031/943 941/1029/941
f 943/1031/943 944/1032/944 945/1033/945 941/1029/941
f 943/1031/943 912/994/912 910/992/910 909/991/909
f 943/1031/943 909/991/909 946/1034/946 944/1032/944
f 946/1034/946 1892/1035/1892 1893/1036/1893 944/1032/944
f 946/1034/946 909/991/909 907/989/907 906/988/906
f 946/1034/946 906/988/906 1894/1037/1894 1892/1035/1892
f 1894/1037/1894 906/988/906 904/986/904 903/985/903
f 1895/1038/1895 949/1039/949 950/1040/950 947/1041/947
f 1895/1038/1895 951/1042/951 952/1043/952 949/1039/949
f 952/1043/952 953/1044/953 954/1045/954 949/1039/949
f 952/1043/952 951/1042/951 1896/1046/1896 955/1047/955
f 952/1043/952 955/1047/955 956/1048/956 953/1044/953
f 956/1048/956 957/1049/957 958/1050/958 953/1044/953
f 956/1048/956 955/1047/955 959/1051/959 82/38/82
f 956/1048/956 82/38/82 79/35/79 957/1049/957
f 959/1051/959 955/1047/955 1896/1046/1896 826/1052/826
f 959/1051/959 826/1052/826 1886/1053/1886 960/1054/960
f 959/1051/959 960/1054/960 80/36/80 82/38/82
f 960/1054/960 1886/1053/1886 1885/901/1885 825/900/825
f 960/1054/960 825/900/825 81/37/81 80/36/80
f 958/1050/958 961/1055/961 962/1056/962 963/1057/963
f 958/1050/958 963/1057/963 954/1045/954 953/1044/953
f 958/1050/958 957/1049/957 964/1058/964 961/1055/961
f 964/1058/964 965/1059/965 966/1060/966 961/1055/961
f 964/1058/964 957/1049/957 79/35/79 78/34/78
f 964/1058/964 78/34/78 967/1061/967 965/1059/965
f 967/1061/967 968/1062/968 819/892/819 76/31/76
f 967/1061/967 76/31/76 73/28/73 965/1059/965
f 967/1061/967 78/34/78 77/33/77 968/1062/968
f 968/1062/968 823/897/823 820/893/820 819/892/819
f 968/1062/968 77/33/77 81/37/81 823/897/823
f 966/1060/966 72/27/72 807/880/807 969/1063/969
f 966/1060/966 969/1063/969 962/1056/962 961/1055/961
f 966/1060/966 965/1059/965 73/28/73 72/27/72
f 969/1063/969 807/880/807 803/876/803 802/875/802
f 969/1063/969 802/875/802 970/1064/970 962/1056/962
f 970/1064/970 802/875/802 798/871/798 797/870/797
f 970/1064/970 797/870/797 971/1065/971 972/1066/972
f 970/1064/970 972/1066/972 963/1057/963 962/1056/962
f 972/1066/972 971/1065/971 973/1067/973 974/1068/974
f 972/1066/972 974/1068/974 954/1045/954 963/1057/963
f 974/1068/974 973/1067/973 975/1069/975 950/1040/950
f 974/1068/974 950/1040/950 949/1039/949 954/1045/954
f 975/1069/975 973/1067/973 976/1070/976 977/1071/977
f 975/1069/975 977/1071/977 1897/1072/1897 948/1073/948
f 975/1069/975 948/1073/948 947/1041/947 950/1040/950
f 1897/1072/1897 977/1071/977 978/1074/978 1898/1075/1898
f 979/1076/979 1899/1077/1899 980/1078/980 945/1033/945
f 979/1076/979 945/1033/945 944/1032/944 1893/1036/1893
f 980/1078/980 1899/1077/1899 1900/1079/1900 981/1080/981
f 980/1078/980 981/1080/981 65/17/65 942/1030/942
f 980/1078/980 942/1030/942 941/1029/941 945/1033/945
f 981/1080/981 1900/1079/1900 982/1081/982 983/1082/983
f 981/1080/981 983/1082/983 66/18/66 65/17/65
f 983/1083/983 984/1084/984 69/23/69 66/22/66
f 983/1083/983 982/1085/982 1901/1086/1901 984/1084/984
f 1901/1086/1901 985/1087/985 986/1088/986 984/1084/984
f 1902/1089/1902 987/1090/987 988/1091/988 989/1092/989
f 1902/1089/1902 989/1092/989 986/1088/986 985/1087/985
f 989/1092/989 988/1091/988 990/1093/990 991/1094/991
f 989/1092/989 991/1094/991 992/1095/992 986/1088/986
f 992/1095/992 991/1094/991 993/1096/993 994/1097/994
f 992/1095/992 994/1097/994 70/24/70 69/23/69
f 992/1095/992 69/23/69 984/1084/984 986/1088/986
f 994/1097/994 993/1096/993 995/1098/995 996/1099/996
f 994/1097/994 996/1099/996 997/1100/997 70/24/70
f 997/1100/997 996/1099/996 998/1101/998 999/1102/999
f 997/1100/997 999/1102/999 1000/1103/1000 1001/1104/1001
f 997/1100/997 1001/1104/1001 3/21/3 70/24/70
f 1001/1104/1001 1000/1103/1000 1002/1105/1002 1003/1106/1003
f 1001/1104/1001 1003/1106/1003 67/1107/67 3/21/3
f 1003/1106/1003 1002/1105/1002 103/62/103 936/1022/936
f 1003/1106/1003 936/1022/936 935/1021/935 67/1107/67
f 1002/1105/1002 1000/1103/1000 1004/1108/1004 1005/1109/1005
f 1002/1105/1002 1005/1109/1005 95/54/95 103/62/103
f 1005/1109/1005 1004/1108/1004 1006/1110/1006 1007/1111/1007
f 1005/1109/1005 1007/1111/1007 96/55/96 95/54/95
f 1007/1111/1007 1006/1110/1006 1008/1112/1008 1009/1113/1009
f 1007/1111/1007 1009/1113/1009 1010/1114/1010 96/55/96
f 1010/1114/1010 1009/1113/1009 1011/1115/1011 1012/1116/1012
f 1010/1114/1010 1012/1116/1012 1013/1117/1013 1014/1118/1014
f 1010/1114/1010 1014/1118/1014 97/56/97 96/55/96
f 1014/1118/1014 1013/1117/1013 1015/1119/1015 1016/1120/1016
f 1014/1118/1014 1016/1120/1016 98/57/98 97/56/97
f 1016/1120/1016 1015/1119/1015 1017/1121/1017 1018/1122/1018
f 1016/1120/1016 1018/1122/1018 1019/1123/1019 98/57/98
f 1019/1123/1019 1020/1124/1020 99/58/99 98/57/98
f 1019/1123/1019 1018/1122/1018 1021/1125/1021 1022/1126/1022
f 1019/1123/1019 1022/1126/1022 1023/1127/1023 1020/1124/1020
f 1023/1127/1023 90/48/90 89/47/89 1020/1124/1020
f 1023/1127/1023 1022/1126/1022 1024/1128/1024 1025/1129/1025
f 1023/1127/1023 1025/1129/1025 1026/1130/1026 90/48/90
f 1026/1130/1026 1025/1129/1025 1027/1131/1027 1028/1132/1028
f 1026/1130/1026 1028/1132/1028 1029/1133/1029 1030/1134/1030
f 1026/1130/1026 1030/1134/1030 91/49/91 90/48/90
f 1030/1134/1030 1029/1133/1029 1031/1135/1031 1032/1136/1032
f 1030/1134/1030 1032/1136/1032 92/50/92 91/49/91
f 1032/1136/1032 1031/1135/1031 693/754/693 114/81/114
f 1032/1136/1032 114/81/114 113/78/113 92/50/92
f 1031/1135/1031 1029/1133/1029 1033/1137/1033 696/757/696
f 1031/1135/1031 696/757/696 694/755/694 693/754/693
f 1033/1137/1033 1029/1133/1029 1028/1132/1028 1034/1138/1034
f 1033/1137/1033 1034/1138/1034 1035/1139/1035 699/760/699
f 1033/1137/1033 699/760/699 697/758/697 696/757/696
f 1035/1139/1035 1034/1138/1034 1036/1140/1036 1037/1141/1037
f 1035/1139/1035 1037/1141/1037 1038/1142/1038 702/763/702
f 1035/1139/1035 702/763/702 700/761/700 699/760/699
f 1038/1142/1038 1037/1141/1037 1039/1143/1039 1040/1144/1040
f 1038/1142/1038 1040/1144/1040 1041/1145/1041 705/766/705
f 1038/1142/1038 705/766/705 703/764/703 702/763/702
f 1041/1145/1041 1040/1144/1040 1042/1146/1042 1043/1147/1043
f 1041/1145/1041 1043/1147/1043 1044/1148/1044 708/769/708
f 1041/1145/1041 708/769/708 706/767/706 705/766/705
f 1044/1148/1044 1043/1147/1043 1045/1149/1045 1046/1150/1046
f 1044/1148/1044 1046/1150/1046 1047/1151/1047 711/772/711
f 1044/1148/1044 711/772/711 709/770/709 708/769/708
f 1047/1151/1047 1046/1150/1046 1048/1152/1048 1049/1153/1049
f 1047/1151/1047 1049/1153/1049 1050/1154/1050 714/775/714
f 1047/1151/1047 714/775/714 712/773/712 711/772/711
f 1050/1154/1050 1049/1153/1049 1051/1155/1051 1052/1156/1052
f 1050/1154/1050 1052/1156/1052 1053/1157/1053 717/778/717
f 1050/1154/1050 717/778/717 715/776/715 714/775/714
f 1053/1157/1053 1052/1156/1052 1054/1158/1054 1055/1159/1055
f 1053/1157/1053 1055/1159/1055 1056/1160/1056 720/781/720
f 1053/1157/1053 720/781/720 718/779/718 717/778/717
f 1056/1160/1056 1055/1159/1055 1057/1161/1057 1058/1162/1058
f 1056/1160/1056 1058/1162/1058 1059/1163/1059 723/784/723
f 1056/1160/1056 723/784/723 721/782/721 720/781/720
f 1059/1163/1059 1058/1162/1058 1060/1164/1060 1061/1165/1061
f 1059/1163/1059 1061/1165/1061 1062/1166/1062 1063/1167/1063
f 1059/1163/1059 1063/1167/1063 724/785/724 723/784/723
f 1063/1167/1063 1062/1166/1062 1064/1168/1064 728/789/728
f 1063/1167/1063 728/789/728 725/786/725 724/785/724
f 1064/1168/1064 1062/1166/1062 1065/1169/1065 1066/1170/1066
f 1064/1168/1064 1066/1170/1066 1067/1171/1067 1068/1172/1068
f 1064/1168/1064 1068/1172/1068 729/790/729 728/789/728
f 1068/1172/1068 1067/1171/1067 1069/1173/1069 1070/1174/1070
f 1068/1172/1068 1070/1174/1070 730/791/730 729/790/729
f 1070/1175/1070 1069/1176/1069 1071/1177/1071 1072/1178/1072
f 1070/1175/1070 1072/1178/1072 732/795/732 730/794/730
f 1072/1178/1072 1071/1177/1071 263/267/263 269/273/269
f 1072/1178/1072 269/273/269 1073/1179/1073 732/795/732
f 1073/1179/1073 269/273/269 268/272/268 1074/1180/1074
f 1073/1179/1073 1074/1180/1074 1075/1181/1075 735/799/735
f 1073/1179/1073 735/799/735 733/796/733 732/795/732
f 1075/1181/1075 1076/1182/1076 752/823/752 1077/1183/1077
f 1075/1181/1075 1077/1183/1077 736/800/736 735/799/735
f 1075/1181/1075 1074/1180/1074 1078/1184/1078 1076/1182/1076
f 1078/1184/1078 1074/1180/1074 268/272/268 1079/1185/1079
f 1078/1184/1078 1079/1185/1079 1080/1186/1080 1081/1187/1081
f 1078/1184/1078 1081/1187/1081 755/826/755 1076/1182/1076
f 1081/1187/1081 1080/1186/1080 1082/1188/1082 758/830/758
f 1081/1187/1081 758/830/758 756/827/756 755/826/755
f 1082/1188/1082 1080/1186/1080 1083/1189/1083 1084/1190/1084
f 1082/1188/1082 1084/1190/1084 1085/1191/1085 760/1192/760
f 1082/1188/1082 760/1192/760 759/831/759 758/830/758
f 1085/1191/1085 1084/1190/1084 1086/1193/1086 1903/1194/1903
f 1090/1195/1090 1089/1196/1089 1091/1197/1091 1092/1198/1092
f 1090/1195/1090 1092/1198/1092 988/1091/988 987/1090/987
f 1092/1198/1092 1091/1197/1091 1093/1199/1093 1094/1200/1094
f 1092/1198/1092 1094/1200/1094 990/1093/990 988/1091/988
f 1094/1200/1094 1093/1199/1093 1095/1201/1095 1096/1202/1096
f 1094/1200/1094 1096/1202/1096 1097/1203/1097 990/1093/990
f 1097/1203/1097 1096/1202/1096 1098/1204/1098 1099/1205/1099
f 1097/1203/1097 1099/1205/1099 995/1098/995 993/1096/993
f 1097/1203/1097 993/1096/993 991/1094/991 990/1093/990
f 1099/1205/1099 1098/1204/1098 1100/1206/1100 1101/1207/1101
f 1099/1205/1099 1101/1207/1101 1102/1208/1102 995/1098/995
f 1102/1208/1102 1101/1207/1101 1103/1209/1103 1104/1210/1104
f 1102/1208/1102 1104/1210/1104 1105/1211/1105 998/1101/998
f 1102/1208/1102 998/1101/998 996/1099/996 995/1098/995
f 1105/1211/1105 1104/1210/1104 1106/1212/1106 1107/1213/1107
f 1105/1211/1105 1107/1213/1107 1108/1214/1108 1109/1215/1109
f 1105/1211/1105 1109/1215/1109 999/1102/999 998/1101/998
f 1109/1215/1109 1108/1214/1108 1006/1110/1006 1004/1108/1004
f 1109/1215/1109 1004/1108/1004 1000/1103/1000 999/1102/999
f 1108/1214/1108 1107/1213/1107 1110/1216/1110 1111/1217/1111
f 1108/1214/1108 1111/1217/1111 1008/1112/1008 1006/1110/1006
f 1111/1217/1111 1110/1216/1110 1112/1218/1112 1113/1219/1113
f 1111/1217/1111 1113/1219/1113 1114/1220/1114 1008/1112/1008
f 1114/1220/1114 1113/1219/1113 1115/1221/1115 1116/1222/1116
f 1114/1220/1114 1116/1222/1116 1117/1223/1117 1011/1115/1011
f 1114/1220/1114 1011/1115/1011 1009/1113/1009 1008/1112/1008
f 1117/1223/1117 1116/1222/1116 186/174/186 1118/1224/1118
f 1117/1223/1117 1118/1224/1118 1119/1225/1119 1120/1226/1120
f 1117/1223/1117 1120/1226/1120 1012/1116/1012 1011/1115/1011
f 1120/1226/1120 1119/1225/1119 1121/1227/1121 1122/1228/1122
f 1120/1226/1120 1122/1228/1122 1013/1117/1013 1012/1116/1012
f 1122/1228/1122 1121/1227/1121 1123/1229/1123 1124/1230/1124
f 1122/1228/1122 1124/1230/1124 1015/1119/1015 1013/1117/1013
f 1124/1230/1124 1123/1229/1123 1125/1231/1125 1126/1232/1126
f 1124/1230/1124 1126/1232/1126 1017/1121/1017 1015/1119/1015
f 1126/1232/1126 1125/1231/1125 1127/1233/1127 1128/1234/1128
f 1126/1232/1126 1128/1234/1128 1129/1235/1129 1017/1121/1017
f 1129/1235/1129 1021/1125/1021 1018/1122/1018 1017/1121/1017
f 1129/1235/1129 1128/1234/1128 83/40/83 87/44/87
f 1129/1235/1129 87/44/87 1130/1236/1130 1021/1125/1021
f 1130/1236/1130 1024/1128/1024 1022/1126/1022 1021/1125/1021
f 1130/1236/1130 87/44/87 86/43/86 1131/1237/1131
f 1130/1236/1130 1131/1237/1131 1132/1238/1132 1024/1128/1024
f 1132/1238/1132 1131/1237/1131 1133/1239/1133 1134/1240/1134
f 1132/1238/1132 1134/1240/1134 1036/1140/1036 1027/1131/1027
f 1132/1238/1132 1027/1131/1027 1025/1129/1025 1024/1128/1024
f 1134/1240/1134 1133/1239/1133 1135/1241/1135 1039/1143/1039
f 1134/1240/1134 1039/1143/1039 1037/1141/1037 1036/1140/1036
f 1135/1241/1135 1133/1239/1133 88/45/88 1136/1242/1136
f 1135/1241/1135 1136/1242/1136 1137/1243/1137 1042/1146/1042
f 1135/1241/1135 1042/1146/1042 1040/1144/1040 1039/1143/1039
f 1137/1243/1137 1136/1242/1136 1138/1244/1138 1139/1245/1139
f 1137/1243/1137 1139/1245/1139 1140/1246/1140 1045/1149/1045
f 1137/1243/1137 1045/1149/1045 1043/1147/1043 1042/1146/1042
f 1140/1246/1140 1139/1245/1139 1141/1247/1141 1142/1248/1142
f 1140/1246/1140 1142/1248/1142 1143/1249/1143 1048/1152/1048
f 1140/1246/1140 1048/1152/1048 1046/1150/1046 1045/1149/1045
f 1143/1249/1143 1142/1248/1142 1144/1250/1144 1145/1251/1145
f 1143/1249/1143 1145/1251/1145 1146/1252/1146 1051/1155/1051
f 1143/1249/1143 1051/1155/1051 1049/1153/1049 1048/1152/1048
f 1146/1252/1146 1145/1251/1145 1147/1253/1147 1148/1254/1148
f 1146/1252/1146 1148/1254/1148 1149/1255/1149 1054/1158/1054
f 1146/1252/1146 1054/1158/1054 1052/1156/1052 1051/1155/1051
f 1149/1255/1149 1148/1254/1148 1150/1256/1150 1151/1257/1151
f 1149/1255/1149 1151/1257/1151 1152/1258/1152 1057/1161/1057
f 1149/1255/1149 1057/1161/1057 1055/1159/1055 1054/1158/1054
f 1152/1258/1152 1151/1257/1151 1153/1259/1153 1154/1260/1154
f 1152/1258/1152 1154/1260/1154 1155/1261/1155 1060/1164/1060
f 1152/1258/1152 1060/1164/1060 1058/1162/1058 1057/1161/1057
f 1155/1261/1155 1154/1260/1154 1156/1262/1156 1157/1263/1157
f 1155/1261/1155 1157/1263/1157 1158/1264/1158 1159/1265/1159
f 1155/1261/1155 1159/1265/1159 1061/1165/1061 1060/1164/1060
f 1159/1265/1159 1158/1264/1158 1160/1266/1160 1065/1169/1065
f 1159/1265/1159 1065/1169/1065 1062/1166/1062 1061/1165/1061
f 1160/1266/1160 1158/1264/1158 1161/1267/1161 1162/1268/1162
f 1160/1266/1160 1162/1268/1162 1163/1269/1163 1164/1270/1164
f 1160/1266/1160 1164/1270/1164 1066/1170/1066 1065/1169/1065
f 1164/1270/1164 1163/1269/1163 1165/1271/1165 1166/1272/1166
f 1164/1270/1164 1166/1272/1166 1067/1171/1067 1066/1170/1066
f 1166/1272/1166 1165/1271/1165 1167/1273/1167 1168/1274/1168
f 1166/1272/1166 1168/1274/1168 1069/1173/1069 1067/1171/1067
f 1168/1275/1168 1167/1276/1167 1169/1277/1169 1170/1278/1170
f 1168/1275/1168 1170/1278/1170 1071/1177/1071 1069/1176/1069
f 1170/1278/1170 1169/1277/1169 1171/1279/1171 264/268/264
f 1170/1278/1170 264/268/264 263/267/263 1071/1177/1071
f 1171/1279/1171 1169/1277/1169 1172/1280/1172 1173/1281/1173
f 1171/1279/1171 1173/1281/1173 1174/1282/1174 1175/1283/1175
f 1171/1279/1171 1175/1283/1175 265/269/265 264/268/264
f 1175/1283/1175 1174/1282/1174 1176/1284/1176 1177/1285/1177
f 1175/1283/1175 1177/1285/1177 266/270/266 265/269/265
f 1177/1285/1177 1176/1284/1176 1178/1286/1178 1179/1287/1179
f 1177/1285/1177 1179/1287/1179 1180/1288/1180 266/270/266
f 1180/1288/1180 1179/1287/1179 1181/1289/1181 1182/1290/1182
f 1180/1288/1180 1182/1290/1182 1183/1291/1183 1184/1292/1184
f 1180/1288/1180 1184/1292/1184 267/271/267 266/270/266
f 1184/1292/1184 1183/1291/1183 1185/1293/1185 1186/1294/1186
f 1184/1292/1184 1186/1294/1186 1187/1295/1187 267/271/267
f 1187/1295/1187 1186/1294/1186 1188/1296/1188 1189/1297/1189
f 1187/1295/1187 1189/1297/1189 1083/1189/1083 1190/1298/1190
f 1187/1295/1187 1190/1298/1190 40/266/40 267/271/267
f 1190/1298/1190 1083/1189/1083 1080/1186/1080 1079/1185/1079
f 1190/1298/1190 1079/1185/1079 268/272/268 40/266/40
f 1189/1297/1189 1188/1296/1188 1191/1299/1191 1086/1193/1086
f 1189/1297/1189 1086/1193/1086 1084/1190/1084 1083/1189/1083
f 1191/1299/1191 1188/1296/1188 1192/1300/1192 1193/1301/1193
f 1191/1299/1191 1193/1301/1193 1088/1302/1088 1087/1303/1087
f 1191/1299/1191 1087/1303/1087 1903/1194/1903 1086/1193/1086
f 1193/1301/1193 1192/1300/1192 1194/1304/1194 1195/1305/1195
f 1193/1301/1193 1195/1305/1195 1196/1306/1196 1088/1302/1088
f 1196/1306/1196 1195/1305/1195 1197/1307/1197 1198/1308/1198
f 1200/1309/1200 1201/1310/1201 1202/1311/1202 1199/1312/1199
f 1200/1309/1200 1203/1313/1203 1204/1314/1204 1201/1310/1201
f 1204/1314/1204 1205/1315/1205 1206/1316/1206 1201/1310/1201
f 1204/1314/1204 1203/1313/1203 1904/1317/1904 1207/1318/1207
f 1204/1314/1204 1207/1318/1207 1208/1319/1208 1205/1315/1205
f 1208/1319/1208 1209/1320/1209 1210/1321/1210 1205/1315/1205
f 1208/1319/1208 1207/1318/1207 1197/1307/1197 1211/1322/1211
f 1208/1319/1208 1211/1322/1211 1212/1323/1212 1209/1320/1209
f 1212/1323/1212 1213/1324/1213 1214/1325/1214 1209/1320/1209
f 1212/1323/1212 1211/1322/1211 1194/1304/1194 1215/1326/1215
f 1212/1323/1212 1215/1326/1215 1216/1327/1216 1213/1324/1213
f 1216/1327/1216 1217/1328/1217 250/252/250 1213/1324/1213
f 1216/1327/1216 1215/1326/1215 1185/1293/1185 1183/1291/1183
f 1216/1327/1216 1183/1291/1183 1182/1290/1182 1217/1328/1217
f 1217/1328/1217 1218/1329/1218 251/253/251 250/252/250
f 1217/1328/1217 1182/1290/1182 1181/1289/1181 1218/1329/1218
f 1218/1329/1218 1219/1330/1219 255/257/255 251/253/251
f 1218/1329/1218 1181/1289/1181 1220/1331/1220 1219/1330/1219
f 1220/1331/1220 1221/1332/1221 1222/1333/1222 1219/1330/1219
f 1220/1331/1220 1181/1289/1181 1179/1287/1179 1178/1286/1178
f 1220/1331/1220 1178/1286/1178 1223/1334/1223 1221/1332/1221
f 1223/1335/1223 1224/1336/1224 1225/1337/1225 1226/1338/1226
f 1223/1335/1223 1226/1338/1226 1227/1339/1227 1221/1340/1221
f 1223/1334/1223 1178/1286/1178 1176/1284/1176 1224/1341/1224
f 1227/1339/1227 1226/1338/1226 1228/1342/1228 1229/1343/1229
f 1227/1339/1227 1229/1343/1229 1230/1344/1230 1231/1345/1231
f 1227/1339/1227 1231/1345/1231 1222/1346/1222 1221/1340/1221
f 1231/1347/1231 1230/1348/1230 1232/1349/1232 1233/1350/1233
f 1231/1347/1231 1233/1350/1233 1234/1351/1234 1222/1352/1222
f 1234/1351/1234 1233/1350/1233 1235/1353/1235 1236/1354/1236
f 1234/1355/1234 1236/1356/1236 252/254/252 255/257/255
f 1234/1355/1234 255/257/255 1219/1330/1219 1222/1333/1222
f 1236/1354/1236 1235/1353/1235 1237/1357/1237 1238/1358/1238
f 1236/1356/1236 1238/1359/1238 253/255/253 252/254/252
f 1238/1358/1238 1237/1357/1237 1239/1360/1239 1240/1361/1240
f 1238/1359/1238 1240/1362/1240 1241/1363/1241 253/255/253
f 1241/1363/1241 1242/1364/1242 1243/1365/1243 1244/1366/1244
f 1241/1363/1241 1244/1366/1244 254/256/254 253/255/253
f 1241/1363/1241 1240/1362/1240 1245/1367/1245 1242/1364/1242
f 1245/1368/1245 1240/1361/1240 1239/1360/1239 1246/1369/1246
f 1245/1368/1245 1246/1369/1246 1247/1370/1247 1248/1371/1248
f 1245/1367/1245 1248/1372/1248 1249/1373/1249 1242/1364/1242
f 1249/1374/1249 1248/1375/1248 1250/1376/1250 238/238/238
f 1249/1374/1249 238/238/238 237/237/237 1251/1377/1251
f 1249/1373/1249 1251/1378/1251 1243/1365/1243 1242/1364/1242
f 1251/1377/1251 237/237/237 236/236/236 1252/1379/1252
f 1251/1378/1251 1252/1380/1252 1253/1381/1253 1243/1365/1243
f 1253/1381/1253 1252/1380/1252 1254/1382/1254 1255/1383/1255
f 1253/1381/1253 1255/1383/1255 1256/1384/1256 1257/1385/1257
f 1253/1381/1253 1257/1385/1257 1244/1366/1244 1243/1365/1243
f 1257/1385/1257 1256/1384/1256 1258/1386/1258 1259/1387/1259
f 1257/1385/1257 1259/1387/1259 254/256/254 1244/1366/1244
f 1259/1387/1259 1258/1386/1258 1260/1388/1260 1261/1389/1261
f 1259/1387/1259 1261/1389/1261 38/250/38 254/256/254
f 1261/1389/1261 1260/1388/1260 1262/1390/1262 1263/1391/1263
f 1261/1389/1261 1263/1391/1263 249/251/249 38/250/38
f 1263/1391/1263 1262/1390/1262 1264/1392/1264 1265/1393/1265
f 1263/1391/1263 1265/1393/1265 1214/1325/1214 249/251/249
f 1265/1393/1265 1264/1392/1264 1266/1394/1266 1210/1321/1210
f 1265/1393/1265 1210/1321/1210 1209/1320/1209 1214/1325/1214
f 1266/1394/1266 1264/1392/1264 1267/1395/1267 1268/1396/1268
f 1266/1394/1266 1268/1396/1268 1269/1397/1269 1206/1316/1206
f 1266/1394/1266 1206/1316/1206 1205/1315/1205 1210/1321/1210
f 1269/1397/1269 1268/1396/1268 1270/1398/1270 1271/1399/1271
f 1269/1397/1269 1271/1399/1271 1272/1400/1272 1202/1311/1202
f 1269/1397/1269 1202/1311/1202 1201/1310/1201 1206/1316/1206
f 1272/1400/1272 1271/1399/1271 204/196/204 1273/1401/1273
f 1272/1400/1272 1273/1401/1273 1905/1402/1905 1906/1403/1906
f 1272/1400/1272 1906/1403/1906 1199/1312/1199 1202/1311/1202
f 1905/1402/1905 1273/1401/1273 1274/1404/1274 1907/1405/1907
f 1276/1406/1276 1275/1407/1275 1278/1408/1278 1279/1409/1279
f 1276/1406/1276 1279/1409/1279 1280/1410/1280 1277/1411/1277
f 1280/1410/1280 1279/1409/1279 1281/1412/1281 1282/1413/1282
f 1280/1410/1280 1282/1413/1282 1283/1414/1283 1284/1415/1284
f 1280/1410/1280 1284/1415/1284 1285/1416/1285 1277/1411/1277
f 1285/1416/1285 1284/1415/1284 1286/1417/1286 1908/1418/1908
f 1288/1419/1288 1287/1420/1287 1289/1421/1289 1290/1422/1290
f 1288/1419/1288 1290/1422/1290 1091/1423/1091 1089/1424/1089
f 1290/1422/1290 1289/1421/1289 1291/1425/1291 1292/1426/1292
f 1290/1422/1290 1292/1426/1292 1093/1427/1093 1091/1423/1091
f 1292/1426/1292 1291/1425/1291 1293/1428/1293 1294/1429/1294
f 1292/1426/1292 1294/1429/1294 1095/1430/1095 1093/1427/1093
f 1294/1429/1294 1293/1428/1293 1295/1431/1295 1296/1432/1296
f 1294/1429/1294 1296/1432/1296 1297/1433/1297 1095/1430/1095
f 1297/1433/1297 1296/1432/1296 1298/1434/1298 1299/1435/1299
f 1297/1436/1297 1299/1437/1299 1100/1206/1100 1098/1204/1098
f 1297/1436/1297 1098/1204/1098 1096/1202/1096 1095/1201/1095
f 1299/1435/1299 1298/1434/1298 110/73/110 106/72/106
f 1299/1437/1299 106/66/106 105/65/105 1100/1206/1100
f 1298/1434/1298 1300/1438/1300 1301/1439/1301 110/73/110
f 1298/1434/1298 1296/1432/1296 1295/1431/1295 1300/1438/1300
f 1301/1439/1301 1302/1440/1302 1303/1441/1303 1304/1442/1304
f 1301/1439/1301 1304/1442/1304 107/74/107 110/73/110
f 1301/1439/1301 1300/1438/1300 1305/1443/1305 1302/1440/1302
f 1305/1443/1305 1306/1444/1306 1307/1445/1307 1302/1440/1302
f 1305/1443/1305 1300/1438/1300 1295/1431/1295 1308/1446/1308
f 1305/1443/1305 1308/1446/1308 1309/1447/1309 1306/1444/1306
f 1309/1447/1309 1310/1448/1310 1311/1449/1311 1306/1444/1306
f 1309/1447/1309 1308/1446/1308 1312/1450/1312 1313/1451/1313
f 1309/1447/1309 1313/1451/1313 1314/1452/1314 1310/1448/1310
f 1314/1452/1314 1315/1453/1315 1316/1454/1316 1310/1448/1310
f 1314/1452/1314 1313/1451/1313 1317/1455/1317 1318/1456/1318
f 1314/1452/1314 1318/1456/1318 1319/1457/1319 1315/1453/1315
f 1319/1457/1319 1320/1458/1320 1321/1459/1321 1315/1453/1315
f 1319/1457/1319 1318/1456/1318 1322/1460/1322 1323/1461/1323
f 1319/1457/1319 1323/1461/1323 1286/1417/1286 1320/1458/1320
f 1323/1461/1323 1322/1460/1322 1324/1462/1324 1909/1463/1909
f 1323/1461/1323 1909/1463/1909 1908/1418/1908 1286/1417/1286
f 1911/1464/1911 1910/1465/1910 1325/1466/1325 1326/1467/1326
f 1911/1464/1911 1326/1467/1326 1289/1421/1289 1287/1420/1287
f 1326/1467/1326 1325/1466/1325 1317/1455/1317 1327/1468/1327
f 1326/1467/1326 1327/1468/1327 1291/1425/1291 1289/1421/1289
f 1327/1468/1327 1317/1455/1317 1313/1451/1313 1312/1450/1312
f 1327/1468/1327 1312/1450/1312 1293/1428/1293 1291/1425/1291
f 1325/1466/1325 1322/1460/1322 1318/1456/1318 1317/1455/1317
f 1325/1466/1325 1910/1465/1910 1324/1462/1324 1322/1460/1322
f 1321/1459/1321 1328/1469/1328 1329/1470/1329 1330/1471/1330
f 1321/1459/1321 1330/1471/1330 1316/1454/1316 1315/1453/1315
f 1321/1459/1321 1320/1458/1320 1283/1414/1283 1328/1469/1328
f 1330/1471/1330 1329/1470/1329 1331/1472/1331 1332/1473/1332
f 1330/1471/1330 1332/1473/1332 1333/1474/1333 1316/1454/1316
f 1333/1474/1333 1332/1473/1332 1334/1475/1334 1335/1476/1335
f 1333/1474/1333 1335/1476/1335 1336/1477/1336 1311/1449/1311
f 1333/1474/1333 1311/1449/1311 1310/1448/1310 1316/1454/1316
f 1336/1477/1336 1335/1476/1335 1337/1478/1337 1338/1479/1338
f 1336/1477/1336 1338/1479/1338 1339/1480/1339 1307/1445/1307
f 1336/1477/1336 1307/1445/1307 1306/1444/1306 1311/1449/1311
f 1339/1481/1339 1338/1482/1338 1340/1483/1340 1341/1484/1341
f 1339/1481/1339 1341/1484/1341 1342/1485/1342 1303/1486/1303
f 1339/1480/1339 1303/1441/1303 1302/1440/1302 1307/1445/1307
f 1342/1485/1342 1341/1484/1341 1343/1487/1343 1344/1488/1344
f 1342/1485/1342 1344/1488/1344 1345/1489/1345 1346/1490/1346
f 1342/1485/1342 1346/1490/1346 1304/1491/1304 1303/1486/1303
f 1346/1490/1346 1345/1489/1345 1347/1492/1347 108/69/108
f 1346/1490/1346 108/69/108 107/68/107 1304/1491/1304
f 1347/1492/1347 1345/1489/1345 1348/1493/1348 1349/1494/1349
f 1347/1492/1347 1349/1494/1349 1350/1495/1350 1351/1496/1351
f 1347/1492/1347 1351/1496/1351 109/70/109 108/69/108
f 1351/1497/1351 1350/1498/1350 1352/1499/1352 1353/1500/1353
f 1351/1497/1351 1353/1500/1353 1354/1501/1354 109/1502/109
f 1354/1501/1354 1353/1500/1353 1355/1503/1355 1356/1504/1356
f 1354/1501/1354 1356/1504/1356 1357/1505/1357 1358/1506/1358
f 1354/1501/1354 1358/1506/1358 9/1507/9 109/1502/109
f 1358/1508/1358 1357/1509/1357 1359/1510/1359 1360/1511/1360
f 1358/1508/1358 1360/1511/1360 104/64/104 9/63/9
f 1360/1511/1360 1359/1510/1359 1361/1512/1361 1362/1513/1362
f 1360/1511/1360 1362/1513/1362 1363/1514/1363 104/64/104
f 1363/1514/1363 1103/1209/1103 105/65/105 104/64/104
f 1363/1514/1363 1362/1513/1362 1364/1515/1364 1106/1212/1106
f 1363/1514/1363 1106/1212/1106 1104/1210/1104 1103/1209/1103
f 1364/1515/1364 1362/1513/1362 1361/1512/1361 1365/1516/1365
f 1364/1515/1364 1365/1516/1365 1112/1218/1112 1110/1216/1110
f 1364/1515/1364 1110/1216/1110 1107/1213/1107 1106/1212/1106
f 1365/1516/1365 1361/1512/1361 1366/1517/1366 1367/1518/1367
f 1365/1516/1365 1367/1518/1367 1368/1519/1368 1112/1218/1112
f 1368/1519/1368 1367/1518/1367 1369/1520/1369 188/176/188
f 1368/1519/1368 188/176/188 187/175/187 1115/1221/1115
f 1368/1519/1368 1115/1221/1115 1113/1219/1113 1112/1218/1112
f 1369/1520/1369 1367/1518/1367 1366/1517/1366 1370/1521/1370
f 1369/1520/1369 1370/1521/1370 1371/1522/1371 1372/1523/1372
f 1369/1520/1369 1372/1523/1372 189/177/189 188/176/188
f 1372/1524/1372 1371/1525/1371 1373/1526/1373 1374/1527/1374
f 1372/1524/1372 1374/1527/1374 190/180/190 189/179/189
f 1374/1527/1374 1373/1526/1373 1375/1528/1375 1376/1529/1376
f 1374/1527/1374 1376/1529/1376 1377/1530/1377 190/180/190
f 1377/1530/1377 1376/1529/1376 1378/1531/1378 1379/1532/1379
f 1377/1530/1377 1379/1532/1379 1380/1533/1380 1381/1534/1381
f 1377/1530/1377 1381/1534/1381 191/181/191 190/180/190
f 1381/1534/1381 1380/1533/1380 1382/1535/1382 1383/1536/1383
f 1381/1534/1381 1383/1536/1383 192/182/192 191/181/191
f 1383/1536/1383 1382/1535/1382 1384/1537/1384 1385/1538/1385
f 1383/1536/1383 1385/1538/1385 1386/1539/1386 192/182/192
f 1386/1539/1386 1387/1540/1387 193/183/193 192/182/192
f 1386/1539/1386 1385/1538/1385 1256/1384/1256 1255/1383/1255
f 1386/1539/1386 1255/1383/1255 1254/1382/1254 1387/1540/1387
f 1387/1541/1387 1388/1542/1388 194/185/194 193/184/193
f 1387/1541/1387 1254/1543/1254 1389/1544/1389 1388/1542/1388
f 1389/1544/1389 1390/1545/1390 1391/1546/1391 1388/1542/1388
f 1389/1544/1389 1254/1543/1254 1252/1379/1252 236/236/236
f 1389/1544/1389 236/236/236 235/235/235 1390/1545/1390
f 1391/1546/1391 1392/1547/1392 194/185/194 1388/1542/1388
f 1391/1546/1391 1390/1545/1390 1393/1548/1393 1394/1549/1394
f 1391/1546/1391 1394/1549/1394 1395/1550/1395 1392/1547/1392
f 1395/1550/1395 1396/1551/1396 1397/1552/1397 1392/1547/1392
f 1395/1550/1395 1394/1549/1394 1398/1553/1398 1399/1554/1399
f 1395/1550/1395 1399/1554/1399 1400/1555/1400 1396/1551/1396
f 1400/1555/1400 1121/1227/1121 1119/1225/1119 1396/1551/1396
f 1400/1555/1400 1399/1554/1399 1401/1556/1401 1402/1557/1402
f 1400/1555/1400 1402/1557/1402 1123/1229/1123 1121/1227/1121
f 1402/1557/1402 1401/1556/1401 1403/1558/1403 1404/1559/1404
f 1402/1557/1402 1404/1559/1404 1125/1231/1125 1123/1229/1123
f 1404/1559/1404 1403/1558/1403 1405/1560/1405 1406/1561/1406
f 1404/1559/1404 1406/1561/1406 1127/1233/1127 1125/1231/1125
f 1406/1561/1406 1405/1560/1405 1141/1247/1141 1407/1562/1407
f 1406/1561/1406 1407/1562/1407 84/41/84 1127/1233/1127
f 1407/1562/1407 1141/1247/1141 1139/1245/1139 1138/1244/1138
f 1407/1562/1407 1138/1244/1138 85/42/85 84/41/84
f 1405/1560/1405 1403/1558/1403 1408/1563/1408 1144/1250/1144
f 1405/1560/1405 1144/1250/1144 1142/1248/1142 1141/1247/1141
f 1408/1563/1408 1403/1558/1403 1401/1556/1401 1409/1564/1409
f 1408/1563/1408 1409/1564/1409 1410/1565/1410 1147/1253/1147
f 1408/1563/1408 1147/1253/1147 1145/1251/1145 1144/1250/1144
f 1410/1565/1410 1409/1564/1409 1398/1553/1398 1411/1566/1411
f 1410/1565/1410 1411/1566/1411 1412/1567/1412 1150/1256/1150
f 1410/1565/1410 1150/1256/1150 1148/1254/1148 1147/1253/1147
f 1412/1567/1412 1411/1566/1411 1393/1548/1393 241/241/241
f 1412/1567/1412 241/241/241 240/240/240 1153/1259/1153
f 1412/1567/1412 1153/1259/1153 1151/1257/1151 1150/1256/1150
f 1411/1566/1411 1398/1553/1398 1394/1549/1394 1393/1548/1393
f 1409/1564/1409 1401/1556/1401 1399/1554/1399 1398/1553/1398
f 1397/1552/1397 1118/1224/1118 186/174/186 185/173/185
f 1397/1552/1397 185/173/185 194/185/194 1392/1547/1392
f 1397/1552/1397 1396/1551/1396 1119/1225/1119 1118/1224/1118
f 1393/1548/1393 1390/1545/1390 235/235/235 241/241/241
f 1385/1538/1385 1384/1537/1384 1258/1386/1258 1256/1384/1256
f 1384/1537/1384 1382/1535/1382 1413/1568/1413 1414/1569/1414
f 1384/1537/1384 1414/1569/1414 1260/1388/1260 1258/1386/1258
f 1414/1569/1414 1413/1568/1413 1415/1570/1415 1416/1571/1416
f 1414/1569/1414 1416/1571/1416 1262/1390/1262 1260/1388/1260
f 1416/1571/1416 1415/1570/1415 1417/1572/1417 1267/1395/1267
f 1416/1571/1416 1267/1395/1267 1264/1392/1264 1262/1390/1262
f 1417/1572/1417 1415/1570/1415 1418/1573/1418 203/195/203
f 1417/1572/1417 203/195/203 202/194/202 1270/1398/1270
f 1417/1572/1417 1270/1398/1270 1268/1396/1268 1267/1395/1267
f 1418/1573/1418 1419/1574/1419 1420/1575/1420 1421/1576/1421
f 1418/1573/1418 1421/1576/1421 200/192/200 203/195/203
f 1418/1573/1418 1415/1570/1415 1413/1568/1413 1419/1574/1419
f 1421/1576/1421 1420/1575/1420 1422/1577/1422 1423/1578/1423
f 1421/1576/1421 1423/1578/1423 201/193/201 200/192/200
f 1423/1578/1423 1422/1577/1422 1424/1579/1424 1425/1580/1425
f 1423/1578/1423 1425/1580/1425 1426/1581/1426 201/193/201
f 1426/1581/1426 1425/1580/1425 1427/1582/1427 1428/1583/1428
f 1426/1581/1426 1428/1583/1428 1429/1584/1429 1430/1585/1430
f 1426/1581/1426 1430/1585/1430 195/187/195 201/193/201
f 1430/1585/1430 1429/1584/1429 1431/1586/1431 1432/1587/1432
f 1430/1585/1430 1432/1587/1432 196/188/196 195/187/195
f 1432/1587/1432 1431/1586/1431 1433/1588/1433 1434/1589/1434
f 1432/1587/1432 1434/1589/1434 1435/1590/1435 196/188/196
f 1435/1590/1435 1434/1589/1434 1436/1591/1436 1437/1592/1437
f 1435/1590/1435 1437/1592/1437 1438/1593/1438 1439/1594/1439
f 1435/1590/1435 1439/1594/1439 197/189/197 196/188/196
f 1439/1594/1439 1438/1593/1438 1282/1413/1282 1281/1412/1281
f 1439/1594/1439 1281/1412/1281 198/190/198 197/189/197
f 1438/1593/1438 1437/1592/1437 1329/1470/1329 1328/1469/1328
f 1438/1593/1438 1328/1469/1328 1283/1414/1283 1282/1413/1282
f 1437/1592/1437 1436/1591/1436 1331/1472/1331 1329/1470/1329
f 1436/1591/1436 1434/1589/1434 1433/1588/1433 1440/1595/1440
f 1436/1591/1436 1440/1595/1440 1441/1596/1441 1331/1472/1331
f 1441/1596/1441 1440/1595/1440 1442/1597/1442 1443/1598/1443
f 1441/1596/1441 1443/1598/1443 1444/1599/1444 1334/1475/1334
f 1441/1596/1441 1334/1475/1334 1332/1473/1332 1331/1472/1331
f 1444/1600/1444 1443/1601/1443 1445/1602/1445 1446/1603/1446
f 1444/1600/1444 1446/1603/1446 1447/1604/1447 1337/1605/1337
f 1444/1599/1444 1337/1478/1337 1335/1476/1335 1334/1475/1334
f 1447/1604/1447 1446/1603/1446 1448/1606/1448 1449/1607/1449
f 1447/1604/1447 1449/1607/1449 1450/1608/1450 1340/1483/1340
f 1447/1604/1447 1340/1483/1340 1338/1482/1338 1337/1605/1337
f 1450/1608/1450 1449/1607/1449 1451/1609/1451 1452/1610/1452
f 1450/1608/1450 1452/1610/1452 1453/1611/1453 1343/1487/1343
f 1450/1608/1450 1343/1487/1343 1341/1484/1341 1340/1483/1340
f 1453/1611/1453 1452/1610/1452 1454/1612/1454 1455/1613/1455
f 1453/1611/1453 1455/1613/1455 1456/1614/1456 1457/1615/1457
f 1453/1611/1453 1457/1615/1457 1344/1488/1344 1343/1487/1343
f 1457/1615/1457 1456/1614/1456 1458/1616/1458 1348/1493/1348
f 1457/1615/1457 1348/1493/1348 1345/1489/1345 1344/1488/1344
f 1458/1616/1458 1456/1614/1456 1459/1617/1459 1460/1618/1460
f 1458/1616/1458 1460/1618/1460 1461/1619/1461 1462/1620/1462
f 1458/1616/1458 1462/1620/1462 1349/1494/1349 1348/1493/1348
f 1462/1620/1462 1461/1619/1461 1463/1621/1463 1464/1622/1464
f 1462/1620/1462 1464/1622/1464 1350/1495/1350 1349/1494/1349
f 1464/1623/1464 1463/1624/1463 1465/1625/1465 1466/1626/1466
f 1464/1623/1464 1466/1626/1466 1352/1499/1352 1350/1498/1350
f 1466/1626/1466 1465/1625/1465 1467/1627/1467 1468/1628/1468
f 1466/1626/1466 1468/1628/1468 1469/1629/1469 1352/1499/1352
f 1469/1629/1469 1468/1628/1468 1470/1630/1470 1471/1631/1471
f 1469/1629/1469 1471/1631/1471 1472/1632/1472 1355/1503/1355
f 1469/1629/1469 1355/1503/1355 1353/1500/1353 1352/1499/1352
f 1472/1632/1472 1471/1631/1471 1473/1633/1473 1474/1634/1474
f 1472/1632/1472 1474/1634/1474 1475/1635/1475 1476/1636/1476
f 1472/1632/1472 1476/1636/1476 1356/1504/1356 1355/1503/1355
f 1476/1636/1476 1475/1635/1475 1477/1637/1477 1478/1638/1478
f 1476/1636/1476 1478/1638/1478 1357/1505/1357 1356/1504/1356
f 1478/1639/1478 1477/1640/1477 1479/1641/1479 1480/1642/1480
f 1478/1639/1478 1480/1642/1480 1359/1510/1359 1357/1509/1357
f 1480/1642/1480 1479/1641/1479 1370/1521/1370 1366/1517/1366
f 1480/1642/1480 1366/1517/1366 1361/1512/1361 1359/1510/1359
f 1479/1641/1479 1477/1640/1477 1481/1643/1481 1482/1644/1482
f 1479/1641/1479 1482/1644/1482 1371/1522/1371 1370/1521/1370
f 1482/1645/1482 1481/1646/1481 1483/1647/1483 1484/1648/1484
f 1482/1645/1482 1484/1648/1484 1373/1526/1373 1371/1525/1371
f 1484/1648/1484 1483/1647/1483 1485/1649/1485 1486/1650/1486
f 1484/1648/1484 1486/1650/1486 1375/1528/1375 1373/1526/1373
f 1486/1650/1486 1485/1649/1485 1487/1651/1487 1488/1652/1488
f 1486/1650/1486 1488/1652/1488 1489/1653/1489 1375/1528/1375
f 1489/1653/1489 1488/1652/1488 1490/1654/1490 1424/1579/1424
f 1489/1653/1489 1424/1579/1424 1422/1577/1422 1378/1531/1378
f 1489/1653/1489 1378/1531/1378 1376/1529/1376 1375/1528/1375
f 1490/1654/1490 1488/1652/1488 1487/1651/1487 1491/1655/1491
f 1490/1654/1490 1491/1655/1491 1492/1656/1492 1427/1582/1427
f 1490/1654/1490 1427/1582/1427 1425/1580/1425 1424/1579/1424
f 1492/1657/1492 1491/1658/1491 1493/1659/1493 1494/1660/1494
f 1492/1657/1492 1494/1660/1494 1495/1661/1495 1496/1662/1496
f 1492/1656/1492 1496/1663/1496 1428/1583/1428 1427/1582/1427
f 1496/1662/1496 1495/1661/1495 1497/1664/1497 1498/1665/1498
f 1496/1663/1496 1498/1666/1498 1429/1584/1429 1428/1583/1428
f 1498/1665/1498 1497/1664/1497 1499/1667/1499 1500/1668/1500
f 1498/1666/1498 1500/1669/1500 1431/1586/1431 1429/1584/1429
f 1500/1668/1500 1499/1667/1499 1501/1670/1501 1502/1671/1502
f 1500/1669/1500 1502/1672/1502 1433/1588/1433 1431/1586/1431
f 1502/1671/1502 1501/1670/1501 1503/1673/1503 1442/1674/1442
f 1502/1672/1502 1442/1597/1442 1440/1595/1440 1433/1588/1433
f 1503/1673/1503 1501/1670/1501 1504/1675/1504 1505/1676/1505
f 1503/1673/1503 1505/1676/1505 1506/1677/1506 1445/1602/1445
f 1503/1673/1503 1445/1602/1445 1443/1601/1443 1442/1674/1442
f 1506/1677/1506 1505/1676/1505 1507/1678/1507 1508/1679/1508
f 1506/1677/1506 1508/1679/1508 1509/1680/1509 1448/1606/1448
f 1506/1677/1506 1448/1606/1448 1446/1603/1446 1445/1602/1445
f 1509/1680/1509 1508/1679/1508 1510/1681/1510 1511/1682/1511
f 1509/1680/1509 1511/1682/1511 1512/1683/1512 1451/1609/1451
f 1509/1680/1509 1451/1609/1451 1449/1607/1449 1448/1606/1448
f 1512/1683/1512 1511/1682/1511 1513/1684/1513 1514/1685/1514
f 1512/1683/1512 1514/1685/1514 1515/1686/1515 1454/1612/1454
f 1512/1683/1512 1454/1612/1454 1452/1610/1452 1451/1609/1451
f 1515/1686/1515 1514/1685/1514 1516/1687/1516 1517/1688/1517
f 1515/1686/1515 1517/1688/1517 1518/1689/1518 1519/1690/1519
f 1515/1686/1515 1519/1690/1519 1455/1613/1455 1454/1612/1454
f 1519/1690/1519 1518/1689/1518 1520/1691/1520 1459/1617/1459
f 1519/1690/1519 1459/1617/1459 1456/1614/1456 1455/1613/1455
f 1520/1692/1520 1518/1693/1518 1521/1694/1521 1522/1695/1522
f 1520/1692/1520 1522/1695/1522 1523/1696/1523 1524/1697/1524
f 1520/1691/1520 1524/1698/1524 1460/1618/1460 1459/1617/1459
f 1524/1697/1524 1523/1696/1523 1525/1699/1525 1526/1700/1526
f 1524/1698/1524 1526/1701/1526 1461/1619/1461 1460/1618/1460
f 1526/1700/1526 1525/1699/1525 1527/1702/1527 1528/1703/1528
f 1526/1701/1526 1528/1704/1528 1463/1621/1463 1461/1619/1461
f 1528/1703/1528 1527/1702/1527 1529/1705/1529 1530/1706/1530
f 1528/1707/1528 1530/1708/1530 1465/1625/1465 1463/1624/1463
f 1530/1706/1530 1529/1705/1529 1531/1709/1531 1532/1710/1532
f 1530/1708/1530 1532/1711/1532 1467/1627/1467 1465/1625/1465
f 1532/1710/1532 1531/1709/1531 135/105/135 134/104/134
f 1532/1711/1532 134/109/134 137/108/137 1467/1627/1467
f 1531/1709/1531 1529/1705/1529 1533/1712/1533 1534/1713/1534
f 1531/1709/1531 1534/1713/1534 1535/1714/1535 135/105/135
f 1535/1714/1535 1534/1713/1534 1536/1715/1536 1537/1716/1537
f 1535/1714/1535 1537/1716/1537 1538/1717/1538 1539/1718/1539
f 1535/1714/1535 1539/1718/1539 133/103/133 135/105/135
f 1539/1718/1539 1538/1717/1538 1540/1719/1540 1541/1720/1541
f 1539/1718/1539 1541/1720/1541 125/92/125 133/103/133
f 1541/1720/1541 1540/1719/1540 118/84/118 117/83/117
f 1541/1720/1541 117/83/117 122/88/122 125/92/125
f 1540/1719/1540 1538/1717/1538 1542/1721/1542 151/130/151
f 1540/1719/1540 151/130/151 150/129/150 118/84/118
f 1542/1721/1542 1543/1722/1543 1544/1723/1544 146/125/146
f 1542/1721/1542 146/125/146 19/124/19 151/130/151
f 1542/1721/1542 1538/1717/1538 1537/1716/1537 1543/1722/1543
f 1544/1723/1544 56/6/56 55/5/55 1545/1724/1545
f 1544/1723/1544 1545/1724/1545 147/126/147 146/125/146
f 1544/1723/1544 1543/1722/1543 1546/1725/1546 56/6/56
f 1546/1725/1546 1547/1726/1547 52/2/52 56/6/56
f 1546/1725/1546 1543/1722/1543 1537/1716/1537 1536/1715/1536
f 1546/1725/1546 1536/1715/1536 1548/1727/1548 1547/1726/1547
f 1548/1727/1548 1549/1728/1549 1550/1729/1550 1547/1726/1547
f 1548/1727/1548 1536/1715/1536 1534/1713/1534 1533/1712/1533
f 1548/1727/1548 1533/1712/1533 1551/1730/1551 1549/1728/1549
f 1551/1730/1551 1552/1731/1552 1553/1732/1553 1549/1728/1549
f 1551/1730/1551 1533/1712/1533 1529/1705/1529 1527/1702/1527
f 1551/1730/1551 1527/1702/1527 1525/1699/1525 1552/1731/1552
f 1553/1732/1553 1554/1733/1554 61/12/61 1555/1734/1555
f 1553/1732/1553 1555/1734/1555 1550/1729/1550 1549/1728/1549
f 1553/1732/1553 1552/1731/1552 1556/1735/1556 1554/1733/1554
f 1556/1735/1556 1557/1736/1557 1558/1737/1558 1554/1733/1554
f 1556/1735/1556 1552/1731/1552 1525/1699/1525 1523/1696/1523
f 1556/1735/1556 1523/1696/1523 1522/1695/1522 1557/1736/1557
f 1558/1737/1558 1559/1738/1559 63/14/63 62/13/62
f 1558/1737/1558 62/13/62 61/12/61 1554/1733/1554
f 1558/1737/1558 1557/1736/1557 1560/1739/1560 1559/1738/1559
f 1560/1739/1560 1561/1740/1561 1562/1741/1562 1559/1738/1559
f 1560/1739/1560 1557/1736/1557 1522/1695/1522 1521/1694/1521
f 1560/1739/1560 1521/1694/1521 1563/1742/1563 1561/1740/1561
f 1563/1742/1563 1564/1743/1564 1565/1744/1565 1561/1740/1561
f 1563/1742/1563 1521/1694/1521 1518/1693/1518 1517/1745/1517
f 1563/1742/1563 1517/1745/1517 1516/1746/1516 1564/1743/1564
f 1565/1744/1565 1566/1747/1566 1567/1748/1567 1568/1749/1568
f 1565/1744/1565 1568/1749/1568 1562/1741/1562 1561/1740/1561
f 1565/1744/1565 1564/1743/1564 1569/1750/1569 1566/1747/1566
f 1569/1750/1569 1570/1751/1570 1571/1752/1571 1566/1747/1566
f 1569/1750/1569 1564/1743/1564 1516/1746/1516 1572/1753/1572
f 1569/1750/1569 1572/1753/1572 1573/1754/1573 1570/1751/1570
f 1573/1754/1573 1574/1755/1574 1575/1756/1575 1570/1751/1570
f 1573/1757/1573 1572/1758/1572 1513/1684/1513 1576/1759/1576
f 1573/1757/1573 1576/1759/1576 1577/1760/1577 1574/1761/1574
f 1577/1760/1577 1578/1762/1578 1579/1763/1579 1574/1761/1574
f 1577/1760/1577 1576/1759/1576 1510/1681/1510 1580/1764/1580
f 1577/1760/1577 1580/1764/1580 1581/1765/1581 1578/1762/1578
f 1581/1765/1581 1582/1766/1582 1583/1767/1583 1578/1762/1578
f 1581/1765/1581 1580/1764/1580 1507/1678/1507 1584/1768/1584
f 1581/1765/1581 1584/1768/1584 1585/1769/1585 1582/1766/1582
f 1585/1769/1585 1586/1770/1586 1587/1771/1587 1582/1766/1582
f 1585/1769/1585 1584/1768/1584 1504/1675/1504 1588/1772/1588
f 1585/1769/1585 1588/1772/1588 1589/1773/1589 1586/1770/1586
f 1589/1773/1589 1590/1774/1590 1591/1775/1591 1586/1770/1586
f 1589/1773/1589 1588/1772/1588 1499/1667/1499 1497/1664/1497
f 1589/1773/1589 1497/1664/1497 1495/1661/1495 1590/1774/1590
f 1591/1775/1591 1592/1776/1592 1593/1777/1593 1594/1778/1594
f 1591/1775/1591 1594/1778/1594 1587/1771/1587 1586/1770/1586
f 1591/1775/1591 1590/1774/1590 1595/1779/1595 1592/1776/1592
f 1595/1779/1595 1596/1780/1596 1597/1781/1597 1592/1776/1592
f 1595/1779/1595 1590/1774/1590 1495/1661/1495 1494/1660/1494
f 1595/1779/1595 1494/1660/1494 1493/1659/1493 1596/1780/1596
f 1597/1781/1597 1598/1782/1598 1599/1783/1599 1600/1784/1600
f 1597/1781/1597 1600/1784/1600 1593/1777/1593 1592/1776/1592
f 1597/1781/1597 1596/1780/1596 1601/1785/1601 1598/1782/1598
f 1601/1785/1601 1602/1786/1602 1603/1787/1603 1598/1782/1598
f 1601/1785/1601 1596/1780/1596 1493/1659/1493 1604/1788/1604
f 1601/1785/1601 1604/1788/1604 1605/1789/1605 1602/1786/1602
f 1605/1789/1605 1606/1790/1606 1607/1791/1607 1602/1786/1602
f 1605/1789/1605 1604/1788/1604 1487/1792/1487 1485/1793/1485
f 1605/1789/1605 1485/1793/1485 1483/1794/1483 1606/1790/1606
f 1607/1791/1607 1608/1795/1608 1609/1796/1609 1610/1797/1610
f 1607/1791/1607 1610/1797/1610 1603/1787/1603 1602/1786/1602
f 1607/1791/1607 1606/1790/1606 1611/1798/1611 1608/1795/1608
f 1611/1798/1611 1475/1635/1475 1474/1634/1474 1608/1795/1608
f 1611/1798/1611 1606/1790/1606 1483/1794/1483 1481/1799/1481
f 1611/1798/1611 1481/1799/1481 1477/1637/1477 1475/1635/1475
f 1610/1797/1610 1609/1796/1609 1612/1800/1612 1613/1801/1613
f 1610/1797/1610 1613/1801/1613 1614/1802/1614 1603/1787/1603
f 1614/1802/1614 1613/1801/1613 1615/1803/1615 1616/1804/1616
f 1614/1802/1614 1616/1804/1616 1617/1805/1617 1599/1783/1599
f 1614/1802/1614 1599/1783/1599 1598/1782/1598 1603/1787/1603
f 1617/1805/1617 1616/1804/1616 131/1806/131 165/1807/165
f 1617/1805/1617 165/1807/165 164/1808/164 1618/1809/1618
f 1617/1805/1617 1618/1809/1618 1600/1784/1600 1599/1783/1599
f 1618/1809/1618 164/1808/164 166/162/166 177/161/177
f 1618/1809/1618 177/161/177 1593/1777/1593 1600/1784/1600
f 1616/1804/1616 1615/1803/1615 128/1810/128 131/1806/131
f 1615/1803/1615 138/111/138 129/110/129 128/1810/128
f 1615/1803/1615 1613/1801/1613 1612/1800/1612 138/111/138
f 1612/1800/1612 1619/1811/1619 136/107/136 138/111/138
f 1612/1800/1612 1609/1796/1609 1473/1633/1473 1619/1811/1619
f 1619/1811/1619 1470/1630/1470 137/108/137 136/107/136
f 1619/1811/1619 1473/1633/1473 1471/1631/1471 1470/1630/1470
f 1609/1796/1609 1608/1795/1608 1474/1634/1474 1473/1633/1473
f 1604/1788/1604 1493/1659/1493 1491/1658/1491 1487/1792/1487
f 1594/1778/1594 1593/1777/1593 177/161/177 176/160/176
f 1594/1778/1594 176/160/176 178/164/178 1587/1771/1587
f 1588/1772/1588 1504/1675/1504 1501/1670/1501 1499/1667/1499
f 1587/1771/1587 178/164/178 1583/1767/1583 1582/1766/1582
f 1584/1768/1584 1507/1678/1507 1505/1676/1505 1504/1675/1504
f 1583/1767/1583 178/164/178 175/163/175 1620/1812/1620
f 1583/1767/1583 1620/1812/1620 1579/1763/1579 1578/1762/1578
f 1620/1813/1620 175/158/175 174/157/174 1621/1814/1621
f 1620/1813/1620 1621/1814/1621 1622/1815/1622 1579/1816/1579
f 1622/1815/1622 1621/1814/1621 181/168/181 180/167/180
f 1622/1815/1622 180/167/180 1623/1817/1623 1575/1756/1575
f 1622/1815/1622 1575/1756/1575 1574/1755/1574 1579/1816/1579
f 1623/1817/1623 180/167/180 179/166/179 1624/1818/1624
f 1623/1817/1623 1624/1818/1624 1625/1819/1625 1571/1752/1571
f 1623/1817/1623 1571/1752/1571 1570/1751/1570 1575/1756/1575
f 1625/1819/1625 1624/1818/1624 1626/1820/1626 1627/1821/1627
f 1625/1819/1625 1627/1821/1627 1628/1822/1628 1567/1748/1567
f 1625/1819/1625 1567/1748/1567 1566/1747/1566 1571/1752/1571
f 1628/1822/1628 1627/1821/1627 1629/1823/1629 1630/1824/1630
f 1628/1822/1628 1630/1824/1630 1631/1825/1631 1632/1826/1632
f 1628/1822/1628 1632/1826/1632 1568/1749/1568 1567/1748/1567
f 1632/1826/1632 1631/1825/1631 1633/1827/1633 1634/1828/1634
f 1632/1826/1632 1634/1828/1634 1562/1741/1562 1568/1749/1568
f 1634/1828/1634 1633/1827/1633 58/9/58 63/14/63
f 1634/1828/1634 63/14/63 1559/1738/1559 1562/1741/1562
f 1633/1827/1633 1631/1825/1631 1635/1829/1635 1636/1830/1636
f 1633/1827/1633 1636/1830/1636 59/10/59 58/9/58
f 1636/1830/1636 1635/1829/1635 1637/1831/1637 1638/1832/1638
f 1636/1830/1636 1638/1832/1638 1639/1833/1639 59/10/59
f 1639/1833/1639 1638/1832/1638 57/7/57 54/4/54
f 1639/1833/1639 54/4/54 53/3/53 1640/1834/1640
f 1639/1833/1639 1640/1834/1640 60/11/60 59/10/59
f 1640/1834/1640 53/3/53 1550/1729/1550 1555/1734/1555
f 1640/1834/1640 1555/1734/1555 61/12/61 60/11/60
f 1638/1832/1638 1637/1831/1637 1641/1835/1641 57/7/57
f 1641/1835/1641 1642/1836/1642 147/126/147 1545/1724/1545
f 1641/1835/1641 1545/1724/1545 55/5/55 57/7/57
f 1641/1835/1641 1637/1831/1637 1643/1837/1643 1642/1836/1642
f 1643/1837/1643 1644/1838/1644 1645/1839/1645 1642/1836/1642
f 1643/1837/1643 1637/1831/1637 1635/1829/1635 1646/1840/1646
f 1643/1837/1643 1646/1840/1646 1647/1841/1647 1644/1838/1644
f 1647/1841/1647 1648/1842/1648 158/138/158 1644/1838/1644
f 1647/1841/1647 1646/1840/1646 1630/1824/1630 1629/1823/1629
f 1647/1841/1647 1629/1823/1629 1649/1843/1649 1648/1842/1648
f 1649/1843/1649 1650/1844/1650 1651/1845/1651 1648/1842/1648
f 1649/1843/1649 1629/1823/1629 1627/1821/1627 1626/1820/1626
f 1649/1843/1649 1626/1820/1626 183/170/183 1650/1844/1650
f 1651/1845/1651 172/154/172 168/149/168 159/141/159
f 1651/1845/1651 159/141/159 158/138/158 1648/1842/1648
f 1651/1845/1651 1650/1844/1650 1652/1846/1652 172/154/172
f 1652/1846/1652 1653/1847/1653 169/151/169 172/154/172
f 1652/1846/1652 1650/1844/1650 183/170/183 182/169/182
f 1652/1846/1652 182/169/182 184/171/184 1653/1847/1653
f 1653/1847/1653 173/156/173 170/152/170 169/151/169
f 1653/1847/1653 184/171/184 174/157/174 173/156/173
f 1646/1840/1646 1635/1829/1635 1631/1825/1631 1630/1824/1630
f 1645/1839/1645 157/137/157 154/133/154 148/127/148
f 1645/1839/1645 148/127/148 147/126/147 1642/1836/1642
f 1645/1839/1645 1644/1838/1644 158/138/158 157/137/157
f 1626/1820/1626 1624/1818/1624 179/166/179 183/170/183
f 1621/1814/1621 174/157/174 184/171/184 181/168/181
f 1580/1764/1580 1510/1681/1510 1508/1679/1508 1507/1678/1507
f 1576/1759/1576 1513/1684/1513 1511/1682/1511 1510/1681/1510
f 1572/1758/1572 1516/1687/1516 1514/1685/1514 1513/1684/1513
f 1550/1729/1550 53/3/53 52/2/52 1547/1726/1547
f 1470/1630/1470 1468/1628/1468 1467/1627/1467 137/108/137
f 1422/1577/1422 1420/1575/1420 1379/1532/1379 1378/1531/1378
f 1420/1575/1420 1419/1574/1419 1380/1533/1380 1379/1532/1379
f 1419/1574/1419 1413/1568/1413 1382/1535/1382 1380/1533/1380
f 1320/1458/1320 1286/1417/1286 1284/1415/1284 1283/1414/1283
f 1312/1450/1312 1308/1446/1308 1295/1431/1295 1293/1428/1293
f 1281/1412/1281 1279/1409/1279 1278/1408/1278 198/190/198
f 1278/1408/1278 1274/1404/1274 199/191/199 198/190/198
f 1278/1408/1278 1275/1407/1275 1907/1405/1907 1274/1404/1274
f 1274/1404/1274 1273/1401/1273 204/196/204 199/191/199
f 1271/1399/1271 1270/1398/1270 202/194/202 204/196/204
f 1250/1848/1250 1248/1371/1248 1247/1370/1247 1654/1849/1654
f 1250/1848/1250 1654/1849/1654 1655/1850/1655 1656/1851/1656
f 1250/1376/1250 1656/1852/1656 239/239/239 238/238/238
f 1656/1851/1656 1655/1850/1655 1657/1853/1657 1658/1854/1658
f 1656/1852/1656 1658/1855/1658 1659/1856/1659 239/239/239
f 1659/1856/1659 1658/1855/1658 1660/1857/1660 1661/1858/1661
f 1659/1856/1659 1661/1858/1661 1662/1859/1662 1663/1860/1663
f 1659/1856/1659 1663/1860/1663 36/234/36 239/239/239
f 1663/1860/1663 1662/1859/1662 1157/1263/1157 1156/1262/1156
f 1663/1860/1663 1156/1262/1156 240/240/240 36/234/36
f 1662/1859/1662 1661/1858/1661 1664/1861/1664 1161/1267/1161
f 1662/1859/1662 1161/1267/1161 1158/1264/1158 1157/1263/1157
f 1664/1861/1664 1661/1858/1661 1660/1857/1660 1665/1862/1665
f 1664/1861/1664 1665/1862/1665 1666/1863/1666 1667/1864/1667
f 1664/1861/1664 1667/1864/1667 1162/1268/1162 1161/1267/1161
f 1667/1864/1667 1666/1863/1666 1668/1865/1668 1669/1866/1669
f 1667/1864/1667 1669/1866/1669 1163/1269/1163 1162/1268/1162
f 1669/1866/1669 1668/1865/1668 1670/1867/1670 1671/1868/1671
f 1669/1866/1669 1671/1868/1671 1165/1271/1165 1163/1269/1163
f 1671/1868/1671 1670/1867/1670 1672/1869/1672 1673/1870/1673
f 1671/1868/1671 1673/1870/1673 1167/1273/1167 1165/1271/1165
f 1673/1871/1673 1672/1872/1672 1674/1873/1674 1172/1280/1172
f 1673/1871/1673 1172/1280/1172 1169/1277/1169 1167/1276/1167
f 1674/1874/1674 1672/1875/1672 1675/1876/1675 1676/1877/1676
f 1674/1874/1674 1676/1877/1676 1677/1878/1677 1678/1879/1678
f 1674/1873/1674 1678/1880/1678 1173/1281/1173 1172/1280/1172
f 1678/1879/1678 1677/1878/1677 1679/1881/1679 1680/1882/1680
f 1678/1880/1678 1680/1883/1680 1174/1282/1174 1173/1281/1173
f 1680/1882/1680 1679/1881/1679 1225/1337/1225 1224/1336/1224
f 1680/1883/1680 1224/1341/1224 1176/1284/1176 1174/1282/1174
f 1679/1881/1679 1677/1878/1677 1681/1884/1681 1682/1885/1682
f 1679/1881/1679 1682/1885/1682 1683/1886/1683 1225/1337/1225
f 1683/1886/1683 1682/1885/1682 1684/1887/1684 1685/1888/1685
f 1683/1886/1683 1685/1888/1685 1686/1889/1686 1228/1342/1228
f 1683/1886/1683 1228/1342/1228 1226/1338/1226 1225/1337/1225
f 1686/1889/1686 1685/1888/1685 1687/1890/1687 1688/1891/1688
f 1686/1889/1686 1688/1891/1688 1689/1892/1689 1690/1893/1690
f 1686/1889/1686 1690/1893/1690 1229/1343/1229 1228/1342/1228
f 1690/1893/1690 1689/1892/1689 1691/1894/1691 1692/1895/1692
f 1690/1893/1690 1692/1895/1692 1230/1344/1230 1229/1343/1229
f 1692/1896/1692 1691/1897/1691 1693/1898/1693 1694/1899/1694
f 1692/1896/1692 1694/1899/1694 1232/1349/1232 1230/1348/1230
f 1694/1899/1694 1693/1898/1693 1695/1900/1695 1696/1901/1696
f 1694/1899/1694 1696/1901/1696 1697/1902/1697 1232/1349/1232
f 1697/1902/1697 1696/1901/1696 1698/1903/1698 1699/1904/1699
f 1697/1902/1697 1699/1904/1699 1237/1357/1237 1235/1353/1235
f 1697/1902/1697 1235/1353/1235 1233/1350/1233 1232/1349/1232
f 1699/1904/1699 1698/1903/1698 1700/1905/1700 1701/1906/1701
f 1699/1904/1699 1701/1906/1701 1239/1360/1239 1237/1357/1237
f 1701/1906/1701 1700/1905/1700 1702/1907/1702 1703/1908/1703
f 1701/1906/1701 1703/1908/1703 1246/1369/1246 1239/1360/1239
f 1703/1908/1703 1702/1907/1702 1704/1909/1704 1705/1910/1705
f 1703/1908/1703 1705/1910/1705 1247/1370/1247 1246/1369/1246
f 1705/1910/1705 1704/1909/1704 1706/1911/1706 1707/1912/1707
f 1705/1910/1705 1707/1912/1707 1654/1849/1654 1247/1370/1247
f 1707/1912/1707 1706/1911/1706 1708/1913/1708 1709/1914/1709
f 1707/1912/1707 1709/1914/1709 1655/1850/1655 1654/1849/1654
f 1709/1914/1709 1708/1913/1708 1710/1915/1710 1711/1916/1711
f 1709/1914/1709 1711/1916/1711 1657/1853/1657 1655/1850/1655
f 1711/1916/1711 1710/1915/1710 1712/1917/1712 1713/1918/1713
f 1711/1916/1711 1713/1918/1713 1714/1919/1714 1657/1853/1657
f 1714/1919/1714 1713/1918/1713 1715/1920/1715 1716/1921/1716
f 1714/1919/1714 1716/1921/1716 1665/1922/1665 1660/1923/1660
f 1714/1919/1714 1660/1923/1660 1658/1854/1658 1657/1853/1657
f 1716/1921/1716 1715/1920/1715 1717/1924/1717 1718/1925/1718
f 1716/1921/1716 1718/1925/1718 1666/1926/1666 1665/1922/1665
f 1718/1925/1718 1717/1924/1717 1719/1927/1719 1720/1928/1720
f 1718/1925/1718 1720/1928/1720 1668/1929/1668 1666/1926/1666
f 1720/1928/1720 1719/1927/1719 1721/1930/1721 1722/1931/1722
f 1720/1928/1720 1722/1931/1722 1670/1932/1670 1668/1929/1668
f 1722/1931/1722 1721/1930/1721 1723/1933/1723 1675/1876/1675
f 1722/1931/1722 1675/1876/1675 1672/1875/1672 1670/1932/1670
f 1723/1933/1723 1721/1930/1721 1724/1934/1724 1725/1935/1725
f 1723/1933/1723 1725/1935/1725 1726/1936/1726 1727/1937/1727
f 1723/1933/1723 1727/1937/1727 1676/1877/1676 1675/1876/1675
f 1727/1937/1727 1726/1936/1726 1728/1938/1728 1681/1884/1681
f 1727/1937/1727 1681/1884/1681 1677/1878/1677 1676/1877/1676
f 1728/1938/1728 1726/1936/1726 1729/1939/1729 1730/1940/1730
f 1728/1938/1728 1730/1940/1730 1731/1941/1731 1684/1887/1684
f 1728/1938/1728 1684/1887/1684 1682/1885/1682 1681/1884/1681
f 1731/1941/1731 1730/1940/1730 1732/1942/1732 296/312/296
f 1731/1941/1731 296/312/296 295/311/295 1687/1890/1687
f 1731/1941/1731 1687/1890/1687 1685/1888/1685 1684/1887/1684
f 1732/1942/1732 273/281/273 272/280/272 1733/1943/1733
f 1732/1942/1732 1733/1943/1733 277/313/277 296/312/296
f 1732/1942/1732 1730/1940/1730 1729/1939/1729 273/281/273
f 1733/1944/1733 272/278/272 271/277/271 282/294/282
f 1733/1944/1733 282/294/282 278/289/278 277/288/277
f 1729/1939/1729 1734/1945/1734 274/282/274 273/281/273
f 1729/1939/1729 1726/1936/1726 1725/1935/1725 1734/1945/1734
f 1734/1945/1734 1735/1946/1735 275/283/275 274/282/274
f 1734/1945/1734 1725/1935/1725 1724/1934/1724 1735/1946/1735
f 1735/1946/1735 1736/1947/1736 1737/1948/1737 275/283/275
f 1735/1946/1735 1724/1934/1724 1738/1949/1738 1736/1947/1736
f 1738/1949/1738 1739/1950/1739 1740/1951/1740 1736/1947/1736
f 1738/1949/1738 1724/1934/1724 1721/1930/1721 1719/1927/1719
f 1738/1949/1738 1719/1927/1719 1717/1924/1717 1739/1950/1739
f 1740/1951/1740 1741/1952/1741 1742/1953/1742 1743/1954/1743
f 1740/1951/1740 1743/1954/1743 1737/1948/1737 1736/1947/1736
f 1740/1951/1740 1739/1950/1739 1744/1955/1744 1741/1952/1741
f 1744/1955/1744 1712/1917/1712 1745/1956/1745 1741/1952/1741
f 1744/1955/1744 1739/1950/1739 1717/1924/1717 1715/1920/1715
f 1744/1955/1744 1715/1920/1715 1713/1918/1713 1712/1917/1712
f 1745/1956/1745 1746/1957/1746 1747/1958/1747 1748/1959/1748
f 1745/1956/1745 1748/1959/1748 1742/1953/1742 1741/1952/1741
f 1745/1956/1745 1712/1917/1712 1710/1915/1710 1746/1957/1746
f 1748/1959/1748 1747/1958/1747 218/1960/218 1749/1961/1749
f 1748/1959/1748 1749/1961/1749 1750/1962/1750 1742/1953/1742
f 1750/1963/1750 1749/1964/1749 1751/1965/1751 224/222/224
f 1750/1963/1750 224/222/224 223/221/223 1752/1966/1752
f 1750/1962/1750 1752/1967/1752 1743/1954/1743 1742/1953/1742
f 1752/1966/1752 223/221/223 225/223/225 234/233/234
f 1752/1967/1752 234/1968/234 1737/1948/1737 1743/1954/1743
f 1751/1965/1751 217/212/217 216/211/216 1753/1969/1753
f 1751/1965/1751 1753/1969/1753 220/218/220 224/222/224
f 1751/1965/1751 1749/1964/1749 218/213/218 217/212/217
f 1753/1969/1753 216/211/216 229/227/229 1754/1970/1754
f 1753/1969/1753 1754/1970/1754 221/219/221 220/218/220
f 1754/1970/1754 1755/1971/1755 1756/1972/1756 221/219/221
f 1754/1970/1754 229/227/229 228/226/228 1755/1971/1755
f 1756/1972/1756 1757/1973/1757 231/230/231 230/229/230
f 1756/1972/1756 230/229/230 222/220/222 221/219/221
f 1756/1972/1756 1755/1971/1755 1758/1974/1758 1757/1973/1757
f 1758/1974/1758 1759/1975/1759 1760/1976/1760 1757/1973/1757
f 1758/1974/1758 1755/1971/1755 228/226/228 1761/1977/1761
f 1758/1974/1758 1761/1977/1761 1762/1978/1762 1759/1975/1759
f 1762/1978/1762 288/302/288 1763/1979/1763 1759/1975/1759
f 1762/1978/1762 1761/1977/1761 1764/1980/1764 1765/1981/1765
f 1762/1978/1762 1765/1981/1765 286/300/286 288/302/288
f 1765/1981/1765 1764/1980/1764 1766/1982/1766 292/307/292
f 1765/1981/1765 292/307/292 287/301/287 286/300/286
f 1766/1982/1766 1764/1980/1764 227/225/227 226/224/226
f 1766/1982/1766 226/224/226 1767/1983/1767 1768/1984/1768
f 1766/1982/1766 1768/1984/1768 289/304/289 292/307/292
f 1768/1984/1768 1767/1983/1767 1769/1985/1769 1770/1986/1770
f 1768/1984/1768 1770/1986/1770 290/305/290 289/304/289
f 1770/1986/1770 1769/1985/1769 1771/1987/1771 1772/1988/1772
f 1770/1986/1770 1772/1988/1772 1773/1989/1773 290/305/290
f 1773/1989/1773 1774/1990/1774 291/306/291 290/305/290
f 1773/1989/1773 1772/1988/1772 1775/1991/1775 1776/1992/1776
f 1773/1989/1773 1776/1992/1776 1777/1993/1777 1774/1990/1774
f 1777/1993/1777 293/308/293 285/298/285 1774/1990/1774
f 1777/1994/1777 1776/1995/1776 1778/1996/1778 1779/1997/1779
f 1777/1998/1777 1779/1999/1779 1780/2000/1780 293/2001/293
f 1780/2000/1780 1781/2002/1781 294/2003/294 293/2001/293
f 1780/2000/1780 1779/1999/1779 1691/1894/1691 1689/1892/1689
f 1780/2000/1780 1689/1892/1689 1688/1891/1688 1781/2002/1781
f 1781/2002/1781 295/311/295 48/310/48 294/2003/294
f 1781/2002/1781 1688/1891/1688 1687/1890/1687 295/311/295
f 1779/1997/1779 1778/1996/1778 1693/1898/1693 1691/1897/1691
f 1778/1996/1778 1776/1995/1776 1775/2004/1775 1782/2005/1782
f 1778/1996/1778 1782/2005/1782 1695/1900/1695 1693/1898/1693
f 1782/2005/1782 1775/2004/1775 1783/2006/1783 1784/2007/1784
f 1782/2005/1782 1784/2007/1784 1785/2008/1785 1695/1900/1695
f 1785/2008/1785 1784/2007/1784 1786/2009/1786 1787/2010/1787
f 1785/2008/1785 1787/2010/1787 1700/1905/1700 1698/1903/1698
f 1785/2008/1785 1698/1903/1698 1696/1901/1696 1695/1900/1695
f 1787/2010/1787 1786/2009/1786 1788/2011/1788 1789/2012/1789
f 1787/2010/1787 1789/2012/1789 1702/1907/1702 1700/1905/1700
f 1789/2012/1789 1788/2011/1788 1790/2013/1790 1791/2014/1791
f 1789/2012/1789 1791/2014/1791 1704/1909/1704 1702/1907/1702
f 1791/2014/1791 1790/2013/1790 1792/2015/1792 1793/2016/1793
f 1791/2014/1791 1793/2016/1793 1706/1911/1706 1704/1909/1704
f 1793/2016/1793 1792/2015/1792 1794/2017/1794 1795/2018/1795
f 1793/2016/1793 1795/2018/1795 1708/1913/1708 1706/1911/1706
f 1795/2018/1795 1794/2017/1794 1747/1958/1747 1746/1957/1746
f 1795/2018/1795 1746/1957/1746 1710/1915/1710 1708/1913/1708
f 1794/2017/1794 1792/2015/1792 212/2019/212 211/2020/211
f 1794/2017/1794 211/2020/211 218/1960/218 1747/1958/1747
f 1792/2015/1792 1790/2013/1790 1796/2021/1796 212/2019/212
f 1796/2022/1796 1797/2023/1797 1798/2024/1798 1799/2025/1799
f 1796/2022/1796 1799/2025/1799 213/207/213 212/206/212
f 1796/2021/1796 1790/2013/1790 1788/2011/1788 1797/2026/1797
f 1799/2025/1799 1798/2024/1798 206/199/206 205/198/205
f 1799/2025/1799 205/198/205 210/203/210 213/207/213
f 1798/2024/1798 1800/2027/1800 1801/2028/1801 206/199/206
f 1798/2024/1798 1797/2023/1797 1802/2029/1802 1800/2027/1800
f 1802/2029/1802 1783/2030/1783 1771/1987/1771 1800/2027/1800
f 1802/2031/1802 1797/2026/1797 1788/2011/1788 1786/2009/1786
f 1802/2031/1802 1786/2009/1786 1784/2007/1784 1783/2006/1783
f 1801/2028/1801 1769/1985/1769 1767/1983/1767 1803/2032/1803
f 1801/2028/1801 1803/2032/1803 207/200/207 206/199/206
f 1801/2028/1801 1800/2027/1800 1771/1987/1771 1769/1985/1769
f 1803/2032/1803 1767/1983/1767 226/224/226 219/216/219
f 1803/2032/1803 219/216/219 208/201/208 207/200/207
f 1783/2030/1783 1775/1991/1775 1772/1988/1772 1771/1987/1771
f 1774/1990/1774 285/298/285 284/297/284 291/306/291
f 1764/1980/1764 1761/1977/1761 228/226/228 227/225/227
f 1763/1979/1763 281/292/281 280/291/280 1804/2033/1804
f 1763/1979/1763 1804/2033/1804 1760/1976/1760 1759/1975/1759
f 1763/1979/1763 288/302/288 47/299/47 281/292/281
f 1804/2033/1804 280/291/280 279/290/279 283/295/283
f 1804/2033/1804 283/295/283 1805/2034/1805 1760/1976/1760
f 1805/2034/1805 283/295/283 276/285/276 270/275/270
f 1805/2034/1805 270/275/270 232/231/232 231/230/231
f 1805/2034/1805 231/230/231 1757/1973/1757 1760/1976/1760
f 1737/1948/1737 234/1968/234 233/284/233 275/283/275
f 1215/1326/1215 1194/1304/1194 1192/1300/1192 1185/1293/1185
f 1214/1325/1214 1213/1324/1213 250/252/250 249/251/249
f 1211/1322/1211 1197/1307/1197 1195/1305/1195 1194/1304/1194
f 1207/1318/1207 1904/1317/1904 1198/1308/1198 1197/1307/1197
f 1192/1300/1192 1188/1296/1188 1186/1294/1186 1185/1293/1185
f 1156/1262/1156 1154/1260/1154 1153/1259/1153 240/240/240
f 1138/1244/1138 1136/1242/1136 88/45/88 85/42/85
f 1133/1239/1133 1131/1237/1131 86/43/86 88/45/88
f 1128/1234/1128 1127/1233/1127 84/41/84 83/40/83
f 1116/1222/1116 1115/1221/1115 187/175/187 186/174/186
f 1103/1209/1103 1101/1207/1101 1100/1206/1100 105/65/105
f 1077/1183/1077 752/823/752 750/821/750 749/820/749
f 1077/1183/1077 749/820/749 737/801/737 736/800/736
f 1076/1182/1076 755/826/755 753/824/753 752/823/752
f 1036/1140/1036 1034/1138/1034 1028/1132/1028 1027/1131/1027
f 1020/1124/1020 89/47/89 94/52/94 99/58/99
f 1806/2035/1806 782/855/782 778/851/778 1882/850/1882
f 1806/2035/1806 1898/1075/1898 978/1074/978 782/855/782
f 978/1074/978 787/860/787 783/856/783 782/855/782
f 978/1074/978 977/1071/977 976/1070/976 787/860/787
f 976/1070/976 792/865/792 788/861/788 787/860/787
f 976/1070/976 973/1067/973 971/1065/971 792/865/792
f 971/1065/971 797/870/797 793/866/793 792/865/792
f 942/1030/942 65/17/65 64/16/64 939/1027/939
f 936/1022/936 103/62/103 102/61/102 933/1018/933
f 931/1016/931 100/59/100 94/52/94 93/51/93
f 931/1016/931 93/51/93 92/50/92 113/78/113
f 866/943/866 116/80/116 864/2036/864 1889/944/1889
f 864/2036/864 116/80/116 115/79/115 1912/2037/1912
f 1912/2037/1912 115/79/115 691/752/691 1879/751/1879
f 825/900/825 824/898/824 823/897/823 81/37/81
f 819/892/819 815/888/815 74/29/74 76/31/76
f 808/881/808 807/880/807 72/27/72 71/26/71
f 749/820/749 747/818/747 739/804/739 737/801/737
f 693/754/693 691/752/691 115/79/115 114/81/114
f 665/725/665 661/721/661 637/697/637 635/695/635
f 1807/2038/1807 1808/2039/1808 1809/2040/1809 617/2041/617
f 1807/2042/1807 617/676/617 616/675/616 622/681/622
f 1809/2040/1809 1808/2039/1808 1810/2043/1810 1811/2044/1811
f 1809/2040/1809 1811/2044/1811 1812/2045/1812 612/668/612
f 1809/2040/1809 612/668/612 611/667/611 617/2041/617
f 1812/2045/1812 1811/2044/1811 1813/2046/1813 1814/2047/1814
f 1812/2045/1812 1814/2047/1814 1815/2048/1815 609/665/609
f 1812/2045/1812 609/665/609 608/664/608 612/668/612
f 1815/2048/1815 1814/2047/1814 1816/2049/1816 1817/2050/1817
f 1815/2048/1815 1817/2050/1817 1818/2051/1818 248/249/248
f 1815/2048/1815 248/249/248 247/248/247 609/665/609
f 1818/2051/1818 1817/2050/1817 1819/2052/1819 1820/2053/1820
f 1818/2051/1818 1820/2053/1820 1821/2054/1821 1822/2055/1822
f 1818/2051/1818 1822/2055/1822 37/242/37 248/249/248
f 1822/2055/1822 1821/2054/1821 554/600/554 552/598/552
f 1822/2055/1822 552/598/552 245/246/245 37/242/37
f 1821/2054/1821 1820/2053/1820 1823/2056/1823 1824/2057/1824
f 1821/2054/1821 1824/2057/1824 556/602/556 554/600/554
f 1824/2057/1824 1823/2056/1823 1825/2058/1825 1826/2059/1826
f 1824/2057/1824 1826/2059/1826 1827/2060/1827 556/602/556
f 1827/2060/1827 1826/2059/1826 1828/2061/1828 1829/2062/1829
f 1827/2060/1827 1829/2062/1829 561/609/561 559/605/559
f 1827/2060/1827 559/605/559 557/603/557 556/602/556
f 1829/2062/1829 1828/2061/1828 1830/2063/1830 1831/2064/1831
f 1829/2062/1829 1831/2064/1831 1832/2065/1832 561/609/561
f 1832/2065/1832 1831/2064/1831 1833/2066/1833 1834/2067/1834
f 1832/2065/1832 1834/2067/1834 1835/2068/1835 564/612/564
f 1832/2065/1832 564/612/564 562/610/562 561/609/561
f 1835/2068/1835 1834/2067/1834 1836/2069/1836 1837/2070/1837
f 1835/2068/1835 1837/2070/1837 1838/2071/1838 567/2072/567
f 1835/2068/1835 567/2072/567 565/613/565 564/612/564
f 1838/2071/1838 1837/2070/1837 1839/2073/1839 1840/2074/1840
f 1842/2078/1842 1913/2079/1913 1843/2080/1843 1813/2046/1813
f 1842/2078/1842 1813/2046/1813 1811/2044/1811 1810/2043/1810
f 1843/2080/1843 1913/2079/1913 1914/2081/1914 1844/2082/1844
f 1843/2080/1843 1844/2082/1844 1845/2083/1845 1816/2049/1816
f 1843/2080/1843 1816/2049/1816 1814/2047/1814 1813/2046/1813
f 1845/2083/1845 1844/2082/1844 1846/2084/1846 1847/2085/1847
f 1845/2083/1845 1847/2085/1847 1848/2086/1848 1819/2052/1819
f 1845/2083/1845 1819/2052/1819 1817/2050/1817 1816/2049/1816
f 1848/2086/1848 1847/2085/1847 1849/2087/1849 1850/2088/1850
f 1848/2086/1848 1850/2088/1850 1825/2058/1825 1823/2056/1823
f 1848/2086/1848 1823/2056/1823 1820/2053/1820 1819/2052/1819
f 1850/2088/1850 1849/2087/1849 1851/2089/1851 1852/2090/1852
f 1850/2088/1850 1852/2090/1852 1853/2091/1853 1825/2058/1825
f 1853/2091/1853 1852/2090/1852 301/319/301 1854/2092/1854
f 1853/2091/1853 1854/2092/1854 1830/2063/1830 1828/2061/1828
f 1853/2091/1853 1828/2061/1828 1826/2059/1826 1825/2058/1825
f 1854/2092/1854 301/319/301 300/318/300 1855/2093/1855
f 1854/2092/1854 1855/2093/1855 1856/2094/1856 1830/2063/1830
f 1856/2094/1856 1855/2093/1855 1857/2095/1857 1858/2096/1858
f 1856/2094/1856 1858/2096/1858 1859/2097/1859 1833/2066/1833
f 1856/2094/1856 1833/2066/1833 1831/2064/1831 1830/2063/1830
f 1859/2097/1859 1858/2096/1858 1860/2098/1860 1861/2099/1861
f 1859/2097/1859 1861/2099/1861 1862/2100/1862 1836/2069/1836
f 1859/2097/1859 1836/2069/1836 1834/2067/1834 1833/2066/1833
f 1862/2100/1862 1839/2073/1839 1837/2070/1837 1836/2069/1836
f 1915/2101/1915 1863/2102/1863 1864/2103/1864 1846/2084/1846
f 1915/2101/1915 1846/2084/1846 1844/2082/1844 1914/2081/1914
f 1864/2103/1864 1863/2102/1863 1865/2104/1865 1866/2105/1866
f 1864/2103/1864 1866/2105/1866 1851/2089/1851 1849/2087/1849
f 1864/2103/1864 1849/2087/1849 1847/2085/1847 1846/2084/1846
f 1866/2105/1866 1865/2104/1865 1916/2106/1916 298/316/298
f 1866/2105/1866 298/316/298 297/315/297 1851/2089/1851
f 1916/2106/1916 1867/2107/1867 299/317/299 298/316/298
f 1918/2108/1918 1917/2109/1917 1857/2095/1857 302/320/302
f 1918/2108/1918 302/320/302 299/317/299 1867/2107/1867
f 1917/2109/1917 1860/2098/1860 1858/2096/1858 1857/2095/1857
f 1857/2095/1857 1855/2093/1855 300/318/300 302/320/302
f 1852/2090/1852 1851/2089/1851 297/315/297 301/319/301
f 596/649/596 594/647/594 593/646/593 257/260/257
f 548/594/548 547/593/547 243/244/243 242/243/242
f 171/153/171 163/143/163 160/139/160 167/148/167
f 168/149/168 167/148/167 160/139/160 159/141/159
f 165/145/165 131/100/131 130/99/130 145/123/145
f 162/142/162 142/118/142 140/115/140 144/121/144
f 162/142/162 144/121/144 155/134/155 1868/2110/1868
f 162/142/162 1868/2110/1868 156/136/156 161/140/161
f 1868/2110/1868 155/134/155 152/131/152 154/133/154
f 1868/2110/1868 154/133/154 157/137/157 156/136/156
f 155/134/155 143/119/143 153/132/153 152/131/152
f 153/132/153 143/119/143 139/113/139 141/117/141
f 153/132/153 141/117/141 1869/2111/1869 149/128/149
f 1869/2111/1869 141/117/141 18/116/18 132/101/132
f 1869/2111/1869 132/101/132 127/96/127 1870/2112/1870
f 1869/2111/1869 1870/2112/1870 150/129/150 149/128/149
f 1870/2112/1870 127/96/127 120/86/120 119/85/119
f 1870/2112/1870 119/85/119 118/84/118 150/129/150
f 1919/2113/1919 1972/2114/1972 1971/2115/1971 1970/2116/1970
f 1919/2113/1919 1970/2116/1970 1974/2117/1974 1973/2118/1973
f 1919/2113/1919 1973/2118/1973 1975/2119/1975 1972/2114/1972
f 1920/2120/1920 1978/2121/1978 1977/2122/1977 1976/2123/1976
f 1920/2120/1920 1980/2124/1980 1979/2125/1979 1978/2121/1978
f 1920/2120/1920 1976/2123/1976 1981/2126/1981 1980/2124/1980
f 1921/2127/1921 1984/2128/1984 1983/2129/1983 1982/2130/1982
f 1921/2127/1921 1982/2130/1982 1986/2131/1986 1985/2132/1985
f 1921/2133/1921 1988/2134/1988 1987/2135/1987 1984/2136/1984
f 1922/2137/1922 1991/2138/1991 1990/2139/1990 1989/2140/1989
f 1922/2137/1922 1989/2140/1989 1993/2141/1993 1992/2142/1992
f 1922/2137/1922 1992/2142/1992 1994/2143/1994 1991/2138/1991
f 1923/2144/1923 1997/2145/1997 1996/2146/1996 1995/2147/1995
f 1923/2144/1923 1995/2147/1995 1999/2148/1999 1998/2149/1998
f 1923/2144/1923 1998/2149/1998 2000/2150/2000 1997/2145/1997
f 1924/2151/1924 2003/2152/2003 2002/2153/2002 2001/2154/2001
f 1924/2151/1924 2001/2154/2001 2005/2155/2005 2004/2156/2004
f 1924/2151/1924 2004/2156/2004 2006/2157/2006 2003/2152/2003
f 1925/2158/1925 2009/2159/2009 2008/2160/2008 2007/2161/2007
f 1925/2158/1925 2011/2162/2011 2010/2163/2010 2009/2159/2009
f 1925/2158/1925 2007/2161/2007 2012/2164/2012 2011/2162/2011
f 1926/2165/1926 2015/2166/2015 2014/2167/2014 2013/2168/2013
f 1926/2165/1926 2017/2169/2017 2016/2170/2016 2015/2166/2015
f 1926/2165/1926 2018/2171/2018 2012/2164/2012 2017/2169/2017
f 1926/2165/1926 2020/2172/2020 2019/2173/2019 2018/2171/2018
f 1926/2165/1926 2013/2168/2013 2021/2174/2021 2020/2172/2020
f 1927/2175/1927 2024/2176/2024 2023/2177/2023 2022/2178/2022
f 1927/2179/1927 2027/2180/2027 2026/2181/2026 2025/2182/2025
f 1927/2183/1927 2025/2184/2025 2028/2185/2028 2024/2186/2024
f 1928/2187/1928 2031/2188/2031 2030/2189/2030 2029/2190/2029
f 2033/2191/2033 1928/2187/1928 2029/2190/2029 2034/2192/2034
f 1928/2187/1928 2033/2191/2033 2032/2193/2032 2031/2188/2031
f 1929/2194/1929 2037/2195/2037 2036/2196/2036 2035/2197/2035
f 1929/2194/1929 2039/2198/2039 2038/2199/2038 2037/2195/2037
f 1929/2194/1929 2035/2197/2035 2040/2200/2040 2039/2198/2039
f 1930/2201/1930 2041/2202/2041 2039/2198/2039 2040/2200/2040
f 1930/2201/1930 2040/2200/2040 2043/2203/2043 2042/2204/2042
f 1930/2201/1930 2042/2204/2042 2044/2205/2044 2041/2202/2041
f 1931/2206/1931 2038/2199/2038 2039/2198/2039 2041/2202/2041
f 1931/2206/1931 2041/2202/2041 2044/2205/2044 1932/2207/1932
f 1931/2206/1931 1932/2207/1932 2045/2208/2045 2038/2199/2038
f 1932/2207/1932 2044/2205/2044 2047/2209/2047 2046/2210/2046
f 1932/2207/1932 2046/2210/2046 2049/2211/2049 2048/2212/2048
f 1932/2207/1932 2048/2212/2048 2050/2213/2050 2045/2208/2045
f 1933/2214/1933 2042/2204/2042 2043/2203/2043 2051/2215/2051
f 1933/2214/1933 2047/2209/2047 2044/2205/2044 2042/2204/2042
f 1933/2214/1933 2051/2215/2051 2053/2216/2053 2052/2217/2052
f 1933/2218/1933 2052/2219/2052 2055/2220/2055 2054/2221/2054
f 1933/2218/1933 2054/2221/2054 2056/2222/2056 2047/2223/2047
f 1934/2224/1934 2058/2225/2058 1935/2226/1935 2057/2227/2057
f 1934/2224/1934 2057/2227/2057 2059/2228/2059 1936/2229/1936
f 1934/2224/1934 1936/2229/1936 2060/2230/2060 2058/2225/2058
f 1935/2226/1935 1938/2231/1938 2061/2232/2061 2057/2227/2057
f 1935/2226/1935 2058/2225/2058 2062/2233/2062 1938/2231/1938
f 1936/2229/1936 2063/2234/2063 1940/2235/1940 2060/2230/2060
f 1936/2229/1936 2050/2213/2050 2048/2212/2048 2063/2234/2063
f 1937/2236/1937 2066/2237/2066 2065/2238/2065 2064/2239/2064
f 1937/2236/1937 2069/2240/2069 2068/2241/2068 2067/2242/2067
f 1937/2236/1937 2067/2242/2067 2071/2243/2071 2070/2244/2070
f 1937/2236/1937 2070/2244/2070 2072/2245/2072 2066/2237/2066
f 1938/2231/1938 2062/2233/2062 2073/2246/2073 2061/2232/2061
f 1939/2247/1939 2076/2248/2076 2075/2249/2075 2074/2250/2074
f 2078/2251/2078 1939/2247/1939 2074/2250/2074 2079/2252/2079
f 1939/2247/1939 2078/2251/2078 2077/2253/2077 2076/2248/2076
f 1940/2235/1940 2079/2252/2079 2080/2254/2080 2060/2230/2060
f 1940/2235/1940 2081/2255/2081 2078/2251/2078 2079/2252/2079
f 1940/2235/1940 2063/2234/2063 2083/2256/2083 2082/2257/2082
f 1940/2235/1940 2082/2257/2082 2084/2258/2084 2081/2255/2081
f 1941/2259/1941 1942/2260/1942 2086/2261/2086 2085/2262/2085
f 1941/2259/1941 2088/2263/2088 2087/2264/2087 1942/2260/1942
f 1941/2259/1941 2085/2262/2085 2089/2265/2089 2088/2263/2088
f 1942/2260/1942 2087/2264/2087 2090/2266/2090 2086/2261/2086
f 1943/2267/1943 2093/2268/2093 2092/2269/2092 2091/2270/2091
f 1943/2267/1943 2091/2270/2091 2088/2263/2088 2089/2265/2089
f 1943/2267/1943 2089/2265/2089 2081/2255/2081 2084/2258/2084
f 1943/2271/1943 2084/2272/2084 2095/2273/2095 2094/2274/2094
f 1943/2271/1943 2094/2274/2094 2096/2275/2096 2093/2276/2093
f 1944/2277/1944 2099/2278/2099 2098/2279/2098 2097/2280/2097
f 1944/2277/1944 2097/2280/2097 2101/2281/2101 2100/2282/2100
f 1944/2277/1944 2100/2282/2100 2102/2283/2102 2099/2278/2099
f 1945/2284/1945 2105/2285/2105 2104/2286/2104 2103/2287/2103
f 1945/2284/1945 2107/2288/2107 2106/2289/2106 2105/2285/2105
f 1945/2290/1945 2109/2291/2109 2108/2292/2108 2107/2293/2107
f 1945/2290/1945 2111/2294/2111 2110/2295/2110 2109/2291/2109
f 1945/2284/1945 2103/2287/2103 2112/2296/2112 2111/2297/2111
f 1946/2298/1946 2115/2299/2115 2114/2300/2114 2113/2301/2113
f 1946/2298/1946 2117/2302/2117 2116/2303/2116 2115/2299/2115
f 1946/2298/1946 2113/2301/2113 2119/2304/2119 2118/2305/2118
f 1946/2298/1946 2118/2305/2118 2121/2306/2121 2120/2307/2120
f 1946/2298/1946 2120/2307/2120 2122/2308/2122 2117/2302/2117
f 1947/2309/1947 2125/2310/2125 2124/2311/2124 2123/2312/2123
f 1947/2309/1947 2127/2313/2127 2126/2314/2126 2125/2310/2125
f 1947/2309/1947 2123/2312/2123 2128/2315/2128 2127/2313/2127
f 1948/2316/1948 2131/2317/2131 2130/2318/2130 2129/2319/2129
f 1948/2316/1948 1949/2320/1949 2128/2315/2128 2131/2317/2131
f 1948/2316/1948 2133/2321/2133 2132/2322/2132 1949/2320/1949
f 1948/2316/1948 2135/2323/2135 2134/2324/2134 2133/2321/2133
f 1948/2316/1948 2129/2319/2129 2136/2325/2136 2135/2323/2135
f 1949/2320/1949 2132/2322/2132 2127/2313/2127 2128/2315/2128
f 1950/2326/1950 2126/2314/2126 2127/2313/2127 2132/2322/2132
f 1950/2326/1950 2132/2322/2132 2133/2321/2133 1952/2327/1952
f 1950/2326/1950 1952/2327/1952 2137/2328/2137 2126/2314/2126
f 1951/2329/1951 2140/2330/2140 2139/2331/2139 2138/2332/2138
f 1951/2329/1951 2138/2332/2138 2142/2333/2142 2141/2334/2141
f 1951/2329/1951 2141/2334/2141 2143/2335/2143 2140/2330/2140
f 1952/2327/1952 2145/2336/2145 2144/2337/2144 2137/2328/2137
f 1952/2327/1952 2147/2338/2147 2146/2339/2146 2145/2336/2145
f 1952/2327/1952 2133/2321/2133 2134/2324/2134 2147/2338/2147
f 1953/2340/1953 2148/2341/2148 2140/2330/2140 2143/2335/2143
f 1953/2340/1953 2150/2342/2150 2149/2343/2149 2148/2341/2148
f 1953/2340/1953 2143/2335/2143 2152/2344/2152 2151/2345/2151
f 1954/2346/1954 2155/2347/2155 2154/2348/2154 2153/2349/2153
f 1954/2346/1954 2157/2350/2157 2156/2351/2156 2155/2347/2155
f 1954/2346/1954 2153/2349/2153 2159/2352/2159 2158/2353/2158
f 1955/2354/1955 2162/2355/2162 2161/2356/2161 2160/2357/2160
f 1955/2354/1955 2160/2357/2160 2164/2358/2164 2163/2359/2163
f 1955/2354/1955 2166/2360/2166 2165/2361/2165 2162/2355/2162
f 1956/2362/1956 2169/2363/2169 2168/2364/2168 2167/2365/2167
f 1956/2362/1956 2172/2366/2172 2171/2367/2171 2170/2368/2170
f 1956/2362/1956 2170/2368/2170 2173/2369/2173 2169/2363/2169
f 1957/2370/1957 2176/2371/2176 2175/2372/2175 2174/2373/2174
f 1957/2370/1957 2179/2374/2179 2178/2375/2178 2177/2376/2177
f 1957/2370/1957 2177/2376/2177 2180/2377/2180 2176/2371/2176
f 1958/2378/1958 2183/2379/2183 2182/2380/2182 2181/2381/2181
f 1958/2378/1958 2185/2382/2185 2184/2383/2184 2183/2379/2183
f 1958/2378/1958 2181/2381/2181 2187/2384/2187 2186/2385/2186
f 1953/2340/1953 2151/2345/2151 1959/2386/1959 2150/2342/2150
f 1959/2386/1959 1960/2387/1960 2188/2388/2188 2150/2342/2150
f 1959/2386/1959 2190/2389/2190 2189/2390/2189 1960/2387/1960
f 1959/2391/1959 2192/2392/2192 2191/2393/2191 2190/2394/2190
f 1959/2391/1959 2151/2395/2151 2193/2396/2193 2192/2392/2192
f 1960/2387/1960 2189/2390/2189 2194/2397/2194 2188/2388/2188
f 1961/2398/1961 2196/2399/2196 2195/2400/2195 1966/2401/1966
f 1961/2398/1961 2198/2402/2198 2197/2403/2197 2196/2399/2196
f 1961/2398/1961 1966/2401/1966 2199/2404/2199 2198/2402/2198
f 1962/2405/1962 2200/2406/2200 2196/2399/2196 2197/2403/2197
f 1962/2405/1962 2197/2403/2197 2201/2407/2201 2194/2397/2194
f 1962/2405/1962 2194/2397/2194 2189/2390/2189 2200/2406/2200
f 1963/2408/1963 1965/2409/1965 2203/2410/2203 2202/2411/2202
f 1963/2408/1963 2202/2411/2202 2205/2412/2205 2204/2413/2204
f 1963/2408/1963 2204/2413/2204 2206/2414/2206 1965/2409/1965
f 1964/2415/1964 2209/2416/2209 2208/2417/2208 2207/2418/2207
f 1964/2415/1964 2205/2412/2205 2202/2411/2202 2209/2416/2209
f 1964/2415/1964 2207/2418/2207 2210/2419/2210 2205/2412/2205
f 1965/2409/1965 2212/2420/2212 2211/2421/2211 2203/2410/2203
f 1965/2409/1965 2199/2404/2199 1966/2401/1966 2212/2420/2212
f 1966/2422/1966 2195/2423/2195 2214/2424/2214 2213/2425/2213
f 1967/2426/1967 2217/2427/2217 2216/2428/2216 2215/2429/2215
f 1967/2426/1967 2215/2429/2215 2219/2430/2219 2218/2431/2218
f 1967/2426/1967 2218/2431/2218 2220/2432/2220 2217/2427/2217
f 2267/2482/2267 2263/2483/2263 2269/2484/2269 2268/2485/2268
f 2267/2482/2267 2268/2485/2268 2272/2488/2272 2271/2489/2271
f 2272/2488/2272 2268/2485/2268 2274/2490/2274 2273/2491/2273
f 2272/2488/2272 2276/2492/2276 2275/2493/2275 2271/2489/2271
f 2272/2488/2272 2273/2491/2273 2277/2494/2277 2276/2492/2276
f 2277/2494/2277 2273/2491/2273 2279/2495/2279 2278/2496/2278
f 2277/2494/2277 2281/2497/2281 2280/2498/2280 2276/2492/2276
f 2277/2494/2277 2278/2496/2278 2282/2499/2282 2281/2497/2281
f 2282/2499/2282 2278/2496/2278 2284/2500/2284 2283/2501/2283
f 2282/2499/2282 368/2502/368 367/2503/367 2281/2497/2281
f 2282/2499/2282 2283/2501/2283 369/2504/369 368/2502/368
f 369/2504/369 2283/2501/2283 2285/2505/2285 370/2506/370
f 372/2507/372 2287/2508/2287 2286/2509/2286 373/2510/373
f 372/2507/372 370/2506/370 2285/2505/2285 2287/2508/2287
f 2287/2508/2287 2289/2511/2289 2288/2512/2288 2286/2509/2286
f 2287/2508/2287 2285/2505/2285 2290/2513/2290 2289/2511/2289
f 2290/2513/2290 2292/2514/2292 2291/2515/2291 2289/2511/2289
f 2290/2513/2290 2284/2500/2284 2293/2516/2293 2292/2514/2292
f 2290/2513/2290 2285/2505/2285 2283/2501/2283 2284/2500/2284
f 2293/2516/2293 2295/2517/2295 2294/2518/2294 2292/2514/2292
f 2293/2516/2293 2279/2495/2279 2296/2519/2296 2295/2517/2295
f 2293/2516/2293 2284/2500/2284 2278/2496/2278 2279/2495/2279
f 2296/2519/2296 2298/2520/2298 2297/2521/2297 2295/2517/2295
f 2296/2519/2296 2274/2490/2274 2299/2522/2299 2298/2520/2298
f 2296/2519/2296 2279/2495/2279 2273/2491/2273 2274/2490/2274
f 2299/2522/2299 2301/2523/2301 2300/2524/2300 2298/2520/2298
f 2299/2522/2299 2269/2484/2269 2302/2525/2302 2301/2523/2301
f 2299/2522/2299 2274/2490/2274 2268/2485/2268 2269/2484/2269
f 2302/2525/2302 2304/2526/2304 2303/2527/2303 2301/2523/2301
f 2302/2525/2302 2264/2528/2264 2305/2529/2305 2304/2526/2304
f 2302/2525/2302 2269/2484/2269 2263/2483/2263 2264/2528/2264
f 2305/2529/2305 2307/2530/2307 2306/2531/2306 2304/2526/2304
f 2366/2594/2366 2275/2493/2275 2276/2492/2276 2280/2498/2280
f 2366/2594/2366 2280/2498/2280 461/2595/461 460/2596/460
f 461/2595/461 2280/2498/2280 2281/2497/2281 367/2503/367
f 1872/492/1872 2368/2597/2368 2367/2598/2367 462/493/462
f 1872/492/1872 373/497/373 2286/2599/2286 2368/2597/2368
f 2368/2597/2368 2370/2600/2370 2369/2601/2369 2367/2598/2367
f 2368/2597/2368 2286/2599/2286 2288/2602/2288 2370/2600/2370
f 2370/2600/2370 2372/2603/2372 2371/2604/2371 2369/2601/2369
f 2370/2600/2370 2288/2602/2288 2373/2605/2373 2372/2603/2372
f 2373/2605/2373 2375/2606/2375 2374/2607/2374 2372/2603/2372
f 2373/2608/2373 2291/2515/2291 2376/2609/2376 2375/2610/2375
f 2373/2608/2373 2288/2512/2288 2289/2511/2289 2291/2515/2291
f 2376/2609/2376 2378/2611/2378 2377/2612/2377 2375/2610/2375
f 2376/2609/2376 2294/2518/2294 2379/2613/2379 2378/2611/2378
f 2376/2609/2376 2291/2515/2291 2292/2514/2292 2294/2518/2294
f 2379/2613/2379 2381/2614/2381 2380/2615/2380 2378/2611/2378
f 2379/2613/2379 2297/2521/2297 2382/2616/2382 2381/2614/2381
f 2379/2613/2379 2294/2518/2294 2295/2517/2295 2297/2521/2297
f 2382/2616/2382 2384/2617/2384 2383/2618/2383 2381/2614/2381
f 2382/2616/2382 2300/2524/2300 2385/2619/2385 2384/2617/2384
f 2382/2616/2382 2297/2521/2297 2298/2520/2298 2300/2524/2300
f 2385/2619/2385 2387/2620/2387 2386/2621/2386 2384/2617/2384
f 2385/2619/2385 2303/2527/2303 2388/2622/2388 2387/2620/2387
f 2385/2619/2385 2300/2524/2300 2301/2523/2301 2303/2527/2303
f 2388/2622/2388 2390/2623/2390 2389/2624/2389 2387/2620/2387
f 2388/2622/2388 2306/2531/2306 2391/2625/2391 2390/2623/2390
f 2388/2622/2388 2303/2527/2303 2304/2526/2304 2306/2531/2306
f 2391/2625/2391 2393/2626/2393 2392/2627/2392 2390/2623/2390
f 2391/2625/2391 2309/2628/2309 2394/2629/2394 2393/2626/2393
f 2391/2625/2391 2306/2531/2306 2307/2530/2307 2309/2628/2309
f 2394/2629/2394 2396/2630/2396 2395/2631/2395 2393/2626/2393
f 2396/2630/2396 2398/2634/2398 2397/2635/2397 2395/2631/2395
f 2398/2634/2398 2400/2637/2400 2399/2638/2399 2397/2635/2397
f 2400/2637/2400 2402/2640/2402 2401/2641/2401 2399/2638/2399
f 522/564/522 2424/2663/2424 2423/2664/2423 521/565/521
f 522/564/522 462/493/462 2367/2598/2367 2424/2663/2424
f 2424/2663/2424 2426/2665/2426 2425/2666/2425 2423/2664/2423
f 2424/2663/2424 2367/2598/2367 2369/2601/2369 2426/2665/2426
f 2426/2665/2426 2428/2667/2428 2427/2668/2427 2425/2666/2425
f 2426/2665/2426 2369/2601/2369 2371/2604/2371 2428/2667/2428
f 2428/2667/2428 2430/2669/2430 2429/2670/2429 2427/2668/2427
f 2428/2667/2428 2371/2604/2371 2431/2671/2431 2430/2669/2430
f 2431/2671/2431 2433/2672/2433 2432/2673/2432 2430/2669/2430
f 2431/2671/2431 2374/2607/2374 2434/2674/2434 2433/2672/2433
f 2431/2671/2431 2371/2604/2371 2372/2603/2372 2374/2607/2374
f 2434/2674/2434 2436/2675/2436 2435/2676/2435 2433/2672/2433
f 2434/2674/2434 2377/2677/2377 2437/2678/2437 2436/2675/2436
f 2434/2674/2434 2374/2607/2374 2375/2606/2375 2377/2677/2377
f 2437/2678/2437 2439/2679/2439 2438/2680/2438 2436/2675/2436
f 2437/2681/2437 2380/2615/2380 2440/2682/2440 2439/2683/2439
f 2437/2681/2437 2377/2612/2377 2378/2611/2378 2380/2615/2380
f 2440/2682/2440 2442/2684/2442 2441/2685/2441 2439/2683/2439
f 2440/2682/2440 2383/2618/2383 2443/2686/2443 2442/2684/2442
f 2440/2682/2440 2380/2615/2380 2381/2614/2381 2383/2618/2383
f 2443/2686/2443 2445/2687/2445 2444/2688/2444 2442/2684/2442
f 2443/2686/2443 2386/2621/2386 2446/2689/2446 2445/2687/2445
f 2443/2686/2443 2383/2618/2383 2384/2617/2384 2386/2621/2386
f 2446/2689/2446 2448/2690/2448 2447/2691/2447 2445/2687/2445
f 2446/2689/2446 2389/2624/2389 2449/2692/2449 2448/2690/2448
f 2446/2689/2446 2386/2621/2386 2387/2620/2387 2389/2624/2389
f 2449/2692/2449 2164/2358/2164 2160/2357/2160 2448/2690/2448
f 2449/2692/2449 2392/2627/2392 2450/2693/2450 2164/2358/2164
f 2449/2692/2449 2389/2624/2389 2390/2623/2390 2392/2627/2392
f 2450/2693/2450 2451/2694/2451 2163/2359/2163 2164/2358/2164
f 2450/2693/2450 2395/2631/2395 2397/2635/2397 2451/2694/2451
f 2450/2693/2450 2392/2627/2392 2393/2626/2393 2395/2631/2395
f 2451/2694/2451 2453/2695/2453 2452/2696/2452 2163/2359/2163
f 2451/2694/2451 2397/2635/2397 2399/2638/2399 2453/2695/2453
f 2453/2695/2453 2455/2697/2455 2454/2698/2454 2452/2696/2452
f 2453/2695/2453 2399/2638/2399 2401/2641/2401 2455/2697/2455
f 2455/2697/2455 2457/2699/2457 2456/2700/2456 2454/2698/2454
f 2455/2697/2455 2401/2641/2401 2458/2701/2458 2457/2699/2457
f 2458/2701/2458 2460/2702/2460 2459/2703/2459 2457/2699/2457
f 2458/2701/2458 2404/2704/2404 2406/2705/2406 2460/2702/2460
f 2458/2701/2458 2401/2641/2401 2402/2640/2402 2404/2704/2404
f 2460/2702/2460 2462/2706/2462 2461/2707/2461 2459/2703/2459
f 2460/2702/2460 2406/2705/2406 2463/2708/2463 2462/2706/2462
f 2463/2708/2463 2465/2709/2465 2464/2710/2464 2462/2706/2462
f 575/627/575 2474/2720/2474 2473/2721/2473 574/628/574
f 575/627/575 521/565/521 2423/2664/2423 2474/2720/2474
f 2474/2720/2474 2476/2722/2476 2475/2723/2475 2473/2721/2473
f 2474/2720/2474 2423/2664/2423 2425/2666/2425 2476/2722/2476
f 2476/2722/2476 2478/2724/2478 2477/2725/2477 2475/2723/2475
f 2476/2722/2476 2425/2666/2425 2427/2668/2427 2478/2724/2478
f 2478/2724/2478 2480/2726/2480 2479/2727/2479 2477/2725/2477
f 2478/2724/2478 2427/2668/2427 2429/2670/2429 2480/2726/2480
f 2480/2726/2480 2482/2728/2482 2481/2729/2481 2479/2727/2479
f 2480/2726/2480 2429/2670/2429 2483/2730/2483 2482/2728/2482
f 2483/2730/2483 2485/2731/2485 2484/2732/2484 2482/2728/2482
f 2483/2730/2483 2432/2673/2432 2486/2733/2486 2485/2731/2485
f 2483/2730/2483 2429/2670/2429 2430/2669/2430 2432/2673/2432
f 2486/2733/2486 2488/2734/2488 2487/2735/2487 2485/2731/2485
f 2486/2733/2486 2435/2676/2435 2489/2736/2489 2488/2734/2488
f 2486/2733/2486 2432/2673/2432 2433/2672/2433 2435/2676/2435
f 2489/2736/2489 2491/2737/2491 2490/2738/2490 2488/2734/2488
f 2489/2736/2489 2438/2680/2438 2492/2739/2492 2491/2737/2491
f 2489/2736/2489 2435/2676/2435 2436/2675/2436 2438/2680/2438
f 2492/2739/2492 2494/2740/2494 2493/2741/2493 2491/2737/2491
f 2492/2739/2492 2441/2742/2441 2495/2743/2495 2494/2740/2494
f 2492/2739/2492 2438/2680/2438 2439/2679/2439 2441/2742/2441
f 2495/2743/2495 2497/2744/2497 2496/2745/2496 2494/2740/2494
f 2495/2746/2495 2444/2688/2444 2498/2747/2498 2497/2748/2497
f 2495/2746/2495 2441/2685/2441 2442/2684/2442 2444/2688/2444
f 2498/2747/2498 2500/2749/2500 2499/2750/2499 2497/2748/2497
f 2498/2747/2498 2447/2691/2447 2161/2356/2161 2500/2749/2500
f 2498/2747/2498 2444/2688/2444 2445/2687/2445 2447/2691/2447
f 2500/2749/2500 2502/2751/2502 2501/2752/2501 2499/2750/2499
f 2500/2749/2500 2161/2356/2161 2162/2355/2162 2502/2751/2502
f 2502/2751/2502 2504/2753/2504 2503/2754/2503 2501/2752/2501
f 2502/2751/2502 2162/2355/2162 2165/2361/2165 2504/2753/2504
f 2504/2753/2504 2165/2361/2165 2506/2755/2506 2505/2756/2505
f 2504/2753/2504 2505/2756/2505 2507/2757/2507 2503/2754/2503
f 2507/2757/2507 2505/2756/2505 2509/2758/2509 2508/2759/2508
f 2507/2760/2507 2511/2761/2511 2510/2762/2510 2503/2763/2503
f 2507/2760/2507 2508/2764/2508 2512/2765/2512 2511/2761/2511
f 2512/2765/2512 2508/2764/2508 2514/2766/2514 2513/2767/2513
f 2512/2765/2512 2516/2768/2516 2515/2769/2515 2511/2761/2511
f 2512/2765/2512 2513/2767/2513 2517/2770/2517 2516/2768/2516
f 2517/2770/2517 2513/2767/2513 622/681/622 621/680/621
f 2517/2770/2517 2519/2771/2519 2518/2772/2518 2516/2768/2516
f 2517/2770/2517 621/680/621 1877/684/1877 2519/2771/2519
f 1877/684/1877 626/686/626 2520/2773/2520 2519/2771/2519
f 628/687/628 2522/2774/2522 2521/2775/2521 1878/688/1878
f 628/687/628 574/628/574 2473/2721/2473 2522/2774/2522
f 2522/2774/2522 2524/2776/2524 2523/2777/2523 2521/2775/2521
f 2522/2774/2522 2473/2721/2473 2475/2723/2475 2524/2776/2524
f 2524/2776/2524 2526/2778/2526 2525/2779/2525 2523/2777/2523
f 2524/2776/2524 2475/2723/2475 2477/2725/2477 2526/2778/2526
f 2526/2778/2526 2528/2780/2528 2527/2781/2527 2525/2779/2525
f 2526/2778/2526 2477/2725/2477 2479/2727/2479 2528/2780/2528
f 2528/2780/2528 2530/2782/2530 2529/2783/2529 2527/2781/2527
f 2528/2780/2528 2479/2727/2479 2481/2729/2481 2530/2782/2530
f 2530/2782/2530 2532/2784/2532 2531/2785/2531 2529/2783/2529
f 2530/2782/2530 2481/2729/2481 2533/2786/2533 2532/2784/2532
f 2533/2786/2533 2535/2787/2535 2534/2788/2534 2532/2784/2532
f 2533/2786/2533 2484/2732/2484 2536/2789/2536 2535/2787/2535
f 2533/2786/2533 2481/2729/2481 2482/2728/2482 2484/2732/2484
f 2536/2789/2536 2538/2790/2538 2537/2791/2537 2535/2787/2535
f 2536/2789/2536 2487/2735/2487 2539/2792/2539 2538/2790/2538
f 2536/2789/2536 2484/2732/2484 2485/2731/2485 2487/2735/2487
f 2539/2792/2539 2176/2371/2176 2180/2377/2180 2538/2790/2538
f 2539/2792/2539 2490/2738/2490 2175/2372/2175 2176/2371/2176
f 2539/2792/2539 2487/2735/2487 2488/2734/2488 2490/2738/2490
f 2538/2790/2538 2180/2377/2180 2540/2793/2540 2537/2791/2537
f 2540/2793/2540 2543/2794/2543 2542/2795/2542 2541/2796/2541
f 2540/2793/2540 2180/2377/2180 2177/2376/2177 2543/2794/2543
f 2540/2793/2540 2541/2796/2541 2544/2797/2544 2537/2791/2537
f 2544/2797/2544 2541/2796/2541 2546/2798/2546 2545/2799/2545
f 2544/2797/2544 2534/2788/2534 2535/2787/2535 2537/2791/2537
f 2544/2797/2544 2545/2799/2545 2547/2800/2547 2534/2788/2534
f 2547/2800/2547 2545/2799/2545 2549/2801/2549 2548/2802/2548
f 2547/2800/2547 2531/2785/2531 2532/2784/2532 2534/2788/2534
f 2547/2800/2547 2548/2802/2548 2550/2803/2550 2531/2785/2531
f 2550/2803/2550 2548/2802/2548 2552/2804/2552 2551/2805/2551
f 2550/2803/2550 2553/2806/2553 2529/2783/2529 2531/2785/2531
f 2550/2803/2550 2551/2805/2551 2554/2807/2554 2553/2806/2553
f 2554/2807/2554 2551/2805/2551 2556/2808/2556 2555/2809/2555
f 2554/2807/2554 2558/2810/2558 2557/2811/2557 2553/2806/2553
f 2554/2807/2554 2555/2809/2555 2559/2812/2559 2558/2810/2558
f 2559/2812/2559 2555/2809/2555 2561/2813/2561 2560/2814/2560
f 2559/2812/2559 2563/2815/2563 2562/2816/2562 2558/2810/2558
f 2559/2812/2559 2560/2814/2560 2564/2817/2564 2563/2815/2563
f 2564/2817/2564 2560/2814/2560 2566/2818/2566 2565/2819/2565
f 2564/2817/2564 2568/2820/2568 2567/2821/2567 2563/2815/2563
f 2564/2817/2564 2565/2819/2565 2569/2822/2569 2568/2820/2568
f 2569/2822/2569 2565/2819/2565 2571/2823/2571 2570/2824/2570
f 2569/2822/2569 2573/2825/2573 2572/2826/2572 2568/2820/2568
f 2569/2822/2569 2570/2824/2570 2574/2827/2574 2573/2825/2573
f 2574/2827/2574 2570/2824/2570 2576/2828/2576 2575/2829/2575
f 2574/2827/2574 686/746/686 685/745/685 2573/2825/2573
f 2574/2827/2574 2575/2829/2575 687/747/687 686/746/686
f 687/747/687 2575/2829/2575 2577/2830/2577 688/748/688
f 690/750/690 2579/2831/2579 2578/2832/2578 1879/751/1879
f 690/750/690 688/748/688 2577/2830/2577 2579/2831/2579
f 2579/2831/2579 2581/2833/2581 2580/2834/2580 2578/2832/2578
f 2579/2831/2579 2577/2830/2577 2582/2835/2582 2581/2833/2581
f 2582/2835/2582 2584/2836/2584 2583/2837/2583 2581/2833/2581
f 2582/2835/2582 2576/2828/2576 2585/2838/2585 2584/2836/2584
f 2582/2835/2582 2577/2830/2577 2575/2829/2575 2576/2828/2576
f 2585/2838/2585 2587/2839/2587 2586/2840/2586 2584/2836/2584
f 2585/2838/2585 2571/2823/2571 2588/2841/2588 2587/2839/2587
f 2585/2838/2585 2576/2828/2576 2570/2824/2570 2571/2823/2571
f 2588/2841/2588 2590/2842/2590 2589/2843/2589 2587/2839/2587
f 2588/2841/2588 2566/2818/2566 2591/2844/2591 2590/2842/2590
f 2588/2841/2588 2571/2823/2571 2565/2819/2565 2566/2818/2566
f 2591/2844/2591 2593/2845/2593 2592/2846/2592 2590/2842/2590
f 2591/2844/2591 2561/2813/2561 2594/2847/2594 2593/2845/2593
f 2591/2844/2591 2566/2818/2566 2560/2814/2560 2561/2813/2561
f 2594/2847/2594 2596/2848/2596 2595/2849/2595 2593/2845/2593
f 2594/2847/2594 2556/2808/2556 2597/2850/2597 2596/2848/2596
f 2594/2847/2594 2561/2813/2561 2555/2809/2555 2556/2808/2556
f 2597/2850/2597 2599/2851/2599 2598/2852/2598 2596/2848/2596
f 2597/2850/2597 2552/2804/2552 2600/2853/2600 2599/2851/2599
f 2597/2850/2597 2556/2808/2556 2551/2805/2551 2552/2804/2552
f 2600/2853/2600 2602/2854/2602 2601/2855/2601 2599/2851/2599
f 2600/2853/2600 2549/2801/2549 2603/2856/2603 2602/2854/2602
f 2600/2853/2600 2552/2804/2552 2548/2802/2548 2549/2801/2549
f 2603/2856/2603 2605/2857/2605 2604/2858/2604 2602/2854/2602
f 2603/2856/2603 2546/2798/2546 2606/2859/2606 2605/2857/2605
f 2603/2856/2603 2549/2801/2549 2545/2799/2545 2546/2798/2546
f 2606/2859/2606 2608/2860/2608 2607/2861/2607 2605/2857/2605
f 2606/2859/2606 2542/2795/2542 2609/2862/2609 2608/2860/2608
f 2606/2859/2606 2546/2798/2546 2541/2796/2541 2542/2795/2542
f 2609/2862/2609 2611/2863/2611 2610/2864/2610 2608/2860/2608
f 2609/2862/2609 2613/2865/2613 2612/2866/2612 2611/2863/2611
f 2609/2862/2609 2542/2795/2542 2543/2794/2543 2613/2865/2613
f 2613/2865/2613 2178/2375/2178 2614/2867/2614 2612/2866/2612
f 2613/2865/2613 2543/2794/2543 2177/2376/2177 2178/2375/2178
f 2614/2867/2614 2616/2868/2616 2615/2869/2615 2612/2866/2612
f 2614/2867/2614 2618/2870/2618 2617/2871/2617 2616/2868/2616
f 2614/2867/2614 2178/2375/2178 2179/2374/2179 2618/2870/2618
f 2618/2872/2618 2620/2873/2620 2619/2874/2619 2617/2875/2617
f 2618/2872/2618 2179/2876/2179 2621/2877/2621 2620/2873/2620
f 2621/2877/2621 2623/2878/2623 2622/2879/2622 2620/2873/2620
f 2621/2877/2621 2625/2880/2625 2624/2881/2624 2623/2878/2623
f 2621/2877/2621 2179/2876/2179 1957/2882/1957 2625/2880/2625
f 2625/2880/2625 2627/2883/2627 2626/2884/2626 2624/2881/2624
f 2625/2880/2625 1957/2882/1957 2174/2885/2174 2627/2883/2627
f 2627/2883/2627 2629/2886/2629 2628/2887/2628 2626/2884/2626
f 2627/2883/2627 2174/2885/2174 2630/2888/2630 2629/2886/2629
f 2630/2888/2630 2496/2889/2496 2631/2890/2631 2629/2886/2629
f 2630/2891/2630 2493/2741/2493 2494/2740/2494 2496/2745/2496
f 2630/2891/2630 2174/2373/2174 2175/2372/2175 2493/2741/2493
f 2631/2890/2631 2632/2892/2632 2628/2887/2628 2629/2886/2629
f 2631/2890/2631 2499/2893/2499 2501/2894/2501 2632/2892/2632
f 2631/2890/2631 2496/2889/2496 2497/2895/2497 2499/2893/2499
f 2632/2892/2632 2510/2762/2510 2633/2896/2633 2628/2887/2628
f 2632/2892/2632 2501/2894/2501 2503/2763/2503 2510/2762/2510
f 2633/2896/2633 2510/2762/2510 2511/2761/2511 2515/2769/2515
f 2633/2896/2633 2634/2897/2634 2626/2884/2626 2628/2887/2628
f 2633/2896/2633 2515/2769/2515 2635/2898/2635 2634/2897/2634
f 2635/2898/2635 2515/2769/2515 2516/2768/2516 2518/2772/2518
f 2635/2898/2635 2637/2899/2637 2636/2900/2636 2634/2897/2634
f 2635/2898/2635 2518/2772/2518 2638/2901/2638 2637/2899/2637
f 2638/2901/2638 2518/2772/2518 2519/2771/2519 2520/2773/2520
f 2638/2901/2638 2640/2902/2640 2639/2903/2639 2637/2899/2637
f 2638/2901/2638 2520/2773/2520 2641/2904/2641 2640/2902/2640
f 2641/2904/2641 2643/2905/2643 2642/2906/2642 2640/2902/2640
f 2641/2904/2641 627/829/627 757/828/757 2643/2905/2643
f 2641/2904/2641 2520/2773/2520 626/686/626 627/829/627
f 757/828/757 759/831/759 2644/2907/2644 2643/2905/2643
f 761/832/761 2646/2908/2646 2645/2909/2645 1880/833/1880
f 761/832/761 1878/688/1878 2521/2775/2521 2646/2908/2646
f 2646/2908/2646 2648/2910/2648 2647/2911/2647 2645/2909/2645
f 2646/2908/2646 2521/2775/2521 2523/2777/2523 2648/2910/2648
f 2648/2910/2648 2649/2912/2649 2562/2816/2562 2647/2911/2647
f 2648/2910/2648 2523/2777/2523 2525/2779/2525 2649/2912/2649
f 2649/2912/2649 2557/2811/2557 2558/2810/2558 2562/2816/2562
f 2649/2912/2649 2525/2779/2525 2527/2781/2527 2557/2811/2557
f 2647/2911/2647 2562/2816/2562 2563/2815/2563 2567/2821/2567
f 2647/2911/2647 2567/2821/2567 2650/2913/2650 2645/2909/2645
f 2650/2913/2650 2567/2821/2567 2568/2820/2568 2572/2826/2572
f 2650/2913/2650 1881/840/1881 1880/833/1880 2645/2909/2645
f 2650/2913/2650 2572/2826/2572 768/841/768 1881/840/1881
f 768/841/768 2572/2826/2572 2573/2825/2573 685/745/685
f 771/2914/771 769/2915/769 2652/2916/2652 2651/2917/2651
f 771/2914/771 2651/2917/2651 2653/2918/2653 774/2919/774
f 2653/2918/2653 2651/2917/2651 2655/2920/2655 2654/2921/2654
f 2653/2918/2653 2656/2922/2656 1882/2923/1882 774/2919/774
f 2653/2918/2653 2654/2921/2654 2657/2924/2657 2656/2922/2656
f 2657/2924/2657 2654/2921/2654 2659/2925/2659 2658/2926/2658
f 2657/2924/2657 2661/2927/2661 2660/2928/2660 2656/2922/2656
f 2657/2924/2657 2658/2926/2658 2662/2929/2662 2661/2927/2661
f 2662/2929/2662 2658/2926/2658 2664/2930/2664 2663/2931/2663
f 2662/2929/2662 2666/2932/2666 2665/2933/2665 2661/2927/2661
f 2662/2929/2662 2663/2931/2663 2667/2934/2667 2666/2932/2666
f 2667/2934/2667 2663/2931/2663 2669/2935/2669 2668/2936/2668
f 2667/2934/2667 2671/2937/2671 2670/2938/2670 2666/2932/2666
f 2667/2934/2667 2668/2936/2668 2672/2939/2672 2671/2937/2671
f 2672/2939/2672 2668/2936/2668 2674/2940/2674 2673/2941/2673
f 2672/2939/2672 2676/2942/2676 2675/2943/2675 2671/2937/2671
f 2672/2939/2672 2673/2941/2673 2677/2944/2677 2676/2942/2676
f 2677/2944/2677 2673/2941/2673 2679/2945/2679 2678/2946/2678
f 2677/2944/2677 2681/2947/2681 2680/2948/2680 2676/2942/2676
f 2677/2944/2677 2678/2946/2678 2682/2949/2682 2681/2947/2681
f 2682/2949/2682 2678/2946/2678 2684/2950/2684 2683/2951/2683
f 2682/2949/2682 2686/2952/2686 2685/2953/2685 2681/2947/2681
f 2682/2949/2682 2683/2951/2683 2687/2954/2687 2686/2952/2686
f 2687/2954/2687 2683/2951/2683 2689/2955/2689 2688/2956/2688
f 2687/2954/2687 1993/2141/1993 1989/2140/1989 2686/2952/2686
f 2687/2954/2687 2688/2956/2688 2690/2957/2690 1993/2141/1993
f 2690/2957/2690 2688/2956/2688 2692/2958/2692 2691/2959/2691
f 2690/2957/2690 2693/2960/2693 1992/2142/1992 1993/2141/1993
f 2690/2957/2690 2691/2959/2691 2694/2961/2694 2693/2960/2693
f 2694/2961/2694 2691/2959/2691 2696/2962/2696 2695/2963/2695
f 2694/2961/2694 2698/2964/2698 2697/2965/2697 2693/2960/2693
f 2694/2961/2694 2695/2963/2695 2699/2966/2699 2698/2964/2698
f 2699/2966/2699 2695/2963/2695 822/2967/822 1883/2968/1883
f 2699/2966/2699 2701/2969/2701 2700/2970/2700 2698/2964/2698
f 2699/2966/2699 1883/2968/1883 1884/2971/1884 2701/2969/2701
f 1884/2971/1884 1885/2972/1885 2702/2973/2702 2701/2969/2701
f 1887/2974/1887 2696/2962/2696 2703/2975/2703 1888/2976/1888
f 1887/2974/1887 822/2967/822 2695/2963/2695 2696/2962/2696
f 2703/2975/2703 2704/2977/2704 828/2978/828 1888/2976/1888
f 2703/2975/2703 2692/2958/2692 2705/2979/2705 2704/2977/2704
f 2703/2975/2703 2696/2962/2696 2691/2959/2691 2692/2958/2692
f 2705/2979/2705 2707/2980/2707 2706/2981/2706 2704/2977/2704
f 2705/2979/2705 2689/2955/2689 2708/2982/2708 2707/2980/2707
f 2705/2979/2705 2692/2958/2692 2688/2956/2688 2689/2955/2689
f 2708/2982/2708 2710/2983/2710 2709/2984/2709 2707/2980/2707
f 2708/2982/2708 2684/2950/2684 2711/2985/2711 2710/2983/2710
f 2708/2982/2708 2689/2955/2689 2683/2951/2683 2684/2950/2684
f 2711/2985/2711 2713/2986/2713 2712/2987/2712 2710/2983/2710
f 2711/2985/2711 2679/2945/2679 2714/2988/2714 2713/2986/2713
f 2711/2985/2711 2684/2950/2684 2678/2946/2678 2679/2945/2679
f 2714/2988/2714 2716/2989/2716 2715/2990/2715 2713/2986/2713
f 2714/2988/2714 2674/2940/2674 2717/2991/2717 2716/2989/2716
f 2714/2988/2714 2679/2945/2679 2673/2941/2673 2674/2940/2674
f 2717/2991/2717 2719/2992/2719 2718/2993/2718 2716/2989/2716
f 2717/2991/2717 2669/2935/2669 2720/2994/2720 2719/2992/2719
f 2717/2991/2717 2674/2940/2674 2668/2936/2668 2669/2935/2669
f 2720/2994/2720 2722/2995/2722 2721/2996/2721 2719/2992/2719
f 2720/2994/2720 2664/2930/2664 2723/2997/2723 2722/2995/2722
f 2720/2994/2720 2669/2935/2669 2663/2931/2663 2664/2930/2664
f 2723/2997/2723 2725/2998/2725 2724/2999/2724 2722/2995/2722
f 2723/2997/2723 2659/2925/2659 2726/3000/2726 2725/2998/2725
f 2723/2997/2723 2664/2930/2664 2658/2926/2658 2659/2925/2659
f 2726/3000/2726 2728/3001/2728 2727/3002/2727 2725/2998/2725
f 2726/3000/2726 2655/2920/2655 2729/3003/2729 2728/3001/2728
f 2726/3000/2726 2659/2925/2659 2654/2921/2654 2655/2920/2655
f 2729/3003/2729 2731/3004/2731 2730/3005/2730 2728/3001/2728
f 2729/3003/2729 2652/2916/2652 2732/3006/2732 2731/3004/2731
f 2729/3003/2729 2655/2920/2655 2651/2917/2651 2652/2916/2652
f 2732/3006/2732 2734/3007/2734 2733/3008/2733 2731/3004/2731
f 2732/3006/2732 770/3009/770 860/3010/860 2734/3007/2734
f 2732/3006/2732 2652/2916/2652 769/2915/769 770/3009/770
f 860/3010/860 862/3011/862 2735/3012/2735 2734/3007/2734
f 1890/941/1890 1889/944/1889 2737/3013/2737 2736/3014/2736
f 1890/3015/1890 2736/3016/2736 2738/3017/2738 863/3018/863
f 2738/3017/2738 2736/3016/2736 2740/3019/2740 2739/3020/2739
f 2738/3017/2738 2735/3012/2735 862/3011/862 863/3018/863
f 2738/3017/2738 2739/3020/2739 2741/3021/2741 2735/3012/2735
f 2741/3021/2741 2739/3020/2739 2743/3022/2743 2742/3023/2742
f 2741/3021/2741 2733/3008/2733 2734/3007/2734 2735/3012/2735
f 2741/3021/2741 2742/3023/2742 2744/3024/2744 2733/3008/2733
f 2744/3024/2744 2742/3023/2742 2746/3025/2746 2745/3026/2745
f 2744/3024/2744 2730/3005/2730 2731/3004/2731 2733/3008/2733
f 2744/3024/2744 2745/3026/2745 2747/3027/2747 2730/3005/2730
f 2747/3027/2747 2745/3026/2745 2749/3028/2749 2748/3029/2748
f 2747/3027/2747 2727/3002/2727 2728/3001/2728 2730/3005/2730
f 2747/3027/2747 2748/3029/2748 2750/3030/2750 2727/3002/2727
f 2750/3030/2750 2748/3029/2748 2752/3031/2752 2751/3032/2751
f 2750/3030/2750 2724/2999/2724 2725/2998/2725 2727/3002/2727
f 2750/3030/2750 2751/3032/2751 2753/3033/2753 2724/2999/2724
f 2753/3033/2753 2751/3032/2751 2755/3034/2755 2754/3035/2754
f 2753/3033/2753 2721/2996/2721 2722/2995/2722 2724/2999/2724
f 2753/3033/2753 2754/3035/2754 2756/3036/2756 2721/2996/2721
f 2756/3036/2756 2754/3035/2754 2758/3037/2758 2757/3038/2757
f 2756/3036/2756 2718/2993/2718 2719/2992/2719 2721/2996/2721
f 2756/3036/2756 2757/3038/2757 2759/3039/2759 2718/2993/2718
f 2759/3039/2759 2757/3038/2757 2761/3040/2761 2760/3041/2760
f 2759/3039/2759 2715/2990/2715 2716/2989/2716 2718/2993/2718
f 2759/3039/2759 2760/3041/2760 2762/3042/2762 2715/2990/2715
f 2762/3042/2762 2760/3041/2760 2764/3043/2764 2763/3044/2763
f 2762/3042/2762 2712/2987/2712 2713/2986/2713 2715/2990/2715
f 2762/3042/2762 2763/3044/2763 2765/3045/2765 2712/2987/2712
f 2765/3045/2765 2763/3044/2763 2767/3046/2767 2766/3047/2766
f 2765/3045/2765 2709/2984/2709 2710/2983/2710 2712/2987/2712
f 2765/3045/2765 2766/3047/2766 2768/3048/2768 2709/2984/2709
f 2768/3048/2768 2766/3047/2766 899/3049/899 898/3050/898
f 2768/3048/2768 2706/2981/2706 2707/2980/2707 2709/2984/2709
f 2768/3048/2768 898/3050/898 1891/3051/1891 2706/2981/2706
f 1891/3051/1891 828/2978/828 2704/2977/2704 2706/2981/2706
f 900/3052/900 2767/3046/2767 2769/3053/2769 901/3054/901
f 900/3052/900 899/3049/899 2766/3047/2766 2767/3046/2767
f 2769/3053/2769 2770/3055/2770 903/3056/903 901/3054/901
f 2769/3053/2769 2764/3043/2764 2771/3057/2771 2770/3055/2770
f 2769/3053/2769 2767/3046/2767 2763/3044/2763 2764/3043/2764
f 2771/3057/2771 2773/3058/2773 2772/3059/2772 2770/3055/2770
f 2771/3057/2771 2761/3040/2761 2774/3060/2774 2773/3058/2773
f 2771/3057/2771 2764/3043/2764 2760/3041/2760 2761/3040/2761
f 2774/3060/2774 2776/3061/2776 2775/3062/2775 2773/3058/2773
f 2774/3060/2774 2758/3037/2758 2777/3063/2777 2776/3061/2776
f 2774/3060/2774 2761/3040/2761 2757/3038/2757 2758/3037/2758
f 2777/3063/2777 2779/3064/2779 2778/3065/2778 2776/3061/2776
f 2777/3063/2777 2755/3034/2755 2780/3066/2780 2779/3064/2779
f 2777/3063/2777 2758/3037/2758 2754/3035/2754 2755/3034/2755
f 2780/3066/2780 2782/3067/2782 2781/3068/2781 2779/3064/2779
f 2780/3066/2780 2752/3031/2752 2783/3069/2783 2782/3067/2782
f 2780/3066/2780 2755/3034/2755 2751/3032/2751 2752/3031/2752
f 2783/3069/2783 2785/3070/2785 2784/3071/2784 2782/3067/2782
f 2783/3069/2783 2749/3028/2749 2786/3072/2786 2785/3070/2785
f 2783/3069/2783 2752/3031/2752 2748/3029/2748 2749/3028/2749
f 2786/3072/2786 2788/3073/2788 2787/3074/2787 2785/3070/2785
f 2786/3072/2786 2746/3025/2746 2789/3075/2789 2788/3073/2788
f 2786/3072/2786 2749/3028/2749 2745/3026/2745 2746/3025/2746
f 2789/3075/2789 2791/3076/2791 2790/3077/2790 2788/3073/2788
f 2789/3075/2789 2743/3022/2743 2792/3078/2792 2791/3076/2791
f 2789/3075/2789 2746/3025/2746 2742/3023/2742 2743/3022/2743
f 2792/3079/2792 2794/3080/2794 2793/3081/2793 2791/3082/2791
f 2792/3079/2792 2740/3083/2740 2795/3084/2795 2794/3080/2794
f 2792/3078/2792 2743/3022/2743 2739/3020/2739 2740/3019/2740
f 2795/3084/2795 2029/2190/2029 2030/2189/2030 2794/3080/2794
f 2795/3084/2795 2737/3013/2737 2034/2192/2034 2029/2190/2029
f 2795/3084/2795 2740/3083/2740 2736/3014/2736 2737/3013/2737
f 2794/3080/2794 2030/2189/2030 2796/3085/2796 2793/3081/2793
f 2796/3085/2796 2797/3086/2797 2018/2171/2018 2019/2173/2019
f 2796/3085/2796 2030/2189/2030 2031/2188/2031 2797/3086/2797
f 2796/3085/2796 2019/2173/2019 2798/3087/2798 2793/3081/2793
f 2798/3087/2798 2019/2173/2019 2020/2172/2020 2799/3088/2799
f 2798/3087/2798 2790/3089/2790 2791/3082/2791 2793/3081/2793
f 2798/3087/2798 2799/3088/2799 2800/3090/2800 2790/3089/2790
f 2800/3090/2800 2799/3088/2799 2802/3091/2802 2801/3092/2801
f 2800/3093/2800 2787/3074/2787 2788/3073/2788 2790/3077/2790
f 2800/3093/2800 2801/3094/2801 2803/3095/2803 2787/3074/2787
f 2803/3095/2803 2801/3094/2801 1985/2132/1985 1986/2131/1986
f 2803/3095/2803 2784/3071/2784 2785/3070/2785 2787/3074/2787
f 2803/3095/2803 1986/2131/1986 2804/3096/2804 2784/3071/2784
f 2804/3096/2804 1986/2131/1986 1982/2130/1982 2805/3097/2805
f 2804/3096/2804 2781/3068/2781 2782/3067/2782 2784/3071/2784
f 2804/3096/2804 2805/3097/2805 2806/3098/2806 2781/3068/2781
f 2806/3098/2806 2805/3097/2805 2808/3099/2808 2807/3100/2807
f 2806/3098/2806 2778/3065/2778 2779/3064/2779 2781/3068/2781
f 2806/3098/2806 2807/3100/2807 2809/3101/2809 2778/3065/2778
f 2809/3101/2809 2807/3100/2807 2811/3102/2811 2810/3103/2810
f 2809/3101/2809 2775/3062/2775 2776/3061/2776 2778/3065/2778
f 2809/3101/2809 2810/3103/2810 2812/3104/2812 2775/3062/2775
f 2812/3104/2812 2810/3103/2810 1893/3105/1893 1892/3106/1892
f 2812/3104/2812 2772/3059/2772 2773/3058/2773 2775/3062/2775
f 2812/3104/2812 1892/3106/1892 1894/3107/1894 2772/3059/2772
f 1894/3107/1894 903/3056/903 2770/3055/2770 2772/3059/2772
f 1895/3108/1895 947/3109/947 2814/3110/2814 2813/3111/2813
f 1895/3108/1895 2813/3111/2813 2815/3112/2815 951/3113/951
f 2815/3112/2815 2813/3111/2813 2817/3114/2817 2816/3115/2816
f 2815/3112/2815 2818/3116/2818 1896/3117/1896 951/3113/951
f 2815/3112/2815 2816/3115/2816 2819/3118/2819 2818/3116/2818
f 2819/3118/2819 2816/3115/2816 2821/3119/2821 2820/3120/2820
f 2819/3118/2819 2000/2150/2000 2822/3121/2822 2818/3116/2818
f 2819/3118/2819 2820/3120/2820 1997/2145/1997 2000/2150/2000
f 2822/3121/2822 826/3122/826 1896/3117/1896 2818/3116/2818
f 2822/3121/2822 2823/3123/2823 1886/3124/1886 826/3122/826
f 2822/3121/2822 2000/2150/2000 1998/2149/1998 2823/3123/2823
f 2823/3123/2823 2702/2973/2702 1885/2972/1885 1886/3124/1886
f 2823/3123/2823 1998/2149/1998 1999/2148/1999 2702/2973/2702
f 2821/3119/2821 2826/3125/2826 2825/3126/2825 2824/3127/2824
f 2821/3119/2821 2816/3115/2816 2817/3114/2817 2826/3125/2826
f 2821/3119/2821 2824/3127/2824 2827/3128/2827 2820/3120/2820
f 2827/3128/2827 2824/3127/2824 2829/3129/2829 2828/3130/2828
f 2827/3128/2827 1996/2146/1996 1997/2145/1997 2820/3120/2820
f 2827/3128/2827 2828/3130/2828 2830/3131/2830 1996/2146/1996
f 2830/3131/2830 1994/2143/1994 2697/2965/2697 2831/3132/2831
f 2830/3131/2830 2828/3130/2828 1991/2138/1991 1994/2143/1994
f 2830/3131/2830 2831/3132/2831 1995/2147/1995 1996/2146/1996
f 2831/3132/2831 2697/2965/2697 2698/2964/2698 2700/2970/2700
f 2831/3132/2831 2700/2970/2700 1999/2148/1999 1995/2147/1995
f 2829/3129/2829 2832/3133/2832 2685/2953/2685 1990/2139/1990
f 2829/3129/2829 2824/3127/2824 2825/3126/2825 2832/3133/2832
f 2829/3129/2829 1990/2139/1990 1991/2138/1991 2828/3130/2828
f 2832/3133/2832 2680/2948/2680 2681/2947/2681 2685/2953/2685
f 2832/3133/2832 2825/3126/2825 2833/3134/2833 2680/2948/2680
f 2833/3134/2833 2675/2943/2675 2676/2942/2676 2680/2948/2680
f 2833/3134/2833 2835/3135/2835 2834/3136/2834 2675/2943/2675
f 2833/3134/2833 2825/3126/2825 2826/3125/2826 2835/3135/2835
f 2835/3135/2835 2837/3137/2837 2836/3138/2836 2834/3136/2834
f 2835/3135/2835 2826/3125/2826 2817/3114/2817 2837/3137/2837
f 2837/3137/2837 2814/3110/2814 2838/3139/2838 2836/3138/2836
f 2837/3137/2837 2817/3114/2817 2813/3111/2813 2814/3110/2814
f 2838/3139/2838 2840/3140/2840 2839/3141/2839 2836/3138/2836
f 2838/3139/2838 948/3142/948 1897/3143/1897 2840/3140/2840
f 2838/3139/2838 2814/3110/2814 947/3109/947 948/3142/948
f 1897/3143/1897 1898/3144/1898 2841/3145/2841 2840/3140/2840
f 979/3146/979 2811/3102/2811 2842/3147/2842 1899/3148/1899
f 979/3146/979 1893/3105/1893 2810/3103/2810 2811/3102/2811
f 2842/3147/2842 2843/3149/2843 1900/3150/1900 1899/3148/1899
f 2842/3147/2842 2808/3099/2808 1983/2129/1983 2843/3149/2843
f 2842/3147/2842 2811/3102/2811 2807/3100/2807 2808/3099/2808
f 2843/3149/2843 2844/3151/2844 982/3152/982 1900/3150/1900
f 2843/3149/2843 1983/2129/1983 1984/2128/1984 2844/3151/2844
f 2844/3153/2844 1984/2136/1984 1987/2135/1987 2845/3154/2845
f 2844/3153/2844 2845/3154/2845 1901/3155/1901 982/3156/982
f 1901/3155/1901 2845/3154/2845 2846/3157/2846 985/3158/985
f 1902/3159/1902 2848/3160/2848 2847/3161/2847 987/3162/987
f 1902/3159/1902 985/3158/985 2846/3157/2846 2848/3160/2848
f 2848/3160/2848 2850/3163/2850 2849/3164/2849 2847/3161/2847
f 2848/3160/2848 2846/3157/2846 2851/3165/2851 2850/3163/2850
f 2851/3165/2851 2853/3166/2853 2852/3167/2852 2850/3163/2850
f 2851/3165/2851 1987/2135/1987 1988/2134/1988 2853/3166/2853
f 2851/3165/2851 2846/3157/2846 2845/3154/2845 1987/2135/1987
f 2853/3166/2853 2855/3168/2855 2854/3169/2854 2852/3167/2852
f 2853/3166/2853 1988/2134/1988 2856/3170/2856 2855/3168/2855
f 2856/3170/2856 2858/3171/2858 2857/3172/2857 2855/3168/2855
f 2856/3170/2856 2860/3173/2860 2859/3174/2859 2858/3171/2858
f 2856/3170/2856 1988/2134/1988 1921/2133/1921 2860/3173/2860
f 2860/3173/2860 2862/3175/2862 2861/3176/2861 2859/3174/2859
f 2860/3173/2860 1921/2133/1921 1985/3177/1985 2862/3175/2862
f 2862/3175/2862 2802/3091/2802 2021/2174/2021 2861/3176/2861
f 2862/3175/2862 1985/3177/1985 2801/3092/2801 2802/3091/2802
f 2861/3176/2861 2864/3178/2864 2863/3179/2863 2859/3174/2859
f 2861/3176/2861 2021/2174/2021 2013/2168/2013 2864/3178/2864
f 2864/3178/2864 2866/3180/2866 2865/3181/2865 2863/3179/2863
f 2864/3178/2864 2013/2168/2013 2014/2167/2014 2866/3180/2866
f 2866/3180/2866 2868/3182/2868 2867/3183/2867 2865/3181/2865
f 2866/3180/2866 2014/2167/2014 2869/3184/2869 2868/3182/2868
f 2869/3184/2869 2871/3185/2871 2870/3186/2870 2868/3182/2868
f 2869/3184/2869 2873/3187/2873 2872/3188/2872 2871/3185/2871
f 2869/3184/2869 2014/2167/2014 2015/2166/2015 2873/3187/2873
f 2873/3187/2873 2875/3189/2875 2874/3190/2874 2872/3188/2872
f 2873/3187/2873 2015/2166/2015 2016/2170/2016 2875/3189/2875
f 2875/3189/2875 2877/3191/2877 2876/3192/2876 2874/3190/2874
f 2875/3189/2875 2016/2170/2016 2878/3193/2878 2877/3191/2877
f 2878/3193/2878 2016/2170/2016 2017/2169/2017 2879/3194/2879
f 2878/3193/2878 2881/3195/2881 2880/3196/2880 2877/3191/2877
f 2878/3193/2878 2879/3194/2879 2882/3197/2882 2881/3195/2881
f 2882/3197/2882 2879/3194/2879 2007/2161/2007 2008/2160/2008
f 2882/3197/2882 2884/3198/2884 2883/3199/2883 2881/3195/2881
f 2882/3197/2882 2008/2160/2008 2885/3200/2885 2884/3198/2884
f 2885/3200/2885 2887/3201/2887 2886/3202/2886 2884/3198/2884
f 2885/3200/2885 2889/3203/2889 2888/3204/2888 2887/3201/2887
f 2885/3200/2885 2008/2160/2008 2009/2159/2009 2889/3203/2889
f 2889/3203/2889 2891/3205/2891 2890/3206/2890 2888/3204/2888
f 2889/3203/2889 2009/2159/2009 2010/2163/2010 2891/3205/2891
f 2891/3205/2891 2032/2193/2032 2580/2834/2580 2890/3206/2890
f 2891/3205/2891 2010/2163/2010 2031/2188/2031 2032/2193/2032
f 2890/3206/2890 2583/2837/2583 2892/3207/2892 2888/3204/2888
f 2890/3206/2890 2580/2834/2580 2581/2833/2581 2583/2837/2583
f 2892/3207/2892 2893/3208/2893 2887/3201/2887 2888/3204/2888
f 2892/3207/2892 2586/2840/2586 2894/3209/2894 2893/3208/2893
f 2892/3207/2892 2583/2837/2583 2584/2836/2584 2586/2840/2586
f 2894/3209/2894 2896/3210/2896 2895/3211/2895 2893/3208/2893
f 2894/3209/2894 2589/2843/2589 2897/3212/2897 2896/3210/2896
f 2894/3209/2894 2586/2840/2586 2587/2839/2587 2589/2843/2589
f 2897/3212/2897 2899/3213/2899 2898/3214/2898 2896/3210/2896
f 2897/3212/2897 2592/2846/2592 2900/3215/2900 2899/3213/2899
f 2897/3212/2897 2589/2843/2589 2590/2842/2590 2592/2846/2592
f 2900/3215/2900 2902/3216/2902 2901/3217/2901 2899/3213/2899
f 2900/3215/2900 2595/2849/2595 2903/3218/2903 2902/3216/2902
f 2900/3215/2900 2592/2846/2592 2593/2845/2593 2595/2849/2595
f 2903/3218/2903 2905/3219/2905 2904/3220/2904 2902/3216/2902
f 2903/3218/2903 2598/2852/2598 2906/3221/2906 2905/3219/2905
f 2903/3218/2903 2595/2849/2595 2596/2848/2596 2598/2852/2598
f 2906/3221/2906 2908/3222/2908 2907/3223/2907 2905/3219/2905
f 2906/3221/2906 2601/2855/2601 2909/3224/2909 2908/3222/2908
f 2906/3221/2906 2598/2852/2598 2599/2851/2599 2601/2855/2601
f 2909/3224/2909 2911/3225/2911 2910/3226/2910 2908/3222/2908
f 2909/3224/2909 2604/2858/2604 2912/3227/2912 2911/3225/2911
f 2909/3224/2909 2601/2855/2601 2602/2854/2602 2604/2858/2604
f 2912/3227/2912 2914/3228/2914 2913/3229/2913 2911/3225/2911
f 2912/3227/2912 2607/2861/2607 2915/3230/2915 2914/3228/2914
f 2912/3227/2912 2604/2858/2604 2605/2857/2605 2607/2861/2607
f 2915/3230/2915 2917/3231/2917 2916/3232/2916 2914/3228/2914
f 2915/3230/2915 2610/2864/2610 2918/3233/2918 2917/3231/2917
f 2915/3230/2915 2607/2861/2607 2608/2860/2608 2610/2864/2610
f 2918/3233/2918 2920/3234/2920 2919/3235/2919 2917/3231/2917
f 2918/3233/2918 2922/3236/2922 2921/3237/2921 2920/3234/2920
f 2918/3233/2918 2610/2864/2610 2611/2863/2611 2922/3236/2922
f 2922/3236/2922 2615/2869/2615 2923/3238/2923 2921/3237/2921
f 2922/3236/2922 2611/2863/2611 2612/2866/2612 2615/2869/2615
f 2923/3238/2923 2925/3239/2925 2924/3240/2924 2921/3237/2921
f 2923/3238/2923 2927/3241/2927 2926/3242/2926 2925/3239/2925
f 2923/3238/2923 2615/2869/2615 2616/2868/2616 2927/3241/2927
f 2927/3241/2927 2929/3243/2929 2928/3244/2928 2926/3242/2926
f 2927/3241/2927 2616/2868/2616 2617/2871/2617 2929/3243/2929
f 2929/3245/2929 2931/3246/2931 2930/3247/2930 2928/3248/2928
f 2929/3245/2929 2617/2875/2617 2619/2874/2619 2931/3246/2931
f 2931/3246/2931 2187/2384/2187 2181/2381/2181 2930/3247/2930
f 2931/3246/2931 2619/2874/2619 2932/3249/2932 2187/2384/2187
f 2932/3249/2932 2933/3250/2933 2186/2385/2186 2187/2384/2187
f 2932/3249/2932 2622/2879/2622 2934/3251/2934 2933/3250/2933
f 2932/3249/2932 2619/2874/2619 2620/2873/2620 2622/2879/2622
f 2934/3251/2934 2936/3252/2936 2639/2903/2639 2935/3253/2935
f 2934/3251/2934 2622/2879/2622 2623/2878/2623 2936/3252/2936
f 2934/3251/2934 2935/3253/2935 2937/3254/2937 2933/3250/2933
f 2937/3254/2937 2938/3255/2938 2186/2385/2186 2933/3250/2933
f 2937/3254/2937 2940/3256/2940 2939/3257/2939 2938/3255/2938
f 2937/3254/2937 2935/3253/2935 2642/2906/2642 2940/3256/2940
f 2940/3256/2940 2644/2907/2644 2941/3258/2941 2939/3257/2939
f 2940/3256/2940 2642/2906/2642 2643/2905/2643 2644/2907/2644
f 2941/3258/2941 2943/3259/2943 2942/3260/2942 2939/3257/2939
f 2941/3258/2941 760/1192/760 1085/1191/1085 2943/3259/2943
f 2941/3258/2941 2644/2907/2644 759/831/759 760/1192/760
f 1085/1191/1085 1903/1194/1903 2944/3261/2944 2943/3259/2943
f 1090/3262/1090 2946/3263/2946 2945/3264/2945 1089/3265/1089
f 1090/3262/1090 987/3162/987 2847/3161/2847 2946/3263/2946
f 2946/3263/2946 2948/3266/2948 2947/3267/2947 2945/3264/2945
f 2946/3263/2946 2847/3161/2847 2849/3164/2849 2948/3266/2948
f 2948/3266/2948 2950/3268/2950 2949/3269/2949 2947/3267/2947
f 2948/3266/2948 2849/3164/2849 2951/3270/2951 2950/3268/2950
f 2951/3270/2951 2953/3271/2953 2952/3272/2952 2950/3268/2950
f 2951/3270/2951 2852/3167/2852 2854/3169/2854 2953/3271/2953
f 2951/3270/2951 2849/3164/2849 2850/3163/2850 2852/3167/2852
f 2953/3271/2953 2955/3273/2955 2954/3274/2954 2952/3272/2952
f 2953/3271/2953 2854/3169/2854 2956/3275/2956 2955/3273/2955
f 2956/3275/2956 2958/3276/2958 2957/3277/2957 2955/3273/2955
f 2956/3275/2956 2857/3172/2857 2959/3278/2959 2958/3276/2958
f 2956/3275/2956 2854/3169/2854 2855/3168/2855 2857/3172/2857
f 2959/3278/2959 2961/3279/2961 2960/3280/2960 2958/3276/2958
f 2959/3278/2959 2963/3281/2963 2962/3282/2962 2961/3279/2961
f 2959/3278/2959 2857/3172/2857 2858/3171/2858 2963/3281/2963
f 2963/3281/2963 2863/3179/2863 2865/3181/2865 2962/3282/2962
f 2963/3281/2963 2858/3171/2858 2859/3174/2859 2863/3179/2863
f 2962/3282/2962 2965/3283/2965 2964/3284/2964 2961/3279/2961
f 2962/3282/2962 2865/3181/2865 2867/3183/2867 2965/3283/2965
f 2965/3283/2965 2967/3285/2967 2966/3286/2966 2964/3284/2964
f 2965/3283/2965 2867/3183/2867 2968/3287/2968 2967/3285/2967
f 2968/3287/2968 2970/3288/2970 2969/3289/2969 2967/3285/2967
f 2968/3287/2968 2870/3186/2870 2971/3290/2971 2970/3288/2970
f 2968/3287/2968 2867/3183/2867 2868/3182/2868 2870/3186/2870
f 2971/3290/2971 2972/3291/2972 2104/2286/2104 2970/3288/2970
f 2971/3290/2971 2974/3292/2974 2973/3293/2973 2972/3291/2972
f 2971/3290/2971 2870/3186/2870 2871/3185/2871 2974/3292/2974
f 2974/3292/2974 2976/3294/2976 2975/3295/2975 2973/3293/2973
f 2974/3292/2974 2871/3185/2871 2872/3188/2872 2976/3294/2976
f 2976/3294/2976 2978/3296/2978 2977/3297/2977 2975/3295/2975
f 2976/3294/2976 2872/3188/2872 2874/3190/2874 2978/3296/2978
f 2978/3296/2978 2980/3298/2980 2979/3299/2979 2977/3297/2977
f 2978/3296/2978 2874/3190/2874 2876/3192/2876 2980/3298/2980
f 2980/3298/2980 2982/3300/2982 2981/3301/2981 2979/3299/2979
f 2980/3298/2980 2876/3192/2876 2983/3302/2983 2982/3300/2982
f 2983/3302/2983 2876/3192/2876 2877/3191/2877 2880/3196/2880
f 2983/3302/2983 2005/2155/2005 2001/2154/2001 2982/3300/2982
f 2983/3302/2983 2880/3196/2880 2984/3303/2984 2005/2155/2005
f 2984/3303/2984 2880/3196/2880 2881/3195/2881 2883/3199/2883
f 2984/3303/2984 2985/3304/2985 2004/2156/2004 2005/2155/2005
f 2984/3303/2984 2883/3199/2883 2986/3305/2986 2985/3304/2985
f 2986/3305/2986 2988/3306/2988 2987/3307/2987 2985/3304/2985
f 2986/3305/2986 2886/3202/2886 2895/3211/2895 2988/3306/2988
f 2986/3305/2986 2883/3199/2883 2884/3198/2884 2886/3202/2886
f 2988/3306/2988 2898/3214/2898 2989/3308/2989 2987/3307/2987
f 2988/3306/2988 2895/3211/2895 2896/3210/2896 2898/3214/2898
f 2989/3308/2989 2990/3309/2990 2006/2157/2006 2987/3307/2987
f 2989/3308/2989 2901/3217/2901 2991/3310/2991 2990/3309/2990
f 2989/3308/2989 2898/3214/2898 2899/3213/2899 2901/3217/2901
f 2991/3310/2991 2993/3311/2993 2992/3312/2992 2990/3309/2990
f 2991/3310/2991 2904/3220/2904 2994/3313/2994 2993/3311/2993
f 2991/3310/2991 2901/3217/2901 2902/3216/2902 2904/3220/2904
f 2994/3313/2994 2996/3314/2996 2995/3315/2995 2993/3311/2993
f 2994/3313/2994 2907/3223/2907 2997/3316/2997 2996/3314/2996
f 2994/3313/2994 2904/3220/2904 2905/3219/2905 2907/3223/2907
f 2997/3316/2997 2999/3317/2999 2998/3318/2998 2996/3314/2996
f 2997/3316/2997 2910/3226/2910 3000/3319/3000 2999/3317/2999
f 2997/3316/2997 2907/3223/2907 2908/3222/2908 2910/3226/2910
f 3000/3319/3000 3002/3320/3002 3001/3321/3001 2999/3317/2999
f 3000/3319/3000 2913/3229/2913 3003/3322/3003 3002/3320/3002
f 3000/3319/3000 2910/3226/2910 2911/3225/2911 2913/3229/2913
f 3003/3322/3003 3005/3323/3005 3004/3324/3004 3002/3320/3002
f 3003/3322/3003 2916/3232/2916 3006/3325/3006 3005/3323/3005
f 3003/3322/3003 2913/3229/2913 2914/3228/2914 2916/3232/2916
f 3006/3325/3006 3008/3326/3008 3007/3327/3007 3005/3323/3005
f 3006/3325/3006 2919/3235/2919 3009/3328/3009 3008/3326/3008
f 3006/3325/3006 2916/3232/2916 2917/3231/2917 2919/3235/2919
f 3009/3328/3009 3011/3329/3011 3010/3330/3010 3008/3326/3008
f 3009/3328/3009 3013/3331/3013 3012/3332/3012 3011/3329/3011
f 3009/3328/3009 2919/3235/2919 2920/3234/2920 3013/3331/3013
f 3013/3331/3013 2924/3240/2924 3014/3333/3014 3012/3332/3012
f 3013/3331/3013 2920/3234/2920 2921/3237/2921 2924/3240/2924
f 3014/3333/3014 3016/3334/3016 3015/3335/3015 3012/3332/3012
f 3014/3333/3014 3018/3336/3018 3017/3337/3017 3016/3334/3016
f 3014/3333/3014 2924/3240/2924 2925/3239/2925 3018/3336/3018
f 3018/3336/3018 3020/3338/3020 3019/3339/3019 3017/3337/3017
f 3018/3336/3018 2925/3239/2925 2926/3242/2926 3020/3338/3020
f 3020/3338/3020 3022/3340/3022 3021/3341/3021 3019/3339/3019
f 3020/3338/3020 2926/3242/2926 2928/3244/2928 3022/3340/3022
f 3022/3342/3022 3024/3343/3024 3023/3344/3023 3021/3345/3021
f 3022/3342/3022 2928/3248/2928 2930/3247/2930 3024/3343/3024
f 3024/3343/3024 2182/2380/2182 3025/3346/3025 3023/3344/3023
f 3024/3343/3024 2930/3247/2930 2181/2381/2181 2182/2380/2182
f 3025/3346/3025 3027/3347/3027 3026/3348/3026 3023/3344/3023
f 3025/3346/3025 3029/3349/3029 3028/3350/3028 3027/3347/3027
f 3025/3346/3025 2182/2380/2182 2183/2379/2183 3029/3349/3029
f 3029/3349/3029 3031/3351/3031 3030/3352/3030 3028/3350/3028
f 3029/3349/3029 2183/2379/2183 2184/2383/2184 3031/3351/3031
f 3031/3351/3031 3033/3353/3033 3032/3354/3032 3030/3352/3030
f 3031/3351/3031 2184/2383/2184 3034/3355/3034 3033/3353/3033
f 3034/3355/3034 3036/3356/3036 3035/3357/3035 3033/3353/3033
f 3034/3355/3034 3038/3358/3038 3037/3359/3037 3036/3356/3036
f 3034/3355/3034 2184/2383/2184 2185/2382/2185 3038/3358/3038
f 3038/3358/3038 3040/3360/3040 3039/3361/3039 3037/3359/3037
f 3038/3358/3038 2185/2382/2185 3041/3362/3041 3040/3360/3040
f 3041/3362/3041 3043/3363/3043 3042/3364/3042 3040/3360/3040
f 3041/3362/3041 3044/3365/3044 2942/3260/2942 3043/3363/3043
f 3041/3362/3041 2185/2382/2185 1958/2378/1958 3044/3365/3044
f 3044/3365/3044 2938/3255/2938 2939/3257/2939 2942/3260/2942
f 3044/3365/3044 1958/2378/1958 2186/2385/2186 2938/3255/2938
f 3043/3363/3043 2944/3261/2944 3045/3366/3045 3042/3364/3042
f 3043/3363/3043 2942/3260/2942 2943/3259/2943 2944/3261/2944
f 3045/3366/3045 3047/3367/3047 3046/3368/3046 3042/3364/3042
f 3045/3366/3045 1087/1303/1087 1088/1302/1088 3047/3367/3047
f 3045/3366/3045 2944/3261/2944 1903/1194/1903 1087/1303/1087
f 3047/3367/3047 3049/3369/3049 3048/3370/3048 3046/3368/3046
f 3047/3367/3047 1088/1302/1088 1196/1306/1196 3049/3369/3049
f 1196/1306/1196 1198/1308/1198 3050/3371/3050 3049/3369/3049
f 1200/1309/1200 1199/1312/1199 3052/3372/3052 3051/3373/3051
f 1200/1309/1200 3051/3373/3051 3053/3374/3053 1203/1313/1203
f 3053/3374/3053 3051/3373/3051 3055/3375/3055 3054/3376/3054
f 3053/3374/3053 3056/3377/3056 1904/1317/1904 1203/1313/1203
f 3053/3374/3053 3054/3376/3054 3057/3378/3057 3056/3377/3056
f 3057/3378/3057 3054/3376/3054 3059/3379/3059 3058/3380/3058
f 3057/3378/3057 3060/3381/3060 3050/3371/3050 3056/3377/3056
f 3057/3378/3057 3058/3380/3058 3061/3382/3061 3060/3381/3060
f 3061/3382/3061 3058/3380/3058 3063/3383/3063 3062/3384/3062
f 3061/3382/3061 3064/3385/3064 3048/3370/3048 3060/3381/3060
f 3061/3382/3061 3062/3384/3062 3065/3386/3065 3064/3385/3064
f 3065/3386/3065 3062/3384/3062 2168/2364/2168 3066/3387/3066
f 3065/3386/3065 3037/3359/3037 3039/3361/3039 3064/3385/3064
f 3065/3386/3065 3066/3387/3066 3036/3356/3036 3037/3359/3037
f 3066/3387/3066 2168/2364/2168 2169/2363/2169 3067/3388/3067
f 3066/3387/3066 3067/3388/3067 3035/3357/3035 3036/3356/3036
f 3067/3388/3067 2169/2363/2169 2173/2369/2173 3068/3389/3068
f 3067/3388/3067 3068/3389/3068 3069/3390/3069 3035/3357/3035
f 3069/3390/3069 3068/3389/3068 3071/3391/3071 3070/3392/3070
f 3069/3390/3069 3032/3354/3032 3033/3353/3033 3035/3357/3035
f 3069/3390/3069 3070/3392/3070 3072/3393/3072 3032/3354/3032
f 3072/3394/3072 3075/3395/3075 3074/3396/3074 3073/3397/3073
f 3072/3394/3072 3070/3398/3070 3076/3399/3076 3075/3395/3075
f 3072/3393/3072 3073/3400/3073 3030/3352/3030 3032/3354/3032
f 3076/3399/3076 3078/3401/3078 3077/3402/3077 3075/3395/3075
f 3076/3399/3076 3080/3403/3080 3079/3404/3079 3078/3401/3078
f 3076/3399/3076 3070/3398/3070 3071/3405/3071 3080/3403/3080
f 3080/3406/3080 3082/3407/3082 3081/3408/3081 3079/3409/3079
f 3080/3406/3080 3071/3410/3071 3083/3411/3083 3082/3407/3082
f 3083/3411/3083 3085/3412/3085 3084/3413/3084 3082/3407/3082
f 3083/3414/3083 2173/2369/2173 2170/2368/2170 3085/3415/3085
f 3083/3414/3083 3071/3391/3071 3068/3389/3068 2173/2369/2173
f 3085/3412/3085 3087/3416/3087 3086/3417/3086 3084/3413/3084
f 3085/3415/3085 2170/2368/2170 2171/2367/2171 3087/3418/3087
f 3087/3416/3087 3089/3419/3089 3088/3420/3088 3086/3417/3086
f 3087/3418/3087 2171/2367/2171 3090/3421/3090 3089/3422/3089
f 3090/3421/3090 3093/3423/3093 3092/3424/3092 3091/3425/3091
f 3090/3421/3090 2171/2367/2171 2172/2366/2172 3093/3423/3093
f 3090/3421/3090 3091/3425/3091 3094/3426/3094 3089/3422/3089
f 3094/3427/3094 3095/3428/3095 3088/3420/3088 3089/3419/3089
f 3094/3427/3094 3097/3429/3097 3096/3430/3096 3095/3428/3095
f 3094/3426/3094 3091/3425/3091 3098/3431/3098 3097/3432/3097
f 3098/3433/3098 2156/2351/2156 3099/3434/3099 3097/3435/3097
f 3098/3433/3098 3100/3436/3100 2155/2347/2155 2156/2351/2156
f 3098/3431/3098 3091/3425/3091 3092/3424/3092 3100/3437/3100
f 3100/3436/3100 3101/3438/3101 2154/2348/2154 2155/2347/2155
f 3100/3437/3100 3092/3424/3092 3102/3439/3102 3101/3440/3101
f 3102/3439/3102 3104/3441/3104 3103/3442/3103 3101/3440/3101
f 3102/3439/3102 3106/3443/3106 3105/3444/3105 3104/3441/3104
f 3102/3439/3102 3092/3424/3092 3093/3423/3093 3106/3443/3106
f 3106/3443/3106 3108/3445/3108 3107/3446/3107 3105/3444/3105
f 3106/3443/3106 3093/3423/3093 2172/2366/2172 3108/3445/3108
f 3108/3445/3108 3110/3447/3110 3109/3448/3109 3107/3446/3107
f 3108/3445/3108 2172/2366/2172 1956/2362/1956 3110/3447/3110
f 3110/3447/3110 3112/3449/3112 3111/3450/3111 3109/3448/3109
f 3110/3447/3110 1956/2362/1956 2167/2365/2167 3112/3449/3112
f 3112/3449/3112 3114/3451/3114 3113/3452/3113 3111/3450/3111
f 3112/3449/3112 2167/2365/2167 3063/3383/3063 3114/3451/3114
f 3114/3451/3114 3059/3379/3059 3115/3453/3115 3113/3452/3113
f 3114/3451/3114 3063/3383/3063 3058/3380/3058 3059/3379/3059
f 3115/3453/3115 3117/3454/3117 3116/3455/3116 3113/3452/3113
f 3115/3453/3115 3055/3375/3055 3118/3456/3118 3117/3454/3117
f 3115/3453/3115 3059/3379/3059 3054/3376/3054 3055/3375/3055
f 3118/3456/3118 3120/3457/3120 3119/3458/3119 3117/3454/3117
f 3118/3456/3118 3052/3372/3052 3121/3459/3121 3120/3457/3120
f 3118/3456/3118 3055/3375/3055 3051/3373/3051 3052/3372/3052
f 3121/3459/3121 3122/3460/3122 2122/2308/2122 3120/3457/3120
f 3121/3459/3121 1906/1403/1906 1905/1402/1905 3122/3460/3122
f 3121/3459/3121 3052/3372/3052 1199/1312/1199 1906/1403/1906
f 1905/1402/1905 1907/1405/1907 3123/3461/3123 3122/3460/3122
f 1276/1406/1276 3125/3462/3125 3124/3463/3124 1275/1407/1275
f 1276/1406/1276 1277/1411/1277 3126/3464/3126 3125/3462/3125
f 3126/3464/3126 3128/3465/3128 3127/3466/3127 3125/3462/3125
f 3126/3464/3126 3130/3467/3130 3129/3468/3129 3128/3465/3128
f 3126/3464/3126 1277/1411/1277 1285/1416/1285 3130/3467/3130
f 1285/1416/1285 1908/1418/1908 3131/3469/3131 3130/3467/3130
f 1288/1419/1288 3133/3470/3133 3132/3471/3132 1287/1420/1287
f 1288/1419/1288 1089/1424/1089 2945/3472/2945 3133/3470/3133
f 3133/3470/3133 3135/3473/3135 3134/3474/3134 3132/3471/3132
f 3133/3470/3133 2945/3472/2945 2947/3475/2947 3135/3473/3135
f 3135/3473/3135 3137/3476/3137 3136/3477/3136 3134/3474/3134
f 3135/3473/3135 2947/3475/2947 2949/3478/2949 3137/3476/3137
f 3137/3476/3137 3139/3479/3139 3138/3480/3138 3136/3477/3136
f 3137/3476/3137 2949/3478/2949 3140/3481/3140 3139/3479/3139
f 3140/3481/3140 3142/3482/3142 3141/3483/3141 3139/3479/3139
f 3140/3484/3140 2952/3272/2952 2954/3274/2954 3142/3485/3142
f 3140/3484/3140 2949/3269/2949 2950/3268/2950 2952/3272/2952
f 3142/3482/3142 2024/2186/2024 2028/2185/2028 3141/3483/3141
f 3142/3485/3142 2954/3274/2954 2023/2177/2023 2024/2176/2024
f 3141/3483/3141 2028/2185/2028 3144/3486/3144 3143/3487/3143
f 3141/3483/3141 3143/3487/3143 3138/3480/3138 3139/3479/3139
f 3144/3486/3144 3147/3488/3147 3146/3489/3146 3145/3490/3145
f 3144/3486/3144 2028/2185/2028 2025/2184/2025 3147/3488/3147
f 3144/3486/3144 3145/3490/3145 3148/3491/3148 3143/3487/3143
f 3148/3491/3148 3145/3490/3145 3150/3492/3150 3149/3493/3149
f 3148/3491/3148 3151/3494/3151 3138/3480/3138 3143/3487/3143
f 3148/3491/3148 3149/3493/3149 3152/3495/3152 3151/3494/3151
f 3152/3495/3152 3149/3493/3149 3154/3496/3154 3153/3497/3153
f 3152/3495/3152 3156/3498/3156 3155/3499/3155 3151/3494/3151
f 3152/3495/3152 3153/3497/3153 3157/3500/3157 3156/3498/3156
f 3157/3500/3157 3153/3497/3153 3159/3501/3159 3158/3502/3158
f 3157/3500/3157 3161/3503/3161 3160/3504/3160 3156/3498/3156
f 3157/3500/3157 3158/3502/3158 3162/3505/3162 3161/3503/3161
f 3162/3505/3162 3158/3502/3158 3164/3506/3164 3163/3507/3163
f 3162/3505/3162 3166/3508/3166 3165/3509/3165 3161/3503/3161
f 3162/3505/3162 3163/3507/3163 3131/3469/3131 3166/3508/3166
f 3166/3508/3166 1909/1463/1909 1324/1462/1324 3165/3509/3165
f 3166/3508/3166 3131/3469/3131 1908/1418/1908 1909/1463/1909
f 1911/1464/1911 3168/3510/3168 3167/3511/3167 1910/1465/1910
f 1911/1464/1911 1287/1420/1287 3132/3471/3132 3168/3510/3168
f 3168/3510/3168 3169/3512/3169 3160/3504/3160 3167/3511/3167
f 3168/3510/3168 3132/3471/3132 3134/3474/3134 3169/3512/3169
f 3169/3512/3169 3155/3499/3155 3156/3498/3156 3160/3504/3160
f 3169/3512/3169 3134/3474/3134 3136/3477/3136 3155/3499/3155
f 3167/3511/3167 3160/3504/3160 3161/3503/3161 3165/3509/3165
f 3167/3511/3167 3165/3509/3165 1324/1462/1324 1910/1465/1910
f 3164/3506/3164 3172/3513/3172 3171/3514/3171 3170/3515/3170
f 3164/3506/3164 3158/3502/3158 3159/3501/3159 3172/3513/3172
f 3164/3506/3164 3170/3515/3170 3129/3468/3129 3163/3507/3163
f 3172/3513/3172 3174/3516/3174 3173/3517/3173 3171/3514/3171
f 3172/3513/3172 3159/3501/3159 3175/3518/3175 3174/3516/3174
f 3175/3518/3175 3177/3519/3177 3176/3520/3176 3174/3516/3174
f 3175/3518/3175 3154/3496/3154 3178/3521/3178 3177/3519/3177
f 3175/3518/3175 3159/3501/3159 3153/3497/3153 3154/3496/3154
f 3178/3521/3178 3180/3522/3180 3179/3523/3179 3177/3519/3177
f 3178/3521/3178 3150/3492/3150 3181/3524/3181 3180/3522/3180
f 3178/3521/3178 3154/3496/3154 3149/3493/3149 3150/3492/3150
f 3181/3525/3181 3183/3526/3183 3182/3527/3182 3180/3528/3180
f 3181/3525/3181 3146/3529/3146 3184/3530/3184 3183/3526/3183
f 3181/3524/3181 3150/3492/3150 3145/3490/3145 3146/3489/3146
f 3184/3530/3184 3186/3531/3186 3185/3532/3185 3183/3526/3183
f 3184/3530/3184 3188/3533/3188 3187/3534/3187 3186/3531/3186
f 3184/3530/3184 3146/3529/3146 3147/3535/3147 3188/3533/3188
f 3188/3533/3188 2026/2181/2026 3189/3536/3189 3187/3534/3187
f 3188/3533/3188 3147/3535/3147 2025/2182/2025 2026/2181/2026
f 3189/3536/3189 3191/3537/3191 3190/3538/3190 3187/3534/3187
f 3189/3536/3189 3193/3539/3193 3192/3540/3192 3191/3537/3191
f 3189/3536/3189 2026/2181/2026 2027/2180/2027 3193/3539/3193
f 3193/3541/3193 3195/3542/3195 3194/3543/3194 3192/3544/3192
f 3193/3541/3193 2027/3545/2027 3196/3546/3196 3195/3542/3195
f 3196/3546/3196 3198/3547/3198 3197/3548/3197 3195/3542/3195
f 3196/3546/3196 3200/3549/3200 3199/3550/3199 3198/3547/3198
f 3196/3546/3196 2027/3545/2027 1927/3551/1927 3200/3549/3200
f 3200/3552/3200 3202/3553/3202 3201/3554/3201 3199/3555/3199
f 3200/3552/3200 1927/2175/1927 2022/2178/2022 3202/3553/3202
f 3202/3553/3202 3204/3556/3204 3203/3557/3203 3201/3554/3201
f 3202/3553/3202 2022/2178/2022 3205/3558/3205 3204/3556/3204
f 3205/3558/3205 2022/2178/2022 2023/2177/2023 2957/3277/2957
f 3205/3558/3205 2960/3280/2960 3206/3559/3206 3204/3556/3204
f 3205/3558/3205 2957/3277/2957 2958/3276/2958 2960/3280/2960
f 3206/3559/3206 3207/3560/3207 3203/3557/3203 3204/3556/3204
f 3206/3559/3206 2964/3284/2964 2966/3286/2966 3207/3560/3207
f 3206/3559/3206 2960/3280/2960 2961/3279/2961 2964/3284/2964
f 3207/3560/3207 3209/3561/3209 3208/3562/3208 3203/3557/3203
f 3207/3560/3207 2966/3286/2966 3210/3563/3210 3209/3561/3209
f 3210/3563/3210 2106/2289/2106 3211/3564/3211 3209/3561/3209
f 3210/3563/3210 2969/3289/2969 2105/2285/2105 2106/2289/2106
f 3210/3563/3210 2966/3286/2966 2967/3285/2967 2969/3289/2969
f 3211/3564/3211 3212/3565/3212 3208/3562/3208 3209/3561/3209
f 3211/3564/3211 3214/3566/3214 3213/3567/3213 3212/3565/3212
f 3211/3564/3211 2106/2289/2106 2107/2288/2107 3214/3566/3214
f 3214/3568/3214 3216/3569/3216 3215/3570/3215 3213/3571/3213
f 3214/3568/3214 2107/2293/2107 2108/2292/2108 3216/3569/3216
f 3216/3569/3216 3218/3572/3218 3217/3573/3217 3215/3570/3215
f 3216/3569/3216 2108/2292/2108 3219/3574/3219 3218/3572/3218
f 3219/3574/3219 3221/3575/3221 3220/3576/3220 3218/3572/3218
f 3219/3574/3219 3223/3577/3223 3222/3578/3222 3221/3575/3221
f 3219/3574/3219 2108/2292/2108 2109/2291/2109 3223/3577/3223
f 3223/3577/3223 3225/3579/3225 3224/3580/3224 3222/3578/3222
f 3223/3577/3223 2109/2291/2109 2110/2295/2110 3225/3579/3225
f 3225/3579/3225 3227/3581/3227 3226/3582/3226 3224/3580/3224
f 3225/3579/3225 2110/2295/2110 3228/3583/3228 3227/3581/3227
f 3228/3583/3228 2110/2295/2110 2111/2294/2111 3229/3584/3229
f 3228/3583/3228 3104/3441/3104 3105/3444/3105 3227/3581/3227
f 3228/3583/3228 3229/3584/3229 3103/3442/3103 3104/3441/3104
f 3229/3585/3229 2111/2297/2111 2112/2296/2112 3230/3586/3230
f 3229/3585/3229 3230/3586/3230 3231/3587/3231 3103/3588/3103
f 3231/3587/3231 3230/3586/3230 3233/3589/3233 3232/3590/3232
f 3231/3587/3231 2154/2348/2154 3101/3438/3101 3103/3588/3103
f 3231/3587/3231 3232/3590/3232 2153/2349/2153 2154/2348/2154
f 3233/3589/3233 3230/3586/3230 2112/2296/2112 3234/3591/3234
f 3233/3589/3233 3236/3592/3236 3235/3593/3235 3232/3590/3232
f 3233/3589/3233 3234/3591/3234 3237/3594/3237 3236/3592/3236
f 3237/3594/3237 3234/3591/3234 3239/3595/3239 3238/3596/3238
f 3237/3594/3237 3241/3597/3241 3240/3598/3240 3236/3592/3236
f 3237/3594/3237 3238/3596/3238 3242/3599/3242 3241/3597/3241
f 3242/3599/3242 3238/3596/3238 2973/3293/2973 2975/3295/2975
f 3242/3599/3242 3244/3600/3244 3243/3601/3243 3241/3597/3241
f 3242/3599/3242 2975/3295/2975 2977/3297/2977 3244/3600/3244
f 3244/3600/3244 3246/3602/3246 3245/3603/3245 3243/3601/3243
f 3244/3600/3244 2977/3297/2977 2979/3299/2979 3246/3602/3246
f 3246/3602/3246 3248/3604/3248 3247/3605/3247 3245/3603/3245
f 3246/3602/3246 2979/3299/2979 2981/3301/2981 3248/3604/3248
f 3248/3604/3248 3249/3606/3249 2995/3315/2995 3247/3605/3247
f 3248/3604/3248 2981/3301/2981 2002/2153/2002 3249/3606/3249
f 3249/3606/3249 2992/3312/2992 2993/3311/2993 2995/3315/2995
f 3249/3606/3249 2002/2153/2002 2003/2152/2003 2992/3312/2992
f 3247/3605/3247 2998/3318/2998 3250/3607/3250 3245/3603/3245
f 3247/3605/3247 2995/3315/2995 2996/3314/2996 2998/3318/2998
f 3250/3607/3250 3251/3608/3251 3243/3601/3243 3245/3603/3245
f 3250/3607/3250 3001/3321/3001 3252/3609/3252 3251/3608/3251
f 3250/3607/3250 2998/3318/2998 2999/3317/2999 3001/3321/3001
f 3252/3609/3252 3253/3610/3253 3240/3598/3240 3251/3608/3251
f 3252/3609/3252 3004/3324/3004 3254/3611/3254 3253/3610/3253
f 3252/3609/3252 3001/3321/3001 3002/3320/3002 3004/3324/3004
f 3254/3611/3254 2159/2352/2159 3235/3593/3235 3253/3610/3253
f 3254/3611/3254 3007/3327/3007 2158/2353/2158 2159/2352/2159
f 3254/3611/3254 3004/3324/3004 3005/3323/3005 3007/3327/3007
f 3253/3610/3253 3235/3593/3235 3236/3592/3236 3240/3598/3240
f 3251/3608/3251 3240/3598/3240 3241/3597/3241 3243/3601/3243
f 3239/3595/3239 2103/2287/2103 2104/2286/2104 2972/3291/2972
f 3239/3595/3239 3234/3591/3234 2112/2296/2112 2103/2287/2103
f 3239/3595/3239 2972/3291/2972 2973/3293/2973 3238/3596/3238
f 3235/3593/3235 2159/2352/2159 2153/2349/2153 3232/3590/3232
f 3227/3581/3227 3105/3444/3105 3107/3446/3107 3226/3582/3226
f 3226/3582/3226 3256/3612/3256 3255/3613/3255 3224/3580/3224
f 3226/3582/3226 3107/3446/3107 3109/3448/3109 3256/3612/3256
f 3256/3612/3256 3258/3614/3258 3257/3615/3257 3255/3613/3255
f 3256/3612/3256 3109/3448/3109 3111/3450/3111 3258/3614/3258
f 3258/3614/3258 3116/3455/3116 3259/3616/3259 3257/3615/3257
f 3258/3614/3258 3111/3450/3111 3113/3452/3113 3116/3455/3116
f 3259/3616/3259 2121/2306/2121 3260/3617/3260 3257/3615/3257
f 3259/3616/3259 3119/3458/3119 2120/2307/2120 2121/2306/2121
f 3259/3616/3259 3116/3455/3116 3117/3454/3117 3119/3458/3119
f 3260/3617/3260 3263/3618/3263 3262/3619/3262 3261/3620/3261
f 3260/3617/3260 2121/2306/2121 2118/2305/2118 3263/3618/3263
f 3260/3617/3260 3261/3620/3261 3255/3613/3255 3257/3615/3257
f 3263/3618/3263 3265/3621/3265 3264/3622/3264 3262/3619/3262
f 3263/3618/3263 2118/2305/2118 2119/2304/2119 3265/3621/3265
f 3265/3621/3265 3267/3623/3267 3266/3624/3266 3264/3622/3264
f 3265/3621/3265 2119/2304/2119 3268/3625/3268 3267/3623/3267
f 3268/3625/3268 3270/3626/3270 3269/3627/3269 3267/3623/3267
f 3268/3625/3268 3272/3628/3272 3271/3629/3271 3270/3626/3270
f 3268/3625/3268 2119/2304/2119 2113/2301/2113 3272/3628/3272
f 3272/3628/3272 3274/3630/3274 3273/3631/3273 3271/3629/3271
f 3272/3628/3272 2113/2301/2113 2114/2300/2114 3274/3630/3274
f 3274/3630/3274 3276/3632/3276 3275/3633/3275 3273/3631/3273
f 3274/3630/3274 2114/2300/2114 3277/3634/3277 3276/3632/3276
f 3277/3634/3277 3279/3635/3279 3278/3636/3278 3276/3632/3276
f 3277/3634/3277 3281/3637/3281 3280/3638/3280 3279/3635/3279
f 3277/3634/3277 2114/2300/2114 2115/2299/2115 3281/3637/3281
f 3281/3637/3281 3127/3466/3127 3128/3465/3128 3280/3638/3280
f 3281/3637/3281 2115/2299/2115 2116/2303/2116 3127/3466/3127
f 3280/3638/3280 3170/3515/3170 3171/3514/3171 3279/3635/3279
f 3280/3638/3280 3128/3465/3128 3129/3468/3129 3170/3515/3170
f 3279/3635/3279 3171/3514/3171 3173/3517/3173 3278/3636/3278
f 3278/3636/3278 3282/3639/3282 3275/3633/3275 3276/3632/3276
f 3278/3636/3278 3173/3517/3173 3283/3640/3283 3282/3639/3282
f 3283/3640/3283 3285/3641/3285 3284/3642/3284 3282/3639/3282
f 3283/3640/3283 3176/3520/3176 3286/3643/3286 3285/3641/3285
f 3283/3640/3283 3173/3517/3173 3174/3516/3174 3176/3520/3176
f 3286/3644/3286 3288/3645/3288 3287/3646/3287 3285/3647/3285
f 3286/3644/3286 3179/3648/3179 3289/3649/3289 3288/3645/3288
f 3286/3643/3286 3176/3520/3176 3177/3519/3177 3179/3523/3179
f 3289/3649/3289 3291/3650/3291 3290/3651/3290 3288/3645/3288
f 3289/3649/3289 3182/3527/3182 3292/3652/3292 3291/3650/3291
f 3289/3649/3289 3179/3648/3179 3180/3528/3180 3182/3527/3182
f 3292/3652/3292 3294/3653/3294 3293/3654/3293 3291/3650/3291
f 3292/3652/3292 3185/3532/3185 3295/3655/3295 3294/3653/3294
f 3292/3652/3292 3182/3527/3182 3183/3526/3183 3185/3532/3185
f 3295/3655/3295 3297/3656/3297 3296/3657/3296 3294/3653/3294
f 3295/3655/3295 3299/3658/3299 3298/3659/3298 3297/3656/3297
f 3295/3655/3295 3185/3532/3185 3186/3531/3186 3299/3658/3299
f 3299/3658/3299 3190/3538/3190 3300/3660/3300 3298/3659/3298
f 3299/3658/3299 3186/3531/3186 3187/3534/3187 3190/3538/3190
f 3300/3660/3300 3302/3661/3302 3301/3662/3301 3298/3659/3298
f 3300/3660/3300 3304/3663/3304 3303/3664/3303 3302/3661/3302
f 3300/3660/3300 3190/3538/3190 3191/3537/3191 3304/3663/3304
f 3304/3663/3304 3306/3665/3306 3305/3666/3305 3303/3664/3303
f 3304/3663/3304 3191/3537/3191 3192/3540/3192 3306/3665/3306
f 3306/3667/3306 3308/3668/3308 3307/3669/3307 3305/3670/3305
f 3306/3667/3306 3192/3544/3192 3194/3543/3194 3308/3668/3308
f 3308/3668/3308 3310/3671/3310 3309/3672/3309 3307/3669/3307
f 3308/3668/3308 3194/3543/3194 3311/3673/3311 3310/3671/3310
f 3311/3673/3311 3313/3674/3313 3312/3675/3312 3310/3671/3310
f 3311/3673/3311 3197/3548/3197 3314/3676/3314 3313/3674/3313
f 3311/3673/3311 3194/3543/3194 3195/3542/3195 3197/3548/3197
f 3314/3676/3314 3316/3677/3316 3315/3678/3315 3313/3674/3313
f 3314/3676/3314 3318/3679/3318 3317/3680/3317 3316/3677/3316
f 3314/3676/3314 3197/3548/3197 3198/3547/3198 3318/3679/3318
f 3318/3679/3318 3320/3681/3320 3319/3682/3319 3317/3680/3317
f 3318/3679/3318 3198/3547/3198 3199/3550/3199 3320/3681/3320
f 3320/3683/3320 3322/3684/3322 3321/3685/3321 3319/3686/3319
f 3320/3683/3320 3199/3555/3199 3201/3554/3201 3322/3684/3322
f 3322/3684/3322 3208/3562/3208 3212/3565/3212 3321/3685/3321
f 3322/3684/3322 3201/3554/3201 3203/3557/3203 3208/3562/3208
f 3321/3685/3321 3324/3687/3324 3323/3688/3323 3319/3686/3319
f 3321/3685/3321 3212/3565/3212 3213/3567/3213 3324/3687/3324
f 3324/3689/3324 3326/3690/3326 3325/3691/3325 3323/3692/3323
f 3324/3689/3324 3213/3571/3213 3215/3570/3215 3326/3690/3326
f 3326/3690/3326 3328/3693/3328 3327/3694/3327 3325/3691/3325
f 3326/3690/3326 3215/3570/3215 3217/3573/3217 3328/3693/3328
f 3328/3693/3328 3330/3695/3330 3329/3696/3329 3327/3694/3327
f 3328/3693/3328 3217/3573/3217 3331/3697/3331 3330/3695/3330
f 3331/3697/3331 3266/3624/3266 3332/3698/3332 3330/3695/3330
f 3331/3697/3331 3220/3576/3220 3264/3622/3264 3266/3624/3266
f 3331/3697/3331 3217/3573/3217 3218/3572/3218 3220/3576/3220
f 3332/3698/3332 3333/3699/3333 3329/3696/3329 3330/3695/3330
f 3332/3698/3332 3269/3627/3269 3334/3700/3334 3333/3699/3333
f 3332/3698/3332 3266/3624/3266 3267/3623/3267 3269/3627/3269
f 3334/3701/3334 3336/3702/3336 3335/3703/3335 3333/3704/3333
f 3334/3701/3334 3338/3705/3338 3337/3706/3337 3336/3702/3336
f 3334/3700/3334 3269/3627/3269 3270/3626/3270 3338/3707/3338
f 3338/3705/3338 3340/3708/3340 3339/3709/3339 3337/3706/3337
f 3338/3707/3338 3270/3626/3270 3271/3629/3271 3340/3710/3340
f 3340/3708/3340 3342/3711/3342 3341/3712/3341 3339/3709/3339
f 3340/3710/3340 3271/3629/3271 3273/3631/3273 3342/3713/3342
f 3342/3711/3342 3344/3714/3344 3343/3715/3343 3341/3712/3341
f 3342/3713/3342 3273/3631/3273 3275/3633/3275 3344/3716/3344
f 3344/3714/3344 3284/3717/3284 3345/3718/3345 3343/3715/3343
f 3344/3716/3344 3275/3633/3275 3282/3639/3282 3284/3642/3284
f 3345/3718/3345 3347/3719/3347 3346/3720/3346 3343/3715/3343
f 3345/3718/3345 3287/3646/3287 3348/3721/3348 3347/3719/3347
f 3345/3718/3345 3284/3717/3284 3285/3647/3285 3287/3646/3287
f 3348/3721/3348 3350/3722/3350 3349/3723/3349 3347/3719/3347
f 3348/3721/3348 3290/3651/3290 3351/3724/3351 3350/3722/3350
f 3348/3721/3348 3287/3646/3287 3288/3645/3288 3290/3651/3290
f 3351/3724/3351 3353/3725/3353 3352/3726/3352 3350/3722/3350
f 3351/3724/3351 3293/3654/3293 3354/3727/3354 3353/3725/3353
f 3351/3724/3351 3290/3651/3290 3291/3650/3291 3293/3654/3293
f 3354/3727/3354 3356/3728/3356 3355/3729/3355 3353/3725/3353
f 3354/3727/3354 3296/3657/3296 3357/3730/3357 3356/3728/3356
f 3354/3727/3354 3293/3654/3293 3294/3653/3294 3296/3657/3296
f 3357/3730/3357 3359/3731/3359 3358/3732/3358 3356/3728/3356
f 3357/3730/3357 3361/3733/3361 3360/3734/3360 3359/3731/3359
f 3357/3730/3357 3296/3657/3296 3297/3656/3297 3361/3733/3361
f 3361/3733/3361 3301/3662/3301 3362/3735/3362 3360/3734/3360
f 3361/3733/3361 3297/3656/3297 3298/3659/3298 3301/3662/3301
f 3362/3736/3362 3364/3737/3364 3363/3738/3363 3360/3739/3360
f 3362/3736/3362 3366/3740/3366 3365/3741/3365 3364/3737/3364
f 3362/3735/3362 3301/3662/3301 3302/3661/3302 3366/3742/3366
f 3366/3740/3366 3368/3743/3368 3367/3744/3367 3365/3741/3365
f 3366/3742/3366 3302/3661/3302 3303/3664/3303 3368/3745/3368
f 3368/3743/3368 3370/3746/3370 3369/3747/3369 3367/3744/3367
f 3368/3745/3368 3303/3664/3303 3305/3666/3305 3370/3748/3370
f 3370/3746/3370 3372/3749/3372 3371/3750/3371 3369/3747/3369
f 3370/3751/3370 3305/3670/3305 3307/3669/3307 3372/3752/3372
f 3372/3749/3372 3374/3753/3374 3373/3754/3373 3371/3750/3371
f 3372/3752/3372 3307/3669/3307 3309/3672/3309 3374/3755/3374
f 3374/3753/3374 2052/2217/2052 2053/2216/2053 3373/3754/3373
f 3374/3755/3374 3309/3672/3309 2055/2220/2055 2052/2219/2052
f 3373/3754/3373 3376/3756/3376 3375/3757/3375 3371/3750/3371
f 3373/3754/3373 2053/2216/2053 3377/3758/3377 3376/3756/3376
f 3377/3758/3377 3379/3759/3379 3378/3760/3378 3376/3756/3376
f 3377/3758/3377 3381/3761/3381 3380/3762/3380 3379/3759/3379
f 3377/3758/3377 2053/2216/2053 2051/2215/2051 3381/3761/3381
f 3381/3761/3381 3383/3763/3383 3382/3764/3382 3380/3762/3380
f 3381/3761/3381 2051/2215/2051 2043/2203/2043 3383/3763/3383
f 3383/3763/3383 2035/2197/2035 2036/2196/2036 3382/3764/3382
f 3383/3763/3383 2043/2203/2043 2040/2200/2040 2035/2197/2035
f 3382/3764/3382 2069/2240/2069 3384/3765/3384 3380/3762/3380
f 3382/3764/3382 2036/2196/2036 2068/2241/2068 2069/2240/2069
f 3384/3765/3384 2064/2239/2064 3386/3766/3386 3385/3767/3385
f 3384/3765/3384 2069/2240/2069 1937/2236/1937 2064/2239/2064
f 3384/3765/3384 3385/3767/3385 3379/3759/3379 3380/3762/3380
f 3386/3766/3386 3387/3768/3387 1973/2118/1973 1974/2117/1974
f 3386/3766/3386 2064/2239/2064 2065/2238/2065 3387/3768/3387
f 3386/3766/3386 1974/2117/1974 3388/3769/3388 3385/3767/3385
f 3388/3769/3388 1974/2117/1974 1970/2116/1970 3389/3770/3389
f 3388/3769/3388 3378/3760/3378 3379/3759/3379 3385/3767/3385
f 3388/3769/3388 3389/3770/3389 3390/3771/3390 3378/3760/3378
f 3390/3771/3390 3389/3770/3389 3392/3772/3392 3391/3773/3391
f 3390/3771/3390 3375/3757/3375 3376/3756/3376 3378/3760/3378
f 3390/3771/3390 3391/3773/3391 3393/3774/3393 3375/3757/3375
f 3393/3774/3393 3391/3773/3391 3395/3775/3395 3394/3776/3394
f 3393/3774/3393 3369/3747/3369 3371/3750/3371 3375/3757/3375
f 3393/3774/3393 3394/3776/3394 3367/3744/3367 3369/3747/3369
f 3395/3775/3395 3397/3777/3397 1979/2125/1979 3396/3778/3396
f 3395/3775/3395 3391/3773/3391 3392/3772/3392 3397/3777/3397
f 3395/3775/3395 3396/3778/3396 3398/3779/3398 3394/3776/3394
f 3398/3779/3398 3396/3778/3396 3400/3780/3400 3399/3781/3399
f 3398/3779/3398 3365/3741/3365 3367/3744/3367 3394/3776/3394
f 3398/3779/3398 3399/3781/3399 3364/3737/3364 3365/3741/3365
f 3400/3780/3400 1980/2124/1980 1981/2126/1981 3401/3782/3401
f 3400/3780/3400 3396/3778/3396 1979/2125/1979 1980/2124/1980
f 3400/3780/3400 3401/3782/3401 3402/3783/3402 3399/3781/3399
f 3402/3783/3402 3401/3782/3401 3404/3784/3404 3403/3785/3403
f 3402/3783/3402 3363/3738/3363 3364/3737/3364 3399/3781/3399
f 3402/3783/3402 3403/3785/3403 3405/3786/3405 3363/3738/3363
f 3405/3786/3405 3403/3785/3403 3407/3787/3407 3406/3788/3406
f 3405/3786/3405 3359/3789/3359 3360/3739/3360 3363/3738/3363
f 3405/3786/3405 3406/3788/3406 3358/3790/3358 3359/3789/3359
f 3407/3787/3407 3410/3791/3410 3409/3792/3409 3408/3793/3408
f 3407/3787/3407 3403/3785/3403 3404/3784/3404 3410/3791/3410
f 3407/3787/3407 3408/3793/3408 3411/3794/3411 3406/3788/3406
f 3411/3794/3411 3408/3793/3408 3413/3795/3413 3412/3796/3412
f 3411/3794/3411 3414/3797/3414 3358/3790/3358 3406/3788/3406
f 3411/3794/3411 3412/3796/3412 3415/3798/3415 3414/3797/3414
f 3415/3798/3415 3412/3796/3412 3417/3799/3417 3416/3800/3416
f 3415/3801/3415 3418/3802/3418 3355/3729/3355 3414/3803/3414
f 3415/3801/3415 3416/3804/3416 3419/3805/3419 3418/3802/3418
f 3419/3805/3419 3416/3804/3416 3421/3806/3421 3420/3807/3420
f 3419/3805/3419 3422/3808/3422 3352/3726/3352 3418/3802/3418
f 3419/3805/3419 3420/3807/3420 3423/3809/3423 3422/3808/3422
f 3423/3809/3423 3420/3807/3420 3425/3810/3425 3424/3811/3424
f 3423/3809/3423 3426/3812/3426 3349/3723/3349 3422/3808/3422
f 3423/3809/3423 3424/3811/3424 3427/3813/3427 3426/3812/3426
f 3427/3813/3427 3424/3811/3424 3429/3814/3429 3428/3815/3428
f 3427/3813/3427 3430/3816/3430 3346/3720/3346 3426/3812/3426
f 3427/3813/3427 3428/3815/3428 3431/3817/3431 3430/3816/3430
f 3431/3817/3431 3428/3815/3428 3433/3818/3433 3432/3819/3432
f 3431/3817/3431 3339/3709/3339 3341/3712/3341 3430/3816/3430
f 3431/3817/3431 3432/3819/3432 3337/3706/3337 3339/3709/3339
f 3433/3818/3433 3436/3820/3436 3435/3821/3435 3434/3822/3434
f 3433/3818/3433 3428/3815/3428 3429/3814/3429 3436/3820/3436
f 3433/3818/3433 3434/3822/3434 3437/3823/3437 3432/3819/3432
f 3437/3823/3437 3434/3822/3434 3439/3824/3439 3438/3825/3438
f 3437/3823/3437 3336/3702/3336 3337/3706/3337 3432/3819/3432
f 3437/3823/3437 3438/3825/3438 3335/3703/3335 3336/3702/3336
f 3439/3824/3439 3442/3826/3442 3441/3827/3441 3440/3828/3440
f 3439/3824/3439 3434/3822/3434 3435/3821/3435 3442/3826/3442
f 3439/3824/3439 3440/3828/3440 3443/3829/3443 3438/3825/3438
f 3443/3829/3443 3440/3828/3440 3445/3830/3445 3444/3831/3444
f 3443/3829/3443 3446/3832/3446 3335/3703/3335 3438/3825/3438
f 3443/3829/3443 3444/3831/3444 3447/3833/3447 3446/3832/3446
f 3447/3833/3447 3444/3831/3444 3449/3834/3449 3448/3835/3448
f 3447/3833/3447 3327/3836/3327 3329/3837/3329 3446/3832/3446
f 3447/3833/3447 3448/3835/3448 3325/3838/3325 3327/3836/3327
f 3449/3834/3449 3452/3839/3452 3451/3840/3451 3450/3841/3450
f 3449/3834/3449 3444/3831/3444 3445/3830/3445 3452/3839/3452
f 3449/3834/3449 3450/3841/3450 3453/3842/3453 3448/3835/3448
f 3453/3842/3453 3450/3841/3450 3316/3677/3316 3317/3680/3317
f 3453/3842/3453 3323/3843/3323 3325/3838/3325 3448/3835/3448
f 3453/3842/3453 3317/3680/3317 3319/3682/3319 3323/3843/3323
f 3452/3839/3452 3455/3844/3455 3454/3845/3454 3451/3840/3451
f 3452/3839/3452 3445/3830/3445 3456/3846/3456 3455/3844/3455
f 3456/3846/3456 3458/3847/3458 3457/3848/3457 3455/3844/3455
f 3456/3846/3456 3441/3827/3441 3459/3849/3459 3458/3847/3458
f 3456/3846/3456 3445/3830/3445 3440/3828/3440 3441/3827/3441
f 3459/3849/3459 2083/3850/2083 2049/3851/2049 3458/3847/3458
f 3459/3849/3459 3460/3852/3460 2082/3853/2082 2083/3850/2083
f 3459/3849/3459 3441/3827/3441 3442/3826/3442 3460/3852/3460
f 3460/3852/3460 2095/2273/2095 2084/2272/2084 2082/3853/2082
f 3460/3852/3460 3442/3826/3442 3435/3821/3435 2095/2273/2095
f 3458/3847/3458 2049/3851/2049 2046/3854/2046 3457/3848/3457
f 3457/3848/3457 2046/3854/2046 2047/2223/2047 2056/2222/2056
f 3457/3848/3457 2056/2222/2056 3454/3845/3454 3455/3844/3455
f 3454/3845/3454 2056/2222/2056 2054/2221/2054 3461/3855/3461
f 3454/3845/3454 3461/3855/3461 3315/3678/3315 3451/3840/3451
f 3461/3855/3461 2054/2221/2054 2055/2220/2055 3312/3675/3312
f 3461/3855/3461 3312/3675/3312 3313/3674/3313 3315/3678/3315
f 3451/3840/3451 3315/3678/3315 3316/3677/3316 3450/3841/3450
f 3446/3832/3446 3329/3837/3329 3333/3704/3333 3335/3703/3335
f 3436/3820/3436 2094/2274/2094 2095/2273/2095 3435/3821/3435
f 3436/3820/3436 3429/3814/3429 2096/2275/2096 2094/2274/2094
f 3430/3816/3430 3341/3712/3341 3343/3715/3343 3346/3720/3346
f 3429/3814/3429 3424/3811/3424 3425/3810/3425 2096/2275/2096
f 3426/3812/3426 3346/3720/3346 3347/3719/3347 3349/3723/3349
f 3425/3810/3425 3462/3856/3462 2093/2276/2093 2096/2275/2096
f 3425/3810/3425 3420/3807/3420 3421/3806/3421 3462/3856/3462
f 3462/3857/3462 3463/3858/3463 2092/2269/2092 2093/2268/2093
f 3462/3857/3462 3421/3859/3421 3464/3860/3464 3463/3858/3463
f 3464/3860/3464 2098/2279/2098 2099/2278/2099 3463/3858/3463
f 3464/3860/3464 3417/3799/3417 3465/3861/3465 2098/2279/2098
f 3464/3860/3464 3421/3859/3421 3416/3800/3416 3417/3799/3417
f 3465/3861/3465 3466/3862/3466 2097/2280/2097 2098/2279/2098
f 3465/3861/3465 3413/3795/3413 3467/3863/3467 3466/3862/3466
f 3465/3861/3465 3417/3799/3417 3412/3796/3412 3413/3795/3413
f 3467/3863/3467 3469/3864/3469 3468/3865/3468 3466/3862/3466
f 3467/3863/3467 3409/3792/3409 3470/3866/3470 3469/3864/3469
f 3467/3863/3467 3413/3795/3413 3408/3793/3408 3409/3792/3409
f 3470/3866/3470 3472/3867/3472 3471/3868/3471 3469/3864/3469
f 3470/3866/3470 3474/3869/3474 3473/3870/3473 3472/3867/3472
f 3470/3866/3470 3409/3792/3409 3410/3791/3410 3474/3869/3474
f 3474/3869/3474 3476/3871/3476 3475/3872/3475 3473/3870/3473
f 3474/3869/3474 3410/3791/3410 3404/3784/3404 3476/3871/3476
f 3476/3871/3476 1981/2126/1981 1976/2123/1976 3475/3872/3475
f 3476/3871/3476 3404/3784/3404 3401/3782/3401 1981/2126/1981
f 3475/3872/3475 3478/3873/3478 3477/3874/3477 3473/3870/3473
f 3475/3872/3475 1976/2123/1976 1977/2122/1977 3478/3873/3478
f 3478/3873/3478 3480/3875/3480 3479/3876/3479 3477/3874/3477
f 3478/3873/3478 1977/2122/1977 3481/3877/3481 3480/3875/3480
f 3481/3877/3481 1972/2114/1972 1975/2119/1975 3480/3875/3480
f 3481/3877/3481 3482/3878/3482 1971/2115/1971 1972/2114/1972
f 3481/3877/3481 1977/2122/1977 1978/2121/1978 3482/3878/3482
f 3482/3878/3482 3397/3777/3397 3392/3772/3392 1971/2115/1971
f 3482/3878/3482 1978/2121/1978 1979/2125/1979 3397/3777/3397
f 3480/3875/3480 1975/2119/1975 3483/3879/3483 3479/3876/3479
f 3483/3879/3483 3387/3768/3387 2065/2238/2065 3484/3880/3484
f 3483/3879/3483 1975/2119/1975 1973/2118/1973 3387/3768/3387
f 3483/3879/3483 3484/3880/3484 3485/3881/3485 3479/3876/3479
f 3485/3881/3485 3484/3880/3484 3487/3882/3487 3486/3883/3486
f 3485/3881/3485 3488/3884/3488 3477/3874/3477 3479/3876/3479
f 3485/3881/3485 3486/3883/3486 3489/3885/3489 3488/3884/3488
f 3489/3885/3489 3486/3883/3486 2076/2248/2076 3490/3886/3490
f 3489/3885/3489 3471/3868/3471 3472/3867/3472 3488/3884/3488
f 3489/3885/3489 3490/3886/3490 3491/3887/3491 3471/3868/3471
f 3491/3887/3491 3490/3886/3490 3493/3888/3493 3492/3889/3492
f 3491/3887/3491 3468/3865/3468 3469/3864/3469 3471/3868/3471
f 3491/3887/3491 3492/3889/3492 2101/2281/2101 3468/3865/3468
f 3493/3888/3493 2077/2253/2077 2086/2261/2086 2090/2266/2090
f 3493/3888/3493 3490/3886/3490 2076/2248/2076 2077/2253/2077
f 3493/3888/3493 2090/2266/2090 3494/3890/3494 3492/3889/3492
f 3494/3890/3494 2090/2266/2090 2087/2264/2087 3495/3891/3495
f 3494/3890/3494 2100/2282/2100 2101/2281/2101 3492/3889/3492
f 3494/3890/3494 3495/3891/3495 2102/2283/2102 2100/2282/2100
f 3495/3891/3495 2087/2264/2087 2088/2263/2088 2091/2270/2091
f 3495/3891/3495 2091/2270/2091 2092/2269/2092 2102/2283/2102
f 3488/3884/3488 3472/3867/3472 3473/3870/3473 3477/3874/3477
f 3487/3882/3487 2066/2237/2066 2072/2245/2072 2075/2249/2075
f 3487/3882/3487 3484/3880/3484 2065/2238/2065 2066/2237/2066
f 3487/3882/3487 2075/2249/2075 2076/2248/2076 3486/3883/3486
f 3468/3865/3468 2101/2281/2101 2097/2280/2097 3466/3862/3466
f 3463/3858/3463 2099/2278/2099 2102/2283/2102 2092/2269/2092
f 3422/3808/3422 3349/3723/3349 3350/3722/3350 3352/3726/3352
f 3418/3802/3418 3352/3726/3352 3353/3725/3353 3355/3729/3355
f 3414/3803/3414 3355/3729/3355 3356/3728/3356 3358/3732/3358
f 3392/3772/3392 3389/3770/3389 1970/2116/1970 1971/2115/1971
f 3312/3675/3312 2055/2220/2055 3309/3672/3309 3310/3671/3310
f 3264/3622/3264 3220/3576/3220 3221/3575/3221 3262/3619/3262
f 3262/3619/3262 3221/3575/3221 3222/3578/3222 3261/3620/3261
f 3261/3620/3261 3222/3578/3222 3224/3580/3224 3255/3613/3255
f 3163/3507/3163 3129/3468/3129 3130/3467/3130 3131/3469/3131
f 3155/3499/3155 3136/3477/3136 3138/3480/3138 3151/3494/3151
f 3127/3466/3127 2116/2303/2116 3124/3463/3124 3125/3462/3125
f 3124/3463/3124 2116/2303/2116 2117/2302/2117 3123/3461/3123
f 3124/3463/3124 3123/3461/3123 1907/1405/1907 1275/1407/1275
f 3123/3461/3123 2117/2302/2117 2122/2308/2122 3122/3460/3122
f 3120/3457/3120 2122/2308/2122 2120/2307/2120 3119/3458/3119
f 3099/3892/3099 3496/3893/3496 3096/3430/3096 3097/3429/3097
f 3099/3892/3099 3498/3894/3498 3497/3895/3497 3496/3893/3496
f 3099/3434/3099 2156/2351/2156 2157/2350/2157 3498/3896/3498
f 3498/3894/3498 3500/3897/3500 3499/3898/3499 3497/3895/3497
f 3498/3896/3498 2157/2350/2157 3501/3899/3501 3500/3900/3500
f 3501/3899/3501 3503/3901/3503 3502/3902/3502 3500/3900/3500
f 3501/3899/3501 3505/3903/3505 3504/3904/3504 3503/3901/3503
f 3501/3899/3501 2157/2350/2157 1954/2346/1954 3505/3903/3505
f 3505/3903/3505 3010/3330/3010 3011/3329/3011 3504/3904/3504
f 3505/3903/3505 1954/2346/1954 2158/2353/2158 3010/3330/3010
f 3504/3904/3504 3015/3335/3015 3506/3905/3506 3503/3901/3503
f 3504/3904/3504 3011/3329/3011 3012/3332/3012 3015/3335/3015
f 3506/3905/3506 3507/3906/3507 3502/3902/3502 3503/3901/3503
f 3506/3905/3506 3509/3907/3509 3508/3908/3508 3507/3906/3507
f 3506/3905/3506 3015/3335/3015 3016/3334/3016 3509/3907/3509
f 3509/3907/3509 3511/3909/3511 3510/3910/3510 3508/3908/3508
f 3509/3907/3509 3016/3334/3016 3017/3337/3017 3511/3909/3511
f 3511/3909/3511 3513/3911/3513 3512/3912/3512 3510/3910/3510
f 3511/3909/3511 3017/3337/3017 3019/3339/3019 3513/3911/3513
f 3513/3911/3513 3515/3913/3515 3514/3914/3514 3512/3912/3512
f 3513/3911/3513 3019/3339/3019 3021/3341/3021 3515/3913/3515
f 3515/3915/3515 3026/3348/3026 3516/3916/3516 3514/3917/3514
f 3515/3915/3515 3021/3345/3021 3023/3344/3023 3026/3348/3026
f 3516/3918/3516 3518/3919/3518 3517/3920/3517 3514/3921/3514
f 3516/3918/3516 3520/3922/3520 3519/3923/3519 3518/3919/3518
f 3516/3916/3516 3026/3348/3026 3027/3347/3027 3520/3924/3520
f 3520/3922/3520 3522/3925/3522 3521/3926/3521 3519/3923/3519
f 3520/3924/3520 3027/3347/3027 3028/3350/3028 3522/3927/3522
f 3522/3925/3522 3073/3397/3073 3074/3396/3074 3521/3926/3521
f 3522/3927/3522 3028/3350/3028 3030/3352/3030 3073/3400/3073
f 3521/3926/3521 3524/3928/3524 3523/3929/3523 3519/3923/3519
f 3521/3926/3521 3074/3396/3074 3525/3930/3525 3524/3928/3524
f 3525/3930/3525 3527/3931/3527 3526/3932/3526 3524/3928/3524
f 3525/3930/3525 3077/3402/3077 3528/3933/3528 3527/3931/3527
f 3525/3930/3525 3074/3396/3074 3075/3395/3075 3077/3402/3077
f 3528/3933/3528 3530/3934/3530 3529/3935/3529 3527/3931/3527
f 3528/3933/3528 3532/3936/3532 3531/3937/3531 3530/3934/3530
f 3528/3933/3528 3077/3402/3077 3078/3401/3078 3532/3936/3532
f 3532/3936/3532 3534/3938/3534 3533/3939/3533 3531/3937/3531
f 3532/3936/3532 3078/3401/3078 3079/3404/3079 3534/3938/3534
f 3534/3940/3534 3536/3941/3536 3535/3942/3535 3533/3943/3533
f 3534/3940/3534 3079/3409/3079 3081/3408/3081 3536/3941/3536
f 3536/3941/3536 3538/3944/3538 3537/3945/3537 3535/3942/3535
f 3536/3941/3536 3081/3408/3081 3539/3946/3539 3538/3944/3538
f 3539/3946/3539 3541/3947/3541 3540/3948/3540 3538/3944/3538
f 3539/3946/3539 3084/3413/3084 3086/3417/3086 3541/3947/3541
f 3539/3946/3539 3081/3408/3081 3082/3407/3082 3084/3413/3084
f 3541/3947/3541 3543/3949/3543 3542/3950/3542 3540/3948/3540
f 3541/3947/3541 3086/3417/3086 3088/3420/3088 3543/3949/3543
f 3543/3949/3543 3545/3951/3545 3544/3952/3544 3542/3950/3542
f 3543/3949/3543 3088/3420/3088 3095/3428/3095 3545/3951/3545
f 3545/3951/3545 3547/3953/3547 3546/3954/3546 3544/3952/3544
f 3545/3951/3545 3095/3428/3095 3096/3430/3096 3547/3953/3547
f 3547/3953/3547 3549/3955/3549 3548/3956/3548 3546/3954/3546
f 3547/3953/3547 3096/3430/3096 3496/3893/3496 3549/3955/3549
f 3549/3955/3549 3551/3957/3551 3550/3958/3550 3548/3956/3548
f 3549/3955/3549 3496/3893/3496 3497/3895/3497 3551/3957/3551
f 3551/3957/3551 3553/3959/3553 3552/3960/3552 3550/3958/3550
f 3551/3957/3551 3497/3895/3497 3499/3898/3499 3553/3959/3553
f 3553/3959/3553 3555/3961/3555 3554/3962/3554 3552/3960/3552
f 3553/3959/3553 3499/3898/3499 3556/3963/3556 3555/3961/3555
f 3556/3963/3556 3558/3964/3558 3557/3965/3557 3555/3961/3555
f 3556/3963/3556 3502/3966/3502 3507/3967/3507 3558/3964/3558
f 3556/3963/3556 3499/3898/3499 3500/3897/3500 3502/3966/3502
f 3558/3964/3558 3560/3968/3560 3559/3969/3559 3557/3965/3557
f 3558/3964/3558 3507/3967/3507 3508/3970/3508 3560/3968/3560
f 3560/3968/3560 3562/3971/3562 3561/3972/3561 3559/3969/3559
f 3560/3968/3560 3508/3970/3508 3510/3973/3510 3562/3971/3562
f 3562/3971/3562 3564/3974/3564 3563/3975/3563 3561/3972/3561
f 3562/3971/3562 3510/3973/3510 3512/3976/3512 3564/3974/3564
f 3564/3974/3564 3517/3920/3517 3565/3977/3565 3563/3975/3563
f 3564/3974/3564 3512/3976/3512 3514/3921/3514 3517/3920/3517
f 3565/3977/3565 3567/3978/3567 3566/3979/3566 3563/3975/3563
f 3565/3977/3565 3569/3980/3569 3568/3981/3568 3567/3978/3567
f 3565/3977/3565 3517/3920/3517 3518/3919/3518 3569/3980/3569
f 3569/3980/3569 3523/3929/3523 3570/3982/3570 3568/3981/3568
f 3569/3980/3569 3518/3919/3518 3519/3923/3519 3523/3929/3523
f 3570/3982/3570 3572/3983/3572 3571/3984/3571 3568/3981/3568
f 3570/3982/3570 3526/3932/3526 3573/3985/3573 3572/3983/3572
f 3570/3982/3570 3523/3929/3523 3524/3928/3524 3526/3932/3526
f 3573/3985/3573 2214/2424/2214 3574/3986/3574 3572/3983/3572
f 3573/3985/3573 3529/3935/3529 2213/2425/2213 2214/2424/2214
f 3573/3985/3573 3526/3932/3526 3527/3931/3527 3529/3935/3529
f 3574/3986/3574 3575/3987/3575 2190/2394/2190 2191/2393/2191
f 3574/3986/3574 2214/2424/2214 2195/2423/2195 3575/3987/3575
f 3574/3986/3574 2191/2393/2191 3571/3984/3571 3572/3983/3572
f 3575/3988/3575 2200/2406/2200 2189/2390/2189 2190/2389/2190
f 3575/3988/3575 2195/2400/2195 2196/2399/2196 2200/2406/2200
f 3571/3984/3571 2191/2393/2191 2192/2392/2192 3576/3989/3576
f 3571/3984/3571 3576/3989/3576 3567/3978/3567 3568/3981/3568
f 3576/3989/3576 2192/2392/2192 2193/2396/2193 3577/3990/3577
f 3576/3989/3576 3577/3990/3577 3566/3979/3566 3567/3978/3567
f 3577/3990/3577 2193/2396/2193 3579/3991/3579 3578/3992/3578
f 3577/3990/3577 3578/3992/3578 3580/3993/3580 3566/3979/3566
f 3580/3993/3580 3578/3992/3578 3582/3994/3582 3581/3995/3581
f 3580/3993/3580 3561/3972/3561 3563/3975/3563 3566/3979/3566
f 3580/3993/3580 3581/3995/3581 3559/3969/3559 3561/3972/3561
f 3582/3994/3582 3585/3996/3585 3584/3997/3584 3583/3998/3583
f 3582/3994/3582 3578/3992/3578 3579/3991/3579 3585/3996/3585
f 3582/3994/3582 3583/3998/3583 3586/3999/3586 3581/3995/3581
f 3586/3999/3586 3583/3998/3583 3587/4000/3587 3554/3962/3554
f 3586/3999/3586 3557/3965/3557 3559/3969/3559 3581/3995/3581
f 3586/3999/3586 3554/3962/3554 3555/3961/3555 3557/3965/3557
f 3587/4000/3587 3590/4001/3590 3589/4002/3589 3588/4003/3588
f 3587/4000/3587 3583/3998/3583 3584/3997/3584 3590/4001/3590
f 3587/4000/3587 3588/4003/3588 3552/3960/3552 3554/3962/3554
f 3590/4001/3590 3591/4004/3591 2136/4005/2136 3589/4002/3589
f 3590/4001/3590 3584/3997/3584 3592/4006/3592 3591/4004/3591
f 3592/4007/3592 2142/2333/2142 3593/4008/3593 3591/4009/3591
f 3592/4007/3592 3594/4010/3594 2141/2334/2141 2142/2333/2142
f 3592/4006/3592 3584/3997/3584 3585/3996/3585 3594/4011/3594
f 3594/4010/3594 2152/2344/2152 2143/2335/2143 2141/2334/2141
f 3594/4011/3594 3585/3996/3585 3579/3991/3579 2152/4012/2152
f 3593/4008/3593 3595/4013/3595 2134/2324/2134 2135/2323/2135
f 3593/4008/3593 2142/2333/2142 2138/2332/2138 3595/4013/3595
f 3593/4008/3593 2135/2323/2135 2136/2325/2136 3591/4009/3591
f 3595/4013/3595 3596/4014/3596 2147/2338/2147 2134/2324/2134
f 3595/4013/3595 2138/2332/2138 2139/2331/2139 3596/4014/3596
f 3596/4014/3596 2139/2331/2139 3598/4015/3598 3597/4016/3597
f 3596/4014/3596 3597/4016/3597 2146/2339/2146 2147/2338/2147
f 3598/4015/3598 2148/2341/2148 2149/2343/2149 3599/4017/3599
f 3598/4015/3598 2139/2331/2139 2140/2330/2140 2148/2341/2148
f 3598/4015/3598 3599/4017/3599 3600/4018/3600 3597/4016/3597
f 3600/4018/3600 3599/4017/3599 3602/4019/3602 3601/4020/3601
f 3600/4018/3600 3603/4021/3603 2146/2339/2146 3597/4016/3597
f 3600/4018/3600 3601/4020/3601 3604/4022/3604 3603/4021/3603
f 3604/4022/3604 3601/4020/3601 3605/4023/3605 2206/2414/2206
f 3604/4022/3604 3607/4024/3607 3606/4025/3606 3603/4021/3603
f 3604/4022/3604 2206/2414/2206 2204/2413/2204 3607/4024/3607
f 3607/4024/3607 2210/2419/2210 3608/4026/3608 3606/4025/3606
f 3607/4024/3607 2204/2413/2204 2205/2412/2205 2210/2419/2210
f 3608/4026/3608 2144/2337/2144 2145/2336/2145 3606/4025/3606
f 3608/4026/3608 3610/4027/3610 3609/4028/3609 2144/2337/2144
f 3608/4026/3608 2210/2419/2210 2207/2418/2207 3610/4027/3610
f 3610/4027/3610 3612/4029/3612 3611/4030/3611 3609/4028/3609
f 3610/4027/3610 2207/2418/2207 2208/2417/2208 3612/4029/3612
f 3612/4029/3612 3614/4031/3614 3613/4032/3613 3611/4030/3611
f 3612/4029/3612 2208/2417/2208 3615/4033/3615 3614/4031/3614
f 3615/4033/3615 2208/2417/2208 2209/2416/2209 3616/4034/3616
f 3615/4033/3615 3618/4035/3618 3617/4036/3617 3614/4031/3614
f 3615/4033/3615 3616/4034/3616 3619/4037/3619 3618/4035/3618
f 3619/4037/3619 3616/4034/3616 2203/2410/2203 2211/2421/2211
f 3619/4038/3619 3621/4039/3621 3620/4040/3620 3618/4041/3618
f 3619/4042/3619 2211/4043/2211 3622/4044/3622 3621/4045/3621
f 3622/4044/3622 2211/4043/2211 2212/4046/2212 3623/4047/3623
f 3622/4044/3622 3531/3937/3531 3533/3939/3533 3621/4045/3621
f 3622/4044/3622 3623/4047/3623 3530/3934/3530 3531/3937/3531
f 3623/4047/3623 2212/4046/2212 1966/2422/1966 2213/2425/2213
f 3623/4047/3623 2213/2425/2213 3529/3935/3529 3530/3934/3530
f 3621/4039/3621 3533/3943/3533 3535/3942/3535 3620/4040/3620
f 3620/4040/3620 3624/4048/3624 3617/4049/3617 3618/4041/3618
f 3620/4040/3620 3535/3942/3535 3537/3945/3537 3624/4048/3624
f 3624/4048/3624 3626/4050/3626 3625/4051/3625 3617/4049/3617
f 3624/4048/3624 3537/3945/3537 3627/4052/3627 3626/4050/3626
f 3627/4052/3627 3629/4053/3629 3628/4054/3628 3626/4050/3626
f 3627/4052/3627 3540/3948/3540 3542/3950/3542 3629/4053/3629
f 3627/4052/3627 3537/3945/3537 3538/3944/3538 3540/3948/3540
f 3629/4053/3629 3631/4055/3631 3630/4056/3630 3628/4054/3628
f 3629/4053/3629 3542/3950/3542 3544/3952/3544 3631/4055/3631
f 3631/4055/3631 3633/4057/3633 3632/4058/3632 3630/4056/3630
f 3631/4055/3631 3544/3952/3544 3546/3954/3546 3633/4057/3633
f 3633/4057/3633 3635/4059/3635 3634/4060/3634 3632/4058/3632
f 3633/4057/3633 3546/3954/3546 3548/3956/3548 3635/4059/3635
f 3635/4059/3635 3637/4061/3637 3636/4062/3636 3634/4060/3634
f 3635/4059/3635 3548/3956/3548 3550/3958/3550 3637/4061/3637
f 3637/4061/3637 3588/4003/3588 3589/4002/3589 3636/4062/3636
f 3637/4061/3637 3550/3958/3550 3552/3960/3552 3588/4003/3588
f 3636/4062/3636 2129/4063/2129 2130/4064/2130 3634/4060/3634
f 3636/4062/3636 3589/4002/3589 2136/4005/2136 2129/4063/2129
f 3634/4060/3634 2130/4064/2130 3638/4065/3638 3632/4058/3632
f 3638/4066/3638 3641/4067/3641 3640/4068/3640 3639/4069/3639
f 3638/4066/3638 2130/2318/2130 2131/2317/2131 3641/4067/3641
f 3638/4065/3638 3639/4070/3639 3630/4056/3630 3632/4058/3632
f 3641/4067/3641 2123/2312/2123 2124/2311/2124 3640/4068/3640
f 3641/4067/3641 2131/2317/2131 2128/2315/2128 2123/2312/2123
f 3640/4068/3640 2124/2311/2124 3643/4071/3643 3642/4072/3642
f 3640/4068/3640 3642/4072/3642 3644/4073/3644 3639/4069/3639
f 3644/4073/3644 3642/4072/3642 3613/4032/3613 3625/4074/3625
f 3644/4075/3644 3628/4054/3628 3630/4056/3630 3639/4070/3639
f 3644/4075/3644 3625/4051/3625 3626/4050/3626 3628/4054/3628
f 3643/4071/3643 3645/4076/3645 3609/4028/3609 3611/4030/3611
f 3643/4071/3643 2124/2311/2124 2125/2310/2125 3645/4076/3645
f 3643/4071/3643 3611/4030/3611 3613/4032/3613 3642/4072/3642
f 3645/4076/3645 2137/2328/2137 2144/2337/2144 3609/4028/3609
f 3645/4076/3645 2125/2310/2125 2126/2314/2126 2137/2328/2137
f 3625/4074/3625 3613/4032/3613 3614/4031/3614 3617/4036/3617
f 3616/4034/3616 2209/2416/2209 2202/2411/2202 2203/2410/2203
f 3606/4025/3606 2145/2336/2145 2146/2339/2146 3603/4021/3603
f 3605/4023/3605 3646/4077/3646 2198/2402/2198 2199/2404/2199
f 3605/4023/3605 3601/4020/3601 3602/4019/3602 3646/4077/3646
f 3605/4023/3605 2199/2404/2199 1965/2409/1965 2206/2414/2206
f 3646/4077/3646 2201/2407/2201 2197/2403/2197 2198/2402/2198
f 3646/4077/3646 3602/4019/3602 3647/4078/3647 2201/2407/2201
f 3647/4078/3647 2188/2388/2188 2194/2397/2194 2201/2407/2201
f 3647/4078/3647 2149/2343/2149 2150/2342/2150 2188/2388/2188
f 3647/4078/3647 3602/4019/3602 3599/4017/3599 2149/2343/2149
f 3579/3991/3579 2193/2396/2193 2151/2395/2151 2152/4012/2152
f 3064/3385/3064 3039/3361/3039 3046/3368/3046 3048/3370/3048
f 3063/3383/3063 2167/2365/2167 2168/2364/2168 3062/3384/3062
f 3060/3381/3060 3048/3370/3048 3049/3369/3049 3050/3371/3050
f 3056/3377/3056 3050/3371/3050 1198/1308/1198 1904/1317/1904
f 3046/3368/3046 3039/3361/3039 3040/3360/3040 3042/3364/3042
f 3010/3330/3010 2158/2353/2158 3007/3327/3007 3008/3326/3008
f 2992/3312/2992 2003/2152/2003 2006/2157/2006 2990/3309/2990
f 2987/3307/2987 2006/2157/2006 2004/2156/2004 2985/3304/2985
f 2982/3300/2982 2001/2154/2001 2002/2153/2002 2981/3301/2981
f 2970/3288/2970 2104/2286/2104 2105/2285/2105 2969/3289/2969
f 2957/3277/2957 2023/2177/2023 2954/3274/2954 2955/3273/2955
f 2936/3252/2936 2636/2900/2636 2637/2899/2637 2639/2903/2639
f 2936/3252/2936 2623/2878/2623 2624/2881/2624 2636/2900/2636
f 2935/3253/2935 2639/2903/2639 2640/2902/2640 2642/2906/2642
f 2895/3211/2895 2886/3202/2886 2887/3201/2887 2893/3208/2893
f 2879/3194/2879 2017/2169/2017 2012/2164/2012 2007/2161/2007
f 1806/4079/1806 1882/2923/1882 2656/2922/2656 2660/2928/2660
f 1806/4079/1806 2660/2928/2660 2841/3145/2841 1898/3144/1898
f 2841/3145/2841 2660/2928/2660 2661/2927/2661 2665/2933/2665
f 2841/3145/2841 2665/2933/2665 2839/3141/2839 2840/3140/2840
f 2839/3141/2839 2665/2933/2665 2666/2932/2666 2670/2938/2670
f 2839/3141/2839 2670/2938/2670 2834/3136/2834 2836/3138/2836
f 2834/3136/2834 2670/2938/2670 2671/2937/2671 2675/2943/2675
f 2808/3099/2808 2805/3097/2805 1982/2130/1982 1983/2129/1983
f 2802/3091/2802 2799/3088/2799 2020/2172/2020 2021/2174/2021
f 2797/3086/2797 2011/2162/2011 2012/2164/2012 2018/2171/2018
f 2797/3086/2797 2031/2188/2031 2010/2163/2010 2011/2162/2011
f 2737/3013/2737 1889/944/1889 864/2036/864 2034/2192/2034
f 864/2036/864 1912/2037/1912 2033/2191/2033 2034/2192/2034
f 1912/2037/1912 1879/751/1879 2578/2832/2578 2033/2191/2033
f 2702/2973/2702 1999/2148/1999 2700/2970/2700 2701/2969/2701
f 2697/2965/2697 1994/2143/1994 1992/2142/1992 2693/2960/2693
f 2686/2952/2686 1989/2140/1989 1990/2139/1990 2685/2953/2685
f 2636/2900/2636 2624/2881/2624 2626/2884/2626 2634/2897/2634
f 2580/2834/2580 2032/2193/2032 2033/2191/2033 2578/2832/2578
f 2557/2811/2557 2527/2781/2527 2529/2783/2529 2553/2806/2553
f 1807/2038/1807 2514/4080/2514 3648/4081/3648 1808/2039/1808
f 1807/2042/1807 622/681/622 2513/2767/2513 2514/2766/2514
f 3648/4081/3648 3649/4082/3649 1810/2043/1810 1808/2039/1808
f 3648/4081/3648 2509/2758/2509 3650/4083/3650 3649/4082/3649
f 3648/4081/3648 2514/4080/2514 2508/2759/2508 2509/2758/2509
f 3650/4083/3650 3652/4084/3652 3651/4085/3651 3649/4082/3649
f 3650/4083/3650 2506/2755/2506 3653/4086/3653 3652/4084/3652
f 3650/4083/3650 2509/2758/2509 2505/2756/2505 2506/2755/2506
f 3653/4086/3653 3655/4087/3655 3654/4088/3654 3652/4084/3652
f 3653/4086/3653 2166/2360/2166 3656/4089/3656 3655/4087/3655
f 3653/4086/3653 2506/2755/2506 2165/2361/2165 2166/2360/2166
f 3656/4089/3656 3658/4090/3658 3657/4091/3657 3655/4087/3655
f 3656/4089/3656 3660/4092/3660 3659/4093/3659 3658/4090/3658
f 3656/4089/3656 2166/2360/2166 1955/2354/1955 3660/4092/3660
f 3660/4092/3660 2452/2696/2452 2454/2698/2454 3659/4093/3659
f 3660/4092/3660 1955/2354/1955 2163/2359/2163 2452/2696/2452
f 3659/4093/3659 3662/4094/3662 3661/4095/3661 3658/4090/3658
f 3659/4093/3659 2454/2698/2454 2456/2700/2456 3662/4094/3662
f 3662/4094/3662 3664/4096/3664 3663/4097/3663 3661/4095/3661
f 3662/4094/3662 2456/2700/2456 3665/4098/3665 3664/4096/3664
f 3665/4098/3665 3667/4099/3667 3666/4100/3666 3664/4096/3664
f 3665/4098/3665 2459/2703/2459 2461/2707/2461 3667/4099/3667
f 3665/4098/3665 2456/2700/2456 2457/2699/2457 2459/2703/2459
f 3667/4099/3667 3669/4101/3669 3668/4102/3668 3666/4100/3666
f 3667/4099/3667 2461/2707/2461 3670/4103/3670 3669/4101/3669
f 3670/4103/3670 3672/4104/3672 3671/4105/3671 3669/4101/3669
f 3670/4103/3670 2464/2710/2464 3673/4106/3673 3672/4104/3672
f 3670/4103/3670 2461/2707/2461 2462/2706/2462 2464/2710/2464
f 3673/4106/3673 3675/4107/3675 3674/4108/3674 3672/4104/3672
f 3673/4106/3673 2467/4109/2467 3676/4110/3676 3675/4107/3675
f 3673/4106/3673 2464/2710/2464 2465/2709/2465 2467/4109/2467
f 3676/4110/3676 1840/2074/1840 1839/2073/1839 3675/4107/3675
f 1842/2078/1842 3651/4085/3651 3677/4112/3677 1913/2079/1913
f 1842/2078/1842 1810/2043/1810 3649/4082/3649 3651/4085/3651
f 3677/4112/3677 3678/4113/3678 1914/2081/1914 1913/2079/1913
f 3677/4112/3677 3654/4088/3654 3679/4114/3679 3678/4113/3678
f 3677/4112/3677 3651/4085/3651 3652/4084/3652 3654/4088/3654
f 3679/4114/3679 3681/4115/3681 3680/4116/3680 3678/4113/3678
f 3679/4114/3679 3657/4091/3657 3682/4117/3682 3681/4115/3681
f 3679/4114/3679 3654/4088/3654 3655/4087/3655 3657/4091/3657
f 3682/4117/3682 3684/4118/3684 3683/4119/3683 3681/4115/3681
f 3682/4117/3682 3661/4095/3661 3663/4097/3663 3684/4118/3684
f 3682/4117/3682 3657/4091/3657 3658/4090/3658 3661/4095/3661
f 3684/4118/3684 3686/4120/3686 3685/4121/3685 3683/4119/3683
f 3684/4118/3684 3663/4097/3663 3687/4122/3687 3686/4120/3686
f 3687/4122/3687 3688/4123/3688 2219/2430/2219 3686/4120/3686
f 3687/4122/3687 3666/4100/3666 3668/4102/3668 3688/4123/3688
f 3687/4122/3687 3663/4097/3663 3664/4096/3664 3666/4100/3666
f 3688/4123/3688 3689/4124/3689 2218/2431/2218 2219/2430/2219
f 3688/4123/3688 3668/4102/3668 3690/4125/3690 3689/4124/3689
f 3690/4125/3690 3692/4126/3692 3691/4127/3691 3689/4124/3689
f 3690/4125/3690 3671/4105/3671 3693/4128/3693 3692/4126/3692
f 3690/4125/3690 3668/4102/3668 3669/4101/3669 3671/4105/3671
f 3693/4128/3693 1861/2099/1861 1860/2098/1860 3692/4126/3692
f 3693/4128/3693 3674/4108/3674 1862/2100/1862 1861/2099/1861
f 3693/4128/3693 3671/4105/3671 3672/4104/3672 3674/4108/3674
f 1862/2100/1862 3674/4108/3674 3675/4107/3675 1839/2073/1839
f 1915/2101/1915 3680/4116/3680 3694/4129/3694 1863/2102/1863
f 1915/2101/1915 1914/2081/1914 3678/4113/3678 3680/4116/3680
f 3694/4129/3694 3695/4130/3695 1865/2104/1865 1863/2102/1863
f 3694/4129/3694 3683/4119/3683 3685/4121/3685 3695/4130/3695
f 3694/4129/3694 3680/4116/3680 3681/4115/3681 3683/4119/3683
f 3695/4130/3695 2216/2428/2216 1916/2106/1916 1865/2104/1865
f 3695/4130/3695 3685/4121/3685 2215/2429/2215 2216/2428/2216
f 1916/2106/1916 2216/2428/2216 2217/2427/2217 1867/2107/1867
f 1918/2108/1918 2220/2432/2220 3691/4127/3691 1917/2109/1917
f 1918/2108/1918 1867/2107/1867 2217/2427/2217 2220/2432/2220
f 1917/2109/1917 3691/4127/3691 3692/4126/3692 1860/2098/1860
f 3691/4127/3691 2220/2432/2220 2218/2431/2218 3689/4124/3689
f 3686/4120/3686 2219/2430/2219 2215/2429/2215 3685/4121/3685
f 2493/2741/2493 2175/2372/2175 2490/2738/2490 2491/2737/2491
f 2448/2690/2448 2160/2357/2160 2161/2356/2161 2447/2691/2447
f 2089/2265/2089 2085/2262/2085 2078/2251/2078 2081/2255/2081
f 2086/2261/2086 2077/2253/2077 2078/2251/2078 2085/2262/2085
f 2083/2256/2083 2063/2234/2063 2048/2212/2048 2049/2211/2049
f 2080/2254/2080 2062/2233/2062 2058/2225/2058 2060/2230/2060
f 2080/2254/2080 3696/4131/3696 2073/2246/2073 2062/2233/2062
f 2080/2254/2080 2079/2252/2079 2074/2250/2074 3696/4131/3696
f 3696/4131/3696 2072/2245/2072 2070/2244/2070 2073/2246/2073
f 3696/4131/3696 2074/2250/2074 2075/2249/2075 2072/2245/2072
f 2073/2246/2073 2070/2244/2070 2071/2243/2071 2061/2232/2061
f 2071/2243/2071 2059/2228/2059 2057/2227/2057 2061/2232/2061
f 2071/2243/2071 2067/2242/2067 3697/4132/3697 2059/2228/2059
f 3697/4132/3697 2050/2213/2050 1936/2229/1936 2059/2228/2059
f 3697/4132/3697 3698/4133/3698 2045/2208/2045 2050/2213/2050
f 3697/4132/3697 2067/2242/2067 2068/2241/2068 3698/4133/3698
f 3698/4133/3698 2037/2195/2037 2038/2199/2038 2045/2208/2045
f 3698/4133/3698 2068/2241/2068 2036/2196/2036 2037/2195/2037
usemtl SHIGGY_FACE.002
f 50/321/50 303/322/303 304/323/304 305/324/305
f 50/321/50 306/325/306 307/326/307 303/322/303
f 50/321/50 305/324/305 308/327/308 306/325/306
f 51/328/51 309/329/309 310/330/310 311/331/311
f 51/328/51 312/332/312 313/333/313 309/329/309
f 51/328/51 311/331/311 314/334/314 312/332/312
f 314/334/314 315/335/315 316/336/316 317/337/317
f 314/334/314 317/337/317 318/338/318 312/332/312
f 314/334/314 311/331/311 319/339/319 315/335/315
f 319/339/319 320/340/320 321/341/321 315/335/315
f 319/339/319 311/331/311 310/330/310 322/342/322
f 319/339/319 322/342/322 323/343/323 320/340/320
f 323/343/323 324/344/324 325/345/325 320/340/320
f 323/343/323 322/342/322 326/346/326 308/327/308
f 323/343/323 308/327/308 305/324/305 324/344/324
f 326/346/326 327/347/327 306/325/306 308/327/308
f 326/346/326 322/342/322 310/330/310 328/348/328
f 326/346/326 328/348/328 329/349/329 327/347/327
f 329/349/329 330/350/330 331/351/331 327/347/327
f 329/349/329 328/348/328 332/352/332 333/353/333
f 329/349/329 333/353/333 334/354/334 330/350/330
f 334/354/334 335/355/335 336/356/336 330/350/330
f 334/354/334 333/353/333 337/357/337 338/358/338
f 334/354/334 338/358/338 339/359/339 335/355/335
f 339/359/339 340/360/340 341/361/341 335/355/335
f 339/359/339 338/358/338 342/362/342 343/363/343
f 339/359/339 343/363/343 344/364/344 340/360/340
f 344/364/344 345/365/345 346/366/346 340/360/340
f 344/364/344 343/363/343 347/367/347 348/368/348
f 344/364/344 348/368/348 349/369/349 345/365/345
f 349/369/349 348/368/348 352/374/352 353/375/353
f 393/420/393 395/421/395 396/422/396 341/361/341
f 393/420/393 341/361/341 340/360/340 346/366/346
f 396/422/396 395/421/395 397/423/397 398/424/398
f 396/422/396 398/424/398 399/425/399 336/356/336
f 396/422/396 336/356/336 335/355/335 341/361/341
f 399/425/399 398/424/398 400/426/400 401/427/401
f 399/425/399 401/427/401 307/326/307 331/351/331
f 399/425/399 331/351/331 330/350/330 336/356/336
f 401/427/401 400/426/400 402/428/402 403/429/403
f 401/427/401 403/429/403 303/322/303 307/326/307
f 403/429/403 402/428/402 404/430/404 405/431/405
f 403/429/403 405/431/405 304/323/304 303/322/303
f 405/431/405 404/430/404 406/432/406 407/433/407
f 405/431/405 407/433/407 408/434/408 304/323/304
f 408/434/408 407/433/407 409/435/409 410/436/410
f 408/434/408 410/436/410 325/345/325 324/344/324
f 408/434/408 324/344/324 305/324/305 304/323/304
f 410/436/410 409/435/409 411/437/411 412/438/412
f 410/436/410 412/438/412 413/439/413 325/345/325
f 413/439/413 412/438/412 414/440/414 415/441/415
f 413/439/413 415/441/415 416/442/416 321/341/321
f 413/439/413 321/341/321 320/340/320 325/345/325
f 416/442/416 415/441/415 417/443/417 418/444/418
f 416/442/416 418/444/418 419/445/419 316/336/316
f 416/442/416 316/336/316 315/335/315 321/341/321
f 419/445/419 418/444/418 420/446/420 421/447/421
f 419/445/419 421/447/421 422/448/422 423/449/423
f 419/445/419 423/449/423 317/337/317 316/336/316
f 423/449/423 424/450/424 318/338/318 317/337/317
f 423/449/423 422/448/422 425/451/425 424/450/424
f 425/451/425 426/452/426 427/453/427 424/450/424
f 425/451/425 422/448/422 428/454/428 429/455/429
f 425/451/425 429/455/429 430/456/430 426/452/426
f 430/456/430 431/457/431 432/458/432 426/452/426
f 430/456/430 429/455/429 433/459/433 434/460/434
f 430/456/430 434/460/434 435/461/435 431/457/431
f 435/461/435 436/462/436 437/463/437 431/457/431
f 435/461/435 434/460/434 1871/464/1871 438/465/438
f 435/461/435 438/465/438 439/466/439 436/462/436
f 439/466/439 440/467/440 441/468/441 436/462/436
f 442/469/442 443/470/443 444/471/444 445/472/445
f 442/469/442 445/472/445 441/468/441 440/467/440
f 445/472/445 444/471/444 446/473/446 447/474/447
f 445/472/445 447/474/447 448/475/448 441/468/441
f 448/475/448 447/474/447 449/476/449 450/477/450
f 448/475/448 450/477/450 451/478/451 437/463/437
f 448/475/448 437/463/437 436/462/436 441/468/441
f 451/478/451 450/477/450 452/479/452 453/480/453
f 451/478/451 453/480/453 454/481/454 432/458/432
f 451/478/451 432/458/432 431/457/431 437/463/437
f 454/481/454 453/480/453 455/482/455 456/483/456
f 454/481/454 456/483/456 457/484/457 427/453/427
f 454/481/454 427/453/427 426/452/426 432/458/432
f 457/484/457 456/483/456 458/485/458 313/333/313
f 457/484/457 313/333/313 312/332/312 318/338/318
f 457/484/457 318/338/318 424/450/424 427/453/427
f 458/485/458 337/357/337 333/353/333 332/352/332
f 458/485/458 332/352/332 309/329/309 313/333/313
f 458/485/458 456/483/456 455/482/455 337/357/337
f 455/482/455 342/362/342 338/358/338 337/357/337
f 455/482/455 453/480/453 452/479/452 342/362/342
f 452/479/452 347/367/347 343/363/343 342/362/342
f 452/479/452 450/477/450 449/476/449 347/367/347
f 449/476/449 352/374/352 348/368/348 347/367/347
f 449/476/449 447/474/447 446/473/446 352/374/352
f 446/473/446 357/486/357 353/375/353 352/374/352
f 446/473/446 444/471/444 459/487/459 357/486/357
f 459/487/459 444/471/444 443/470/443 460/489/460
f 490/530/490 492/531/492 402/428/402 400/426/400
f 490/530/490 400/426/400 398/424/398 397/423/397
f 492/531/492 494/534/494 404/430/404 402/428/402
f 494/534/494 496/537/496 406/432/406 404/430/404
f 496/537/496 498/540/498 499/541/499 406/432/406
f 499/541/499 498/540/498 500/542/500 501/543/501
f 499/541/499 501/543/501 411/437/411 409/435/409
f 499/541/499 409/435/409 407/433/407 406/432/406
f 501/543/501 500/542/500 502/544/502 503/545/503
f 501/543/501 503/545/503 504/546/504 411/437/411
f 504/546/504 503/545/503 505/547/505 506/548/506
f 504/546/504 506/548/506 507/549/507 414/440/414
f 504/546/504 414/440/414 412/438/412 411/437/411
f 507/549/507 506/548/506 508/550/508 509/551/509
f 507/549/507 509/551/509 510/552/510 417/443/417
f 507/549/507 417/443/417 415/441/415 414/440/414
f 510/552/510 509/551/509 511/553/511 512/554/512
f 510/552/510 512/554/512 513/555/513 420/446/420
f 510/552/510 420/446/420 418/444/418 417/443/417
f 513/555/513 512/554/512 514/556/514 515/557/515
f 513/555/513 515/557/515 516/558/516 517/559/517
f 513/555/513 517/559/517 421/447/421 420/446/420
f 517/559/517 516/558/516 518/560/518 428/454/428
f 517/559/517 428/454/428 422/448/422 421/447/421
f 518/560/518 433/459/433 429/455/429 428/454/428
f 518/560/518 516/558/516 1873/561/1873 519/562/519
f 518/560/518 519/562/519 520/563/520 433/459/433
f 520/563/520 1871/464/1871 434/460/434 433/459/433
f 563/614/563 565/615/565 566/616/566 505/547/505
f 563/614/563 505/547/505 503/545/503 502/544/502
f 566/616/566 565/615/565 567/617/567 568/618/568
f 566/616/566 568/618/568 569/619/569 508/550/508
f 566/616/566 508/550/508 506/548/506 505/547/505
f 569/619/569 568/618/568 570/620/570 571/621/571
f 569/619/569 571/621/571 572/622/572 511/553/511
f 569/619/569 511/553/511 509/551/509 508/550/508
f 572/622/572 571/621/571 1874/623/1874 1875/624/1875
f 572/622/572 1875/624/1875 573/625/573 514/556/514
f 572/622/572 514/556/514 512/554/512 511/553/511
f 573/625/573 1876/626/1876 515/557/515 514/556/514
f 1876/626/1876 1873/561/1873 516/558/516 515/557/515
f 1838/2075/1838 1840/2076/1840 1841/2077/1841 570/620/570
f 1838/2075/1838 570/620/570 568/618/568 567/617/567
f 1841/2077/1841 1874/623/1874 571/621/571 570/620/570
f 332/352/332 328/348/328 310/330/310 309/329/309
f 331/351/331 307/326/307 306/325/306 327/347/327
f 1968/2433/1968 2223/2434/2223 2222/2435/2222 2221/2436/2221
f 1968/2433/1968 2221/2436/2221 2225/2437/2225 2224/2438/2224
f 1968/2433/1968 2224/2438/2224 2226/2439/2226 2223/2434/2223
f 1969/2440/1969 2229/2441/2229 2228/2442/2228 2227/2443/2227
f 1969/2440/1969 2227/2443/2227 2231/2444/2231 2230/2445/2230
f 1969/2440/1969 2230/2445/2230 2232/2446/2232 2229/2441/2229
f 2232/2446/2232 2235/2447/2235 2234/2448/2234 2233/2449/2233
f 2232/2446/2232 2230/2445/2230 2236/2450/2236 2235/2447/2235
f 2232/2446/2232 2233/2449/2233 2237/2451/2237 2229/2441/2229
f 2237/2451/2237 2233/2449/2233 2239/2452/2239 2238/2453/2238
f 2237/2451/2237 2240/2454/2240 2228/2442/2228 2229/2441/2229
f 2237/2451/2237 2238/2453/2238 2241/2455/2241 2240/2454/2240
f 2241/2455/2241 2238/2453/2238 2243/2456/2243 2242/2457/2242
f 2241/2455/2241 2226/2439/2226 2244/2458/2244 2240/2454/2240
f 2241/2455/2241 2242/2457/2242 2223/2434/2223 2226/2439/2226
f 2244/2458/2244 2226/2439/2226 2224/2438/2224 2245/2459/2245
f 2244/2458/2244 2246/2460/2246 2228/2442/2228 2240/2454/2240
f 2244/2458/2244 2245/2459/2245 2247/2461/2247 2246/2460/2246
f 2247/2461/2247 2245/2459/2245 2249/2462/2249 2248/2463/2248
f 2247/2461/2247 2251/2464/2251 2250/2465/2250 2246/2460/2246
f 2247/2461/2247 2248/2463/2248 2252/2466/2252 2251/2464/2251
f 2252/2466/2252 2248/2463/2248 2254/2467/2254 2253/2468/2253
f 2252/2466/2252 2256/2469/2256 2255/2470/2255 2251/2464/2251
f 2252/2466/2252 2253/2468/2253 2257/2471/2257 2256/2469/2256
f 2257/2471/2257 2253/2468/2253 2259/2472/2259 2258/2473/2258
f 2257/2471/2257 2261/2474/2261 2260/2475/2260 2256/2469/2256
f 2257/2471/2257 2258/2473/2258 2262/2476/2262 2261/2474/2261
f 2262/2476/2262 2258/2473/2258 2264/2477/2264 2263/2478/2263
f 2262/2476/2262 2266/2479/2266 2265/2480/2265 2261/2474/2261
f 2262/2476/2262 2263/2478/2263 2267/2481/2267 2266/2479/2266
f 2267/2481/2267 2271/2486/2271 2270/2487/2270 2266/2479/2266
f 2305/2532/2305 2259/2472/2259 2308/2533/2308 2307/2534/2307
f 2305/2532/2305 2264/2477/2264 2258/2473/2258 2259/2472/2259
f 2308/2533/2308 2310/2535/2310 2309/2536/2309 2307/2534/2307
f 2308/2533/2308 2254/2467/2254 2311/2537/2311 2310/2535/2310
f 2308/2533/2308 2259/2472/2259 2253/2468/2253 2254/2467/2254
f 2311/2537/2311 2313/2538/2313 2312/2539/2312 2310/2535/2310
f 2311/2537/2311 2249/2462/2249 2225/2437/2225 2313/2538/2313
f 2311/2537/2311 2254/2467/2254 2248/2463/2248 2249/2462/2249
f 2313/2538/2313 2315/2540/2315 2314/2541/2314 2312/2539/2312
f 2313/2538/2313 2225/2437/2225 2221/2436/2221 2315/2540/2315
f 2315/2540/2315 2317/2542/2317 2316/2543/2316 2314/2541/2314
f 2315/2540/2315 2221/2436/2221 2222/2435/2222 2317/2542/2317
f 2317/2542/2317 2319/2544/2319 2318/2545/2318 2316/2543/2316
f 2317/2542/2317 2222/2435/2222 2320/2546/2320 2319/2544/2319
f 2320/2546/2320 2322/2547/2322 2321/2548/2321 2319/2544/2319
f 2320/2546/2320 2242/2457/2242 2243/2456/2243 2322/2547/2322
f 2320/2546/2320 2222/2435/2222 2223/2434/2223 2242/2457/2242
f 2322/2547/2322 2324/2549/2324 2323/2550/2323 2321/2548/2321
f 2322/2547/2322 2243/2456/2243 2325/2551/2325 2324/2549/2324
f 2325/2551/2325 2327/2552/2327 2326/2553/2326 2324/2549/2324
f 2325/2551/2325 2239/2452/2239 2328/2554/2328 2327/2552/2327
f 2325/2551/2325 2243/2456/2243 2238/2453/2238 2239/2452/2239
f 2328/2554/2328 2330/2555/2330 2329/2556/2329 2327/2552/2327
f 2328/2554/2328 2234/2448/2234 2331/2557/2331 2330/2555/2330
f 2328/2554/2328 2239/2452/2239 2233/2449/2233 2234/2448/2234
f 2331/2557/2331 2333/2558/2333 2332/2559/2332 2330/2555/2330
f 2331/2557/2331 2335/2560/2335 2334/2561/2334 2333/2558/2333
f 2331/2557/2331 2234/2448/2234 2235/2447/2235 2335/2560/2335
f 2335/2560/2335 2235/2447/2235 2236/2450/2236 2336/2562/2336
f 2335/2560/2335 2336/2562/2336 2337/2563/2337 2334/2561/2334
f 2337/2563/2337 2336/2562/2336 2339/2564/2339 2338/2565/2338
f 2337/2563/2337 2341/2566/2341 2340/2567/2340 2334/2561/2334
f 2337/2563/2337 2338/2565/2338 2342/2568/2342 2341/2566/2341
f 2342/2568/2342 2338/2565/2338 2344/2569/2344 2343/2570/2343
f 2342/2568/2342 2346/2571/2346 2345/2572/2345 2341/2566/2341
f 2342/2568/2342 2343/2570/2343 2347/2573/2347 2346/2571/2346
f 2347/2573/2347 2343/2570/2343 2349/2574/2349 2348/2575/2348
f 2347/2573/2347 438/465/438 1871/464/1871 2346/2571/2346
f 2347/2573/2347 2348/2575/2348 439/466/439 438/465/438
f 439/466/439 2348/2575/2348 2350/2576/2350 440/467/440
f 442/469/442 2352/2577/2352 2351/2578/2351 443/470/443
f 442/469/442 440/467/440 2350/2576/2350 2352/2577/2352
f 2352/2577/2352 2354/2579/2354 2353/2580/2353 2351/2578/2351
f 2352/2577/2352 2350/2576/2350 2355/2581/2355 2354/2579/2354
f 2355/2581/2355 2357/2582/2357 2356/2583/2356 2354/2579/2354
f 2355/2581/2355 2349/2574/2349 2358/2584/2358 2357/2582/2357
f 2355/2581/2355 2350/2576/2350 2348/2575/2348 2349/2574/2349
f 2358/2584/2358 2360/2585/2360 2359/2586/2359 2357/2582/2357
f 2358/2584/2358 2344/2569/2344 2361/2587/2361 2360/2585/2360
f 2358/2584/2358 2349/2574/2349 2343/2570/2343 2344/2569/2344
f 2361/2587/2361 2363/2588/2363 2362/2589/2362 2360/2585/2360
f 2361/2587/2361 2339/2564/2339 2364/2590/2364 2363/2588/2363
f 2361/2587/2361 2344/2569/2344 2338/2565/2338 2339/2564/2339
f 2364/2590/2364 2231/2444/2231 2365/2591/2365 2363/2588/2363
f 2364/2590/2364 2236/2450/2236 2230/2445/2230 2231/2444/2231
f 2364/2590/2364 2339/2564/2339 2336/2562/2336 2236/2450/2236
f 2365/2591/2365 2250/2465/2250 2251/2464/2251 2255/2470/2255
f 2365/2591/2365 2231/2444/2231 2227/2443/2227 2250/2465/2250
f 2365/2591/2365 2255/2470/2255 2362/2589/2362 2363/2588/2363
f 2362/2589/2362 2255/2470/2255 2256/2469/2256 2260/2475/2260
f 2362/2589/2362 2260/2475/2260 2359/2586/2359 2360/2585/2360
f 2359/2586/2359 2260/2475/2260 2261/2474/2261 2265/2480/2265
f 2359/2586/2359 2265/2480/2265 2356/2583/2356 2357/2582/2357
f 2356/2583/2356 2265/2480/2265 2266/2479/2266 2270/2487/2270
f 2356/2583/2356 2270/2487/2270 2353/2580/2353 2354/2579/2354
f 2353/2580/2353 2270/2487/2270 2271/2486/2271 2275/2592/2275
f 2353/2580/2353 2275/2592/2275 2366/2593/2366 2351/2578/2351
f 2366/2593/2366 460/489/460 443/470/443 2351/2578/2351
f 2394/2632/2394 2312/2539/2312 2314/2541/2314 2396/2633/2396
f 2394/2632/2394 2309/2536/2309 2310/2535/2310 2312/2539/2312
f 2396/2633/2396 2314/2541/2314 2316/2543/2316 2398/2636/2398
f 2398/2636/2398 2316/2543/2316 2318/2545/2318 2400/2639/2400
f 2400/2639/2400 2318/2545/2318 2403/2642/2403 2402/2643/2402
f 2403/2642/2403 2405/2644/2405 2404/2645/2404 2402/2643/2402
f 2403/2642/2403 2321/2548/2321 2323/2550/2323 2405/2644/2405
f 2403/2642/2403 2318/2545/2318 2319/2544/2319 2321/2548/2321
f 2405/2644/2405 2407/2646/2407 2406/2647/2406 2404/2645/2404
f 2405/2644/2405 2323/2550/2323 2408/2648/2408 2407/2646/2407
f 2408/2648/2408 2410/2649/2410 2409/2650/2409 2407/2646/2407
f 2408/2648/2408 2326/2553/2326 2411/2651/2411 2410/2649/2410
f 2408/2648/2408 2323/2550/2323 2324/2549/2324 2326/2553/2326
f 2411/2651/2411 2413/2652/2413 2412/2653/2412 2410/2649/2410
f 2411/2651/2411 2329/2556/2329 2414/2654/2414 2413/2652/2413
f 2411/2651/2411 2326/2553/2326 2327/2552/2327 2329/2556/2329
f 2414/2654/2414 2416/2655/2416 2415/2656/2415 2413/2652/2413
f 2414/2654/2414 2332/2559/2332 2417/2657/2417 2416/2655/2416
f 2414/2654/2414 2329/2556/2329 2330/2555/2330 2332/2559/2332
f 2417/2657/2417 2419/2658/2419 2418/2659/2418 2416/2655/2416
f 2417/2657/2417 2421/2660/2421 2420/2661/2420 2419/2658/2419
f 2417/2657/2417 2332/2559/2332 2333/2558/2333 2421/2660/2421
f 2421/2660/2421 2340/2567/2340 2422/2662/2422 2420/2661/2420
f 2421/2660/2421 2333/2558/2333 2334/2561/2334 2340/2567/2340
f 2422/2662/2422 2340/2567/2340 2341/2566/2341 2345/2572/2345
f 2422/2662/2422 519/562/519 1873/561/1873 2420/2661/2420
f 2422/2662/2422 2345/2572/2345 520/563/520 519/562/519
f 520/563/520 2345/2572/2345 2346/2571/2346 1871/464/1871
f 2463/2711/2463 2409/2650/2409 2466/2712/2466 2465/2713/2465
f 2463/2711/2463 2406/2647/2406 2407/2646/2407 2409/2650/2409
f 2466/2712/2466 2468/2714/2468 2467/2715/2467 2465/2713/2465
f 2466/2712/2466 2412/2653/2412 2469/2716/2469 2468/2714/2468
f 2466/2712/2466 2409/2650/2409 2410/2649/2410 2412/2653/2412
f 2469/2716/2469 2471/2717/2471 2470/2718/2470 2468/2714/2468
f 2469/2716/2469 2415/2656/2415 2472/2719/2472 2471/2717/2471
f 2469/2716/2469 2412/2653/2412 2413/2652/2413 2415/2656/2415
f 2472/2719/2472 1875/624/1875 1874/623/1874 2471/2717/2471
f 2472/2719/2472 2418/2659/2418 573/625/573 1875/624/1875
f 2472/2719/2472 2415/2656/2415 2416/2655/2416 2418/2659/2418
f 573/625/573 2418/2659/2418 2419/2658/2419 1876/626/1876
f 1876/626/1876 2419/2658/2419 2420/2661/2420 1873/561/1873
f 3676/4111/3676 2470/2718/2470 1841/2077/1841 1840/2076/1840
f 3676/4111/3676 2467/2715/2467 2468/2714/2468 2470/2718/2470
f 1841/2077/1841 2470/2718/2470 2471/2717/2471 1874/623/1874
f 2250/2465/2250 2227/2443/2227 2228/2442/2228 2246/2460/2246
f 2249/2462/2249 2245/2459/2245 2224/2438/2224 2225/2437/2225
usemtl OH_Outline_Material.003
f 3699/1/3699 3752/4/3752 3751/3/3751 3750/2/3750
f 3699/1/3699 3750/2/3750 3754/6/3754 3753/5/3753
f 3699/1/3699 3753/5/3753 3755/7/3755 3752/4/3752
f 3700/8/3700 3758/11/3758 3757/10/3757 3756/9/3756
f 3700/8/3700 3760/13/3760 3759/12/3759 3758/11/3758
f 3700/8/3700 3756/9/3756 3761/14/3761 3760/13/3760
f 3701/15/3701 3764/18/3764 3763/17/3763 3762/16/3762
f 3701/15/3701 3762/16/3762 3766/20/3766 3765/19/3765
f 3701/21/3701 3768/24/3768 3767/23/3767 3764/22/3764
f 3702/25/3702 3771/28/3771 3770/27/3770 3769/26/3769
f 3702/25/3702 3769/26/3769 3773/30/3773 3772/29/3772
f 3702/25/3702 3772/29/3772 3774/31/3774 3771/28/3771
f 3703/32/3703 3777/35/3777 3776/34/3776 3775/33/3775
f 3703/32/3703 3775/33/3775 3779/37/3779 3778/36/3778
f 3703/32/3703 3778/36/3778 3780/38/3780 3777/35/3777
f 3704/39/3704 3783/42/3783 3782/41/3782 3781/40/3781
f 3704/39/3704 3781/40/3781 3785/44/3785 3784/43/3784
f 3704/39/3704 3784/43/3784 3786/45/3786 3783/42/3783
f 3705/46/3705 3789/49/3789 3788/48/3788 3787/47/3787
f 3705/46/3705 3791/51/3791 3790/50/3790 3789/49/3789
f 3705/46/3705 3787/47/3787 3792/52/3792 3791/51/3791
f 3706/53/3706 3795/56/3795 3794/55/3794 3793/54/3793
f 3706/53/3706 3797/58/3797 3796/57/3796 3795/56/3795
f 3706/53/3706 3798/59/3798 3792/52/3792 3797/58/3797
f 3706/53/3706 3800/61/3800 3799/60/3799 3798/59/3798
f 3706/53/3706 3793/54/3793 3801/62/3801 3800/61/3800
f 3707/63/3707 3804/66/3804 3803/65/3803 3802/64/3802
f 3707/67/3707 3807/70/3807 3806/69/3806 3805/68/3805
f 3707/71/3707 3805/74/3805 3808/73/3808 3804/72/3804
f 3708/75/3708 3811/78/3811 3810/77/3810 3809/76/3809
f 3813/79/3813 3708/75/3708 3809/76/3809 3814/80/3814
f 3708/75/3708 3813/79/3813 3812/81/3812 3811/78/3811
f 3709/82/3709 3817/85/3817 3816/84/3816 3815/83/3815
f 3709/82/3709 3819/87/3819 3818/86/3818 3817/85/3817
f 3709/82/3709 3815/83/3815 3820/88/3820 3819/87/3819
f 3710/89/3710 3821/90/3821 3819/87/3819 3820/88/3820
f 3710/89/3710 3820/88/3820 3823/92/3823 3822/91/3822
f 3710/89/3710 3822/91/3822 3824/93/3824 3821/90/3821
f 3711/94/3711 3818/86/3818 3819/87/3819 3821/90/3821
f 3711/94/3711 3821/90/3821 3824/93/3824 3712/95/3712
f 3711/94/3711 3712/95/3712 3825/96/3825 3818/86/3818
f 3712/95/3712 3824/93/3824 3827/98/3827 3826/97/3826
f 3712/95/3712 3826/97/3826 3829/100/3829 3828/99/3828
f 3712/95/3712 3828/99/3828 3830/101/3830 3825/96/3825
f 3713/102/3713 3822/91/3822 3823/92/3823 3831/103/3831
f 3713/102/3713 3827/98/3827 3824/93/3824 3822/91/3822
f 3713/102/3713 3831/103/3831 3833/105/3833 3832/104/3832
f 3713/106/3713 3832/109/3832 3835/108/3835 3834/107/3834
f 3713/106/3713 3834/107/3834 3836/111/3836 3827/110/3827
f 3714/112/3714 3838/115/3838 3715/114/3715 3837/113/3837
f 3714/112/3714 3837/113/3837 3839/117/3839 3716/116/3716
f 3714/112/3714 3716/116/3716 3840/118/3840 3838/115/3838
f 3715/114/3715 3718/120/3718 3841/119/3841 3837/113/3837
f 3715/114/3715 3838/115/3838 3842/121/3842 3718/120/3718
f 3716/116/3716 3843/123/3843 3720/122/3720 3840/118/3840
f 3716/116/3716 3830/101/3830 3828/99/3828 3843/123/3843
f 3717/124/3717 3846/127/3846 3845/126/3845 3844/125/3844
f 3717/124/3717 3849/130/3849 3848/129/3848 3847/128/3847
f 3717/124/3717 3847/128/3847 3851/132/3851 3850/131/3850
f 3717/124/3717 3850/131/3850 3852/133/3852 3846/127/3846
f 3718/120/3718 3842/121/3842 3853/134/3853 3841/119/3841
f 3719/135/3719 3856/138/3856 3855/137/3855 3854/136/3854
f 3858/139/3858 3719/135/3719 3854/136/3854 3859/140/3859
f 3719/135/3719 3858/139/3858 3857/141/3857 3856/138/3856
f 3720/122/3720 3859/140/3859 3860/142/3860 3840/118/3840
f 3720/122/3720 3861/143/3861 3858/139/3858 3859/140/3859
f 3720/122/3720 3843/123/3843 3863/145/3863 3862/144/3862
f 3720/122/3720 3862/144/3862 3864/146/3864 3861/143/3861
f 3721/147/3721 3722/150/3722 3866/149/3866 3865/148/3865
f 3721/147/3721 3868/152/3868 3867/151/3867 3722/150/3722
f 3721/147/3721 3865/148/3865 3869/153/3869 3868/152/3868
f 3722/150/3722 3867/151/3867 3870/154/3870 3866/149/3866
f 3723/155/3723 3873/158/3873 3872/157/3872 3871/156/3871
f 3723/155/3723 3871/156/3871 3868/152/3868 3869/153/3869
f 3723/155/3723 3869/153/3869 3861/143/3861 3864/146/3864
f 3723/159/3723 3864/162/3864 3875/161/3875 3874/160/3874
f 3723/159/3723 3874/160/3874 3876/164/3876 3873/163/3873
f 3724/165/3724 3879/168/3879 3878/167/3878 3877/166/3877
f 3724/165/3724 3877/166/3877 3881/170/3881 3880/169/3880
f 3724/165/3724 3880/169/3880 3882/171/3882 3879/168/3879
f 3725/172/3725 3885/175/3885 3884/174/3884 3883/173/3883
f 3725/172/3725 3887/177/3887 3886/176/3886 3885/175/3885
f 3725/178/3725 3889/181/3889 3888/180/3888 3887/179/3887
f 3725/178/3725 3891/183/3891 3890/182/3890 3889/181/3889
f 3725/172/3725 3883/173/3883 3892/185/3892 3891/184/3891
f 3726/186/3726 3895/189/3895 3894/188/3894 3893/187/3893
f 3726/186/3726 3897/191/3897 3896/190/3896 3895/189/3895
f 3726/186/3726 3893/187/3893 3899/193/3899 3898/192/3898
f 3726/186/3726 3898/192/3898 3901/195/3901 3900/194/3900
f 3726/186/3726 3900/194/3900 3902/196/3902 3897/191/3897
f 3727/197/3727 3905/200/3905 3904/199/3904 3903/198/3903
f 3727/197/3727 3907/202/3907 3906/201/3906 3905/200/3905
f 3727/197/3727 3903/198/3903 3908/203/3908 3907/202/3907
f 3728/204/3728 3911/207/3911 3910/206/3910 3909/205/3909
f 3728/204/3728 3729/208/3729 3908/203/3908 3911/207/3911
f 3728/204/3728 3913/210/3913 3912/209/3912 3729/208/3729
f 3728/204/3728 3915/212/3915 3914/211/3914 3913/210/3913
f 3728/204/3728 3909/205/3909 3916/213/3916 3915/212/3915
f 3729/208/3729 3912/209/3912 3907/202/3907 3908/203/3908
f 3730/214/3730 3906/201/3906 3907/202/3907 3912/209/3912
f 3730/214/3730 3912/209/3912 3913/210/3913 3732/215/3732
f 3730/214/3730 3732/215/3732 3917/216/3917 3906/201/3906
f 3731/217/3731 3920/220/3920 3919/219/3919 3918/218/3918
f 3731/217/3731 3918/218/3918 3922/222/3922 3921/221/3921
f 3731/217/3731 3921/221/3921 3923/223/3923 3920/220/3920
f 3732/215/3732 3925/225/3925 3924/224/3924 3917/216/3917
f 3732/215/3732 3927/227/3927 3926/226/3926 3925/225/3925
f 3732/215/3732 3913/210/3913 3914/211/3914 3927/227/3927
f 3733/228/3733 3928/229/3928 3920/220/3920 3923/223/3923
f 3733/228/3733 3930/231/3930 3929/230/3929 3928/229/3928
f 3733/228/3733 3923/223/3923 3932/233/3932 3931/232/3931
f 3734/234/3734 3935/237/3935 3934/236/3934 3933/235/3933
f 3734/234/3734 3937/239/3937 3936/238/3936 3935/237/3935
f 3734/234/3734 3933/235/3933 3939/241/3939 3938/240/3938
f 3735/242/3735 3942/245/3942 3941/244/3941 3940/243/3940
f 3735/242/3735 3940/243/3940 3944/247/3944 3943/246/3943
f 3735/242/3735 3946/249/3946 3945/248/3945 3942/245/3942
f 3736/250/3736 3949/253/3949 3948/252/3948 3947/251/3947
f 3736/250/3736 3952/256/3952 3951/255/3951 3950/254/3950
f 3736/250/3736 3950/254/3950 3953/257/3953 3949/253/3949
f 3737/258/3737 3956/261/3956 3955/260/3955 3954/259/3954
f 3737/258/3737 3959/264/3959 3958/263/3958 3957/262/3957
f 3737/258/3737 3957/262/3957 3960/265/3960 3956/261/3956
f 3738/266/3738 3963/269/3963 3962/268/3962 3961/267/3961
f 3738/266/3738 3965/271/3965 3964/270/3964 3963/269/3963
f 3738/266/3738 3961/267/3961 3967/273/3967 3966/272/3966
f 3733/228/3733 3931/232/3931 3739/274/3739 3930/231/3930
f 3739/274/3739 3740/276/3740 3968/275/3968 3930/231/3930
f 3739/274/3739 3970/278/3970 3969/277/3969 3740/276/3740
f 3739/279/3739 3972/282/3972 3971/281/3971 3970/280/3970
f 3739/279/3739 3931/284/3931 3973/283/3973 3972/282/3972
f 3740/276/3740 3969/277/3969 3974/285/3974 3968/275/3968
f 3741/286/3741 3976/289/3976 3975/288/3975 3746/287/3746
f 3741/286/3741 3978/291/3978 3977/290/3977 3976/289/3976
f 3741/286/3741 3746/287/3746 3979/292/3979 3978/291/3978
f 3742/293/3742 3980/294/3980 3976/289/3976 3977/290/3977
f 3742/293/3742 3977/290/3977 3981/295/3981 3974/285/3974
f 3742/293/3742 3974/285/3974 3969/277/3969 3980/294/3980
f 3743/296/3743 3745/299/3745 3983/298/3983 3982/297/3982
f 3743/296/3743 3982/297/3982 3985/301/3985 3984/300/3984
f 3743/296/3743 3984/300/3984 3986/302/3986 3745/299/3745
f 3744/303/3744 3989/306/3989 3988/305/3988 3987/304/3987
f 3744/303/3744 3985/301/3985 3982/297/3982 3989/306/3989
f 3744/303/3744 3987/304/3987 3990/307/3990 3985/301/3985
f 3745/299/3745 3992/309/3992 3991/308/3991 3983/298/3983
f 3745/299/3745 3979/292/3979 3746/287/3746 3992/309/3992
f 3746/310/3746 3975/313/3975 3994/312/3994 3993/311/3993
f 3747/314/3747 3997/317/3997 3996/316/3996 3995/315/3995
f 3747/314/3747 3995/315/3995 3999/319/3999 3998/318/3998
f 3747/314/3747 3998/318/3998 4000/320/4000 3997/317/3997
f 3748/321/3748 4003/324/4003 4002/323/4002 4001/322/4001
f 3748/321/3748 4001/322/4001 4005/326/4005 4004/325/4004
f 3748/321/3748 4004/325/4004 4006/327/4006 4003/324/4003
f 3749/328/3749 4009/331/4009 4008/330/4008 4007/329/4007
f 3749/328/3749 4007/329/4007 4011/333/4011 4010/332/4010
f 3749/328/3749 4010/332/4010 4012/334/4012 4009/331/4009
f 4012/334/4012 4015/337/4015 4014/336/4014 4013/335/4013
f 4012/334/4012 4010/332/4010 4016/338/4016 4015/337/4015
f 4012/334/4012 4013/335/4013 4017/339/4017 4009/331/4009
f 4017/339/4017 4013/335/4013 4019/341/4019 4018/340/4018
f 4017/339/4017 4020/342/4020 4008/330/4008 4009/331/4009
f 4017/339/4017 4018/340/4018 4021/343/4021 4020/342/4020
f 4021/343/4021 4018/340/4018 4023/345/4023 4022/344/4022
f 4021/343/4021 4006/327/4006 4024/346/4024 4020/342/4020
f 4021/343/4021 4022/344/4022 4003/324/4003 4006/327/4006
f 4024/346/4024 4006/327/4006 4004/325/4004 4025/347/4025
f 4024/346/4024 4026/348/4026 4008/330/4008 4020/342/4020
f 4024/346/4024 4025/347/4025 4027/349/4027 4026/348/4026
f 4027/349/4027 4025/347/4025 4029/351/4029 4028/350/4028
f 4027/349/4027 4031/353/4031 4030/352/4030 4026/348/4026
f 4027/349/4027 4028/350/4028 4032/354/4032 4031/353/4031
f 4032/354/4032 4028/350/4028 4034/356/4034 4033/355/4033
f 4032/354/4032 4036/358/4036 4035/357/4035 4031/353/4031
f 4032/354/4032 4033/355/4033 4037/359/4037 4036/358/4036
f 4037/359/4037 4033/355/4033 4039/361/4039 4038/360/4038
f 4037/359/4037 4041/363/4041 4040/362/4040 4036/358/4036
f 4037/359/4037 4038/360/4038 4042/364/4042 4041/363/4041
f 4042/364/4042 4038/360/4038 4044/366/4044 4043/365/4043
f 4042/364/4042 4046/368/4046 4045/367/4045 4041/363/4041
f 4042/364/4042 4043/365/4043 4047/369/4047 4046/368/4046
f 4047/370/4047 4043/373/4043 4049/372/4049 4048/371/4048
f 4047/369/4047 4051/375/4051 4050/374/4050 4046/368/4046
f 4047/370/4047 4048/371/4048 4052/377/4052 4051/376/4051
f 4052/377/4052 4048/371/4048 4054/379/4054 4053/378/4053
f 4052/377/4052 4056/381/4056 4055/380/4055 4051/376/4051
f 4052/377/4052 4053/378/4053 4057/382/4057 4056/381/4056
f 4057/382/4057 4053/378/4053 4059/384/4059 4058/383/4058
f 4057/382/4057 4061/386/4061 4060/385/4060 4056/381/4056
f 4057/382/4057 4058/383/4058 4062/387/4062 4061/386/4061
f 4062/387/4062 4058/383/4058 4064/389/4064 4063/388/4063
f 4062/387/4062 4066/391/4066 4065/390/4065 4061/386/4061
f 4062/387/4062 4063/388/4063 4067/392/4067 4066/391/4066
f 4067/392/4067 4063/388/4063 4069/394/4069 4068/393/4068
f 4070/395/4070 4073/398/4073 4072/397/4072 4071/396/4071
f 4070/395/4070 4068/393/4068 4069/394/4069 4073/398/4073
f 4073/398/4073 4075/400/4075 4074/399/4074 4072/397/4072
f 4073/398/4073 4069/394/4069 4076/401/4076 4075/400/4075
f 4076/401/4076 4078/403/4078 4077/402/4077 4075/400/4075
f 4076/401/4076 4064/389/4064 4079/404/4079 4078/403/4078
f 4076/401/4076 4069/394/4069 4063/388/4063 4064/389/4064
f 4079/404/4079 4081/406/4081 4080/405/4080 4078/403/4078
f 4079/404/4079 4059/384/4059 4082/407/4082 4081/406/4081
f 4079/404/4079 4064/389/4064 4058/383/4058 4059/384/4059
f 4082/407/4082 4084/409/4084 4083/408/4083 4081/406/4081
f 4082/407/4082 4054/379/4054 4085/410/4085 4084/409/4084
f 4082/407/4082 4059/384/4059 4053/378/4053 4054/379/4054
f 4085/410/4085 4087/412/4087 4086/411/4086 4084/409/4084
f 4085/410/4085 4049/372/4049 4088/413/4088 4087/412/4087
f 4085/410/4085 4054/379/4054 4048/371/4048 4049/372/4049
f 4088/413/4088 4090/415/4090 4089/414/4089 4087/412/4087
f 4088/413/4088 4044/417/4044 4091/416/4091 4090/415/4090
f 4088/413/4088 4049/372/4049 4043/373/4043 4044/417/4044
f 4091/416/4091 4093/419/4093 4092/418/4092 4090/415/4090
f 4091/420/4091 4039/361/4039 4094/422/4094 4093/421/4093
f 4091/420/4091 4044/366/4044 4038/360/4038 4039/361/4039
f 4094/422/4094 4096/424/4096 4095/423/4095 4093/421/4093
f 4094/422/4094 4034/356/4034 4097/425/4097 4096/424/4096
f 4094/422/4094 4039/361/4039 4033/355/4033 4034/356/4034
f 4097/425/4097 4099/427/4099 4098/426/4098 4096/424/4096
f 4097/425/4097 4029/351/4029 4005/326/4005 4099/427/4099
f 4097/425/4097 4034/356/4034 4028/350/4028 4029/351/4029
f 4099/427/4099 4101/429/4101 4100/428/4100 4098/426/4098
f 4099/427/4099 4005/326/4005 4001/322/4001 4101/429/4101
f 4101/429/4101 4103/431/4103 4102/430/4102 4100/428/4100
f 4101/429/4101 4001/322/4001 4002/323/4002 4103/431/4103
f 4103/431/4103 4105/433/4105 4104/432/4104 4102/430/4102
f 4103/431/4103 4002/323/4002 4106/434/4106 4105/433/4105
f 4106/434/4106 4108/436/4108 4107/435/4107 4105/433/4105
f 4106/434/4106 4022/344/4022 4023/345/4023 4108/436/4108
f 4106/434/4106 4002/323/4002 4003/324/4003 4022/344/4022
f 4108/436/4108 4110/438/4110 4109/437/4109 4107/435/4107
f 4108/436/4108 4023/345/4023 4111/439/4111 4110/438/4110
f 4111/439/4111 4113/441/4113 4112/440/4112 4110/438/4110
f 4111/439/4111 4019/341/4019 4114/442/4114 4113/441/4113
f 4111/439/4111 4023/345/4023 4018/340/4018 4019/341/4019
f 4114/442/4114 4116/444/4116 4115/443/4115 4113/441/4113
f 4114/442/4114 4014/336/4014 4117/445/4117 4116/444/4116
f 4114/442/4114 4019/341/4019 4013/335/4013 4014/336/4014
f 4117/445/4117 4119/447/4119 4118/446/4118 4116/444/4116
f 4117/445/4117 4121/449/4121 4120/448/4120 4119/447/4119
f 4117/445/4117 4014/336/4014 4015/337/4015 4121/449/4121
f 4121/449/4121 4015/337/4015 4016/338/4016 4122/450/4122
f 4121/449/4121 4122/450/4122 4123/451/4123 4120/448/4120
f 4123/451/4123 4122/450/4122 4125/453/4125 4124/452/4124
f 4123/451/4123 4127/455/4127 4126/454/4126 4120/448/4120
f 4123/451/4123 4124/452/4124 4128/456/4128 4127/455/4127
f 4128/456/4128 4124/452/4124 4130/458/4130 4129/457/4129
f 4128/456/4128 4132/460/4132 4131/459/4131 4127/455/4127
f 4128/456/4128 4129/457/4129 4133/461/4133 4132/460/4132
f 4133/461/4133 4129/457/4129 4135/463/4135 4134/462/4134
f 4133/461/4133 4136/465/4136 5569/464/5569 4132/460/4132
f 4133/461/4133 4134/462/4134 4137/466/4137 4136/465/4136
f 4137/466/4137 4134/462/4134 4139/468/4139 4138/467/4138
f 4140/469/4140 4143/472/4143 4142/471/4142 4141/470/4141
f 4140/469/4140 4138/467/4138 4139/468/4139 4143/472/4143
f 4143/472/4143 4145/474/4145 4144/473/4144 4142/471/4142
f 4143/472/4143 4139/468/4139 4146/475/4146 4145/474/4145
f 4146/475/4146 4148/477/4148 4147/476/4147 4145/474/4145
f 4146/475/4146 4135/463/4135 4149/478/4149 4148/477/4148
f 4146/475/4146 4139/468/4139 4134/462/4134 4135/463/4135
f 4149/478/4149 4151/480/4151 4150/479/4150 4148/477/4148
f 4149/478/4149 4130/458/4130 4152/481/4152 4151/480/4151
f 4149/478/4149 4135/463/4135 4129/457/4129 4130/458/4130
f 4152/481/4152 4154/483/4154 4153/482/4153 4151/480/4151
f 4152/481/4152 4125/453/4125 4155/484/4155 4154/483/4154
f 4152/481/4152 4130/458/4130 4124/452/4124 4125/453/4125
f 4155/484/4155 4011/333/4011 4156/485/4156 4154/483/4154
f 4155/484/4155 4016/338/4016 4010/332/4010 4011/333/4011
f 4155/484/4155 4125/453/4125 4122/450/4122 4016/338/4016
f 4156/485/4156 4030/352/4030 4031/353/4031 4035/357/4035
f 4156/485/4156 4011/333/4011 4007/329/4007 4030/352/4030
f 4156/485/4156 4035/357/4035 4153/482/4153 4154/483/4154
f 4153/482/4153 4035/357/4035 4036/358/4036 4040/362/4040
f 4153/482/4153 4040/362/4040 4150/479/4150 4151/480/4151
f 4150/479/4150 4040/362/4040 4041/363/4041 4045/367/4045
f 4150/479/4150 4045/367/4045 4147/476/4147 4148/477/4148
f 4147/476/4147 4045/367/4045 4046/368/4046 4050/374/4050
f 4147/476/4147 4050/374/4050 4144/473/4144 4145/474/4145
f 4144/473/4144 4050/374/4050 4051/375/4051 4055/486/4055
f 4144/473/4144 4055/486/4055 4157/487/4157 4142/471/4142
f 4157/488/4157 4055/380/4055 4056/381/4056 4060/385/4060
f 4157/487/4157 4158/489/4158 4141/470/4141 4142/471/4142
f 4157/488/4157 4060/385/4060 4159/491/4159 4158/490/4158
f 4159/491/4159 4060/385/4060 4061/386/4061 4065/390/4065
f 5570/492/901 4162/495/4162 4161/494/4161 4160/493/4160
f 5570/492/901 4071/497/4071 4072/496/4072 4162/495/4162
f 4162/495/4162 4164/499/4164 4163/498/4163 4161/494/4161
f 4162/495/4162 4072/496/4072 4074/500/4074 4164/499/4164
f 4164/499/4164 4166/502/4166 4165/501/4165 4163/498/4163
f 4164/499/4164 4074/500/4074 4167/503/4167 4166/502/4166
f 4167/503/4167 4169/505/4169 4168/504/4168 4166/502/4166
f 4167/506/4167 4077/402/4077 4170/508/4170 4169/507/4169
f 4167/506/4167 4074/399/4074 4075/400/4075 4077/402/4077
f 4170/508/4170 4172/510/4172 4171/509/4171 4169/507/4169
f 4170/508/4170 4080/405/4080 4173/511/4173 4172/510/4172
f 4170/508/4170 4077/402/4077 4078/403/4078 4080/405/4080
f 4173/511/4173 4175/513/4175 4174/512/4174 4172/510/4172
f 4173/511/4173 4083/408/4083 4176/514/4176 4175/513/4175
f 4173/511/4173 4080/405/4080 4081/406/4081 4083/408/4083
f 4176/514/4176 4178/516/4178 4177/515/4177 4175/513/4175
f 4176/514/4176 4086/411/4086 4179/517/4179 4178/516/4178
f 4176/514/4176 4083/408/4083 4084/409/4084 4086/411/4086
f 4179/517/4179 4181/519/4181 4180/518/4180 4178/516/4178
f 4179/517/4179 4089/414/4089 4182/520/4182 4181/519/4181
f 4179/517/4179 4086/411/4086 4087/412/4087 4089/414/4089
f 4182/520/4182 4184/522/4184 4183/521/4183 4181/519/4181
f 4182/520/4182 4092/418/4092 4185/523/4185 4184/522/4184
f 4182/520/4182 4089/414/4089 4090/415/4090 4092/418/4092
f 4185/523/4185 4187/525/4187 4186/524/4186 4184/522/4184
f 4185/523/4185 4095/527/4095 4188/526/4188 4187/525/4187
f 4185/523/4185 4092/418/4092 4093/419/4093 4095/527/4095
f 4188/526/4188 4190/529/4190 4189/528/4189 4187/525/4187
f 4188/530/4188 4098/426/4098 4100/428/4100 4190/531/4190
f 4188/530/4188 4095/423/4095 4096/424/4096 4098/426/4098
f 4190/529/4190 4192/533/4192 4191/532/4191 4189/528/4189
f 4190/531/4190 4100/428/4100 4102/430/4102 4192/534/4192
f 4192/533/4192 4194/536/4194 4193/535/4193 4191/532/4191
f 4192/534/4192 4102/430/4102 4104/432/4104 4194/537/4194
f 4194/536/4194 4196/539/4196 4195/538/4195 4193/535/4193
f 4194/537/4194 4104/432/4104 4197/541/4197 4196/540/4196
f 4197/541/4197 4199/543/4199 4198/542/4198 4196/540/4196
f 4197/541/4197 4107/435/4107 4109/437/4109 4199/543/4199
f 4197/541/4197 4104/432/4104 4105/433/4105 4107/435/4107
f 4199/543/4199 4201/545/4201 4200/544/4200 4198/542/4198
f 4199/543/4199 4109/437/4109 4202/546/4202 4201/545/4201
f 4202/546/4202 4204/548/4204 4203/547/4203 4201/545/4201
f 4202/546/4202 4112/440/4112 4205/549/4205 4204/548/4204
f 4202/546/4202 4109/437/4109 4110/438/4110 4112/440/4112
f 4205/549/4205 4207/551/4207 4206/550/4206 4204/548/4204
f 4205/549/4205 4115/443/4115 4208/552/4208 4207/551/4207
f 4205/549/4205 4112/440/4112 4113/441/4113 4115/443/4115
f 4208/552/4208 4210/554/4210 4209/553/4209 4207/551/4207
f 4208/552/4208 4118/446/4118 4211/555/4211 4210/554/4210
f 4208/552/4208 4115/443/4115 4116/444/4116 4118/446/4118
f 4211/555/4211 4213/557/4213 4212/556/4212 4210/554/4210
f 4211/555/4211 4215/559/4215 4214/558/4214 4213/557/4213
f 4211/555/4211 4118/446/4118 4119/447/4119 4215/559/4215
f 4215/559/4215 4126/454/4126 4216/560/4216 4214/558/4214
f 4215/559/4215 4119/447/4119 4120/448/4120 4126/454/4126
f 4216/560/4216 4126/454/4126 4127/455/4127 4131/459/4131
f 4216/560/4216 4217/562/4217 5571/561/5570 4214/558/4214
f 4216/560/4216 4131/459/4131 4218/563/4218 4217/562/4217
f 4218/563/4218 4131/459/4131 4132/460/4132 5569/464/5569
f 4220/564/4220 4222/567/4222 4221/566/4221 4219/565/4219
f 4220/564/4220 4160/493/4160 4161/494/4161 4222/567/4222
f 4222/567/4222 4224/569/4224 4223/568/4223 4221/566/4221
f 4222/567/4222 4161/494/4161 4163/498/4163 4224/569/4224
f 4224/569/4224 4226/571/4226 4225/570/4225 4223/568/4223
f 4224/569/4224 4163/498/4163 4165/501/4165 4226/571/4226
f 4226/571/4226 4228/573/4228 4227/572/4227 4225/570/4225
f 4226/571/4226 4165/501/4165 4229/574/4229 4228/573/4228
f 4229/574/4229 4231/576/4231 4230/575/4230 4228/573/4228
f 4229/574/4229 4168/504/4168 4232/577/4232 4231/576/4231
f 4229/574/4229 4165/501/4165 4166/502/4166 4168/504/4168
f 4232/577/4232 4234/579/4234 4233/578/4233 4231/576/4231
f 4232/577/4232 4171/581/4171 4235/580/4235 4234/579/4234
f 4232/577/4232 4168/504/4168 4169/505/4169 4171/581/4171
f 4235/580/4235 4237/583/4237 4236/582/4236 4234/579/4234
f 4235/584/4235 4174/512/4174 4238/586/4238 4237/585/4237
f 4235/584/4235 4171/509/4171 4172/510/4172 4174/512/4174
f 4238/586/4238 4240/588/4240 4239/587/4239 4237/585/4237
f 4238/586/4238 4177/515/4177 4241/589/4241 4240/588/4240
f 4238/586/4238 4174/512/4174 4175/513/4175 4177/515/4177
f 4241/589/4241 4243/591/4243 4242/590/4242 4240/588/4240
f 4241/589/4241 4180/518/4180 4244/592/4244 4243/591/4243
f 4241/589/4241 4177/515/4177 4178/516/4178 4180/518/4180
f 4244/592/4244 4246/594/4246 4245/593/4245 4243/591/4243
f 4244/592/4244 4183/521/4183 4247/595/4247 4246/594/4246
f 4244/592/4244 4180/518/4180 4181/519/4181 4183/521/4183
f 4247/595/4247 3944/247/3944 3940/243/3940 4246/594/4246
f 4247/595/4247 4186/524/4186 4248/596/4248 3944/247/3944
f 4247/595/4247 4183/521/4183 4184/522/4184 4186/524/4186
f 4248/596/4248 4249/597/4249 3943/246/3943 3944/247/3944
f 4248/596/4248 4189/528/4189 4191/532/4191 4249/597/4249
f 4248/596/4248 4186/524/4186 4187/525/4187 4189/528/4189
f 4249/597/4249 4251/599/4251 4250/598/4250 3943/246/3943
f 4249/597/4249 4191/532/4191 4193/535/4193 4251/599/4251
f 4251/599/4251 4253/601/4253 4252/600/4252 4250/598/4250
f 4251/599/4251 4193/535/4193 4195/538/4195 4253/601/4253
f 4253/601/4253 4255/603/4255 4254/602/4254 4252/600/4252
f 4253/601/4253 4195/538/4195 4256/604/4256 4255/603/4255
f 4256/604/4256 4258/606/4258 4257/605/4257 4255/603/4255
f 4256/604/4256 4198/608/4198 4200/607/4200 4258/606/4258
f 4256/604/4256 4195/538/4195 4196/539/4196 4198/608/4198
f 4258/606/4258 4260/610/4260 4259/609/4259 4257/605/4257
f 4258/606/4258 4200/607/4200 4261/611/4261 4260/610/4260
f 4261/611/4261 4263/613/4263 4262/612/4262 4260/610/4260
f 4261/614/4261 4203/547/4203 4264/616/4264 4263/615/4263
f 4261/614/4261 4200/544/4200 4201/545/4201 4203/547/4203
f 4264/616/4264 4266/618/4266 4265/617/4265 4263/615/4263
f 4264/616/4264 4206/550/4206 4267/619/4267 4266/618/4266
f 4264/616/4264 4203/547/4203 4204/548/4204 4206/550/4206
f 4267/619/4267 4269/621/4269 4268/620/4268 4266/618/4266
f 4267/619/4267 4209/553/4209 4270/622/4270 4269/621/4269
f 4267/619/4267 4206/550/4206 4207/551/4207 4209/553/4209
f 4270/622/4270 5573/624/5572 5572/623/5571 4269/621/4269
f 4270/622/4270 4212/556/4212 4271/625/4271 5573/624/5572
f 4270/622/4270 4209/553/4209 4210/554/4210 4212/556/4212
f 4271/625/4271 4212/556/4212 4213/557/4213 5574/626/5573
f 5574/626/5573 4213/557/4213 4214/558/4214 5571/561/5570
f 4273/627/4273 4275/630/4275 4274/629/4274 4272/628/4272
f 4273/627/4273 4219/565/4219 4221/566/4221 4275/630/4275
f 4275/630/4275 4277/632/4277 4276/631/4276 4274/629/4274
f 4275/630/4275 4221/566/4221 4223/568/4223 4277/632/4277
f 4277/632/4277 4279/634/4279 4278/633/4278 4276/631/4276
f 4277/632/4277 4223/568/4223 4225/570/4225 4279/634/4279
f 4279/634/4279 4281/636/4281 4280/635/4280 4278/633/4278
f 4279/634/4279 4225/570/4225 4227/572/4227 4281/636/4281
f 4281/636/4281 4283/638/4283 4282/637/4282 4280/635/4280
f 4281/636/4281 4227/572/4227 4284/639/4284 4283/638/4283
f 4284/639/4284 4286/641/4286 4285/640/4285 4283/638/4283
f 4284/639/4284 4230/575/4230 4287/642/4287 4286/641/4286
f 4284/639/4284 4227/572/4227 4228/573/4228 4230/575/4230
f 4287/642/4287 4289/644/4289 4288/643/4288 4286/641/4286
f 4287/642/4287 4233/578/4233 4290/645/4290 4289/644/4289
f 4287/642/4287 4230/575/4230 4231/576/4231 4233/578/4233
f 4290/645/4290 4292/647/4292 4291/646/4291 4289/644/4289
f 4290/645/4290 4236/582/4236 4293/648/4293 4292/647/4292
f 4290/645/4290 4233/578/4233 4234/579/4234 4236/582/4236
f 4293/648/4293 4295/650/4295 4294/649/4294 4292/647/4292
f 4293/648/4293 4239/652/4239 4296/651/4296 4295/650/4295
f 4293/648/4293 4236/582/4236 4237/583/4237 4239/652/4239
f 4296/651/4296 4298/654/4298 4297/653/4297 4295/650/4295
f 4296/655/4296 4242/590/4242 4299/657/4299 4298/656/4298
f 4296/655/4296 4239/587/4239 4240/588/4240 4242/590/4242
f 4299/657/4299 4301/659/4301 4300/658/4300 4298/656/4298
f 4299/657/4299 4245/593/4245 3941/244/3941 4301/659/4301
f 4299/657/4299 4242/590/4242 4243/591/4243 4245/593/4245
f 4301/659/4301 4303/661/4303 4302/660/4302 4300/658/4300
f 4301/659/4301 3941/244/3941 3942/245/3942 4303/661/4303
f 4303/661/4303 4305/663/4305 4304/662/4304 4302/660/4302
f 4303/661/4303 3942/245/3942 3945/248/3945 4305/663/4305
f 4305/663/4305 3945/248/3945 4307/665/4307 4306/664/4306
f 4305/663/4305 4306/664/4306 4308/666/4308 4304/662/4304
f 4308/666/4308 4306/664/4306 4310/668/4310 4309/667/4309
f 4308/669/4308 4312/672/4312 4311/671/4311 4304/670/4304
f 4308/669/4308 4309/674/4309 4313/673/4313 4312/672/4312
f 4313/673/4313 4309/674/4309 4315/676/4315 4314/675/4314
f 4313/673/4313 4317/678/4317 4316/677/4316 4312/672/4312
f 4313/673/4313 4314/675/4314 4318/679/4318 4317/678/4317
f 4318/679/4318 4314/675/4314 4320/681/4320 4319/680/4319
f 4318/679/4318 4322/683/4322 4321/682/4321 4317/678/4317
f 4318/679/4318 4319/680/4319 5575/684/5574 4322/683/4322
f 5575/684/5574 4324/686/4324 4323/685/4323 4322/683/4322
f 4326/687/4326 4328/690/4328 4327/689/4327 5576/688/5575
f 4326/687/4326 4272/628/4272 4274/629/4274 4328/690/4328
f 4328/690/4328 4330/692/4330 4329/691/4329 4327/689/4327
f 4328/690/4328 4274/629/4274 4276/631/4276 4330/692/4330
f 4330/692/4330 4332/694/4332 4331/693/4331 4329/691/4329
f 4330/692/4330 4276/631/4276 4278/633/4278 4332/694/4332
f 4332/694/4332 4334/696/4334 4333/695/4333 4331/693/4331
f 4332/694/4332 4278/633/4278 4280/635/4280 4334/696/4334
f 4334/696/4334 4336/698/4336 4335/697/4335 4333/695/4333
f 4334/696/4334 4280/635/4280 4282/637/4282 4336/698/4336
f 4336/698/4336 4338/700/4338 4337/699/4337 4335/697/4335
f 4336/698/4336 4282/637/4282 4339/701/4339 4338/700/4338
f 4339/701/4339 4341/703/4341 4340/702/4340 4338/700/4338
f 4339/701/4339 4285/640/4285 4342/704/4342 4341/703/4341
f 4339/701/4339 4282/637/4282 4283/638/4283 4285/640/4285
f 4342/704/4342 4344/706/4344 4343/705/4343 4341/703/4341
f 4342/704/4342 4288/643/4288 4345/707/4345 4344/706/4344
f 4342/704/4342 4285/640/4285 4286/641/4286 4288/643/4288
f 4345/707/4345 3956/261/3956 3960/265/3960 4344/706/4344
f 4345/707/4345 4291/646/4291 3955/260/3955 3956/261/3956
f 4345/707/4345 4288/643/4288 4289/644/4289 4291/646/4291
f 4344/706/4344 3960/265/3960 4346/708/4346 4343/705/4343
f 4346/708/4346 4349/711/4349 4348/710/4348 4347/709/4347
f 4346/708/4346 3960/265/3960 3957/262/3957 4349/711/4349
f 4346/708/4346 4347/709/4347 4350/712/4350 4343/705/4343
f 4350/712/4350 4347/709/4347 4352/714/4352 4351/713/4351
f 4350/712/4350 4340/702/4340 4341/703/4341 4343/705/4343
f 4350/712/4350 4351/713/4351 4353/715/4353 4340/702/4340
f 4353/715/4353 4351/713/4351 4355/717/4355 4354/716/4354
f 4353/715/4353 4337/699/4337 4338/700/4338 4340/702/4340
f 4353/715/4353 4354/716/4354 4356/718/4356 4337/699/4337
f 4356/718/4356 4354/716/4354 4358/720/4358 4357/719/4357
f 4356/718/4356 4359/721/4359 4335/697/4335 4337/699/4337
f 4356/718/4356 4357/719/4357 4360/722/4360 4359/721/4359
f 4360/722/4360 4357/719/4357 4362/724/4362 4361/723/4361
f 4360/722/4360 4364/726/4364 4363/725/4363 4359/721/4359
f 4360/722/4360 4361/723/4361 4365/727/4365 4364/726/4364
f 4365/727/4365 4361/723/4361 4367/729/4367 4366/728/4366
f 4365/727/4365 4369/731/4369 4368/730/4368 4364/726/4364
f 4365/727/4365 4366/728/4366 4370/732/4370 4369/731/4369
f 4370/732/4370 4366/728/4366 4372/734/4372 4371/733/4371
f 4370/732/4370 4374/736/4374 4373/735/4373 4369/731/4369
f 4370/732/4370 4371/733/4371 4375/737/4375 4374/736/4374
f 4375/737/4375 4371/733/4371 4377/739/4377 4376/738/4376
f 4375/737/4375 4379/741/4379 4378/740/4378 4374/736/4374
f 4375/737/4375 4376/738/4376 4380/742/4380 4379/741/4379
f 4380/742/4380 4376/738/4376 4382/744/4382 4381/743/4381
f 4380/742/4380 4384/746/4384 4383/745/4383 4379/741/4379
f 4380/742/4380 4381/743/4381 4385/747/4385 4384/746/4384
f 4385/747/4385 4381/743/4381 4387/749/4387 4386/748/4386
f 4388/750/4388 4390/753/4390 4389/752/4389 5577/751/5576
f 4388/750/4388 4386/748/4386 4387/749/4387 4390/753/4390
f 4390/753/4390 4392/755/4392 4391/754/4391 4389/752/4389
f 4390/753/4390 4387/749/4387 4393/756/4393 4392/755/4392
f 4393/756/4393 4395/758/4395 4394/757/4394 4392/755/4392
f 4393/756/4393 4382/744/4382 4396/759/4396 4395/758/4395
f 4393/756/4393 4387/749/4387 4381/743/4381 4382/744/4382
f 4396/759/4396 4398/761/4398 4397/760/4397 4395/758/4395
f 4396/759/4396 4377/739/4377 4399/762/4399 4398/761/4398
f 4396/759/4396 4382/744/4382 4376/738/4376 4377/739/4377
f 4399/762/4399 4401/764/4401 4400/763/4400 4398/761/4398
f 4399/762/4399 4372/734/4372 4402/765/4402 4401/764/4401
f 4399/762/4399 4377/739/4377 4371/733/4371 4372/734/4372
f 4402/765/4402 4404/767/4404 4403/766/4403 4401/764/4401
f 4402/765/4402 4367/729/4367 4405/768/4405 4404/767/4404
f 4402/765/4402 4372/734/4372 4366/728/4366 4367/729/4367
f 4405/768/4405 4407/770/4407 4406/769/4406 4404/767/4404
f 4405/768/4405 4362/724/4362 4408/771/4408 4407/770/4407
f 4405/768/4405 4367/729/4367 4361/723/4361 4362/724/4362
f 4408/771/4408 4410/773/4410 4409/772/4409 4407/770/4407
f 4408/771/4408 4358/720/4358 4411/774/4411 4410/773/4410
f 4408/771/4408 4362/724/4362 4357/719/4357 4358/720/4358
f 4411/774/4411 4413/776/4413 4412/775/4412 4410/773/4410
f 4411/774/4411 4355/717/4355 4414/777/4414 4413/776/4413
f 4411/774/4411 4358/720/4358 4354/716/4354 4355/717/4355
f 4414/777/4414 4416/779/4416 4415/778/4415 4413/776/4413
f 4414/777/4414 4352/714/4352 4417/780/4417 4416/779/4416
f 4414/777/4414 4355/717/4355 4351/713/4351 4352/714/4352
f 4417/780/4417 4419/782/4419 4418/781/4418 4416/779/4416
f 4417/780/4417 4348/710/4348 4420/783/4420 4419/782/4419
f 4417/780/4417 4352/714/4352 4347/709/4347 4348/710/4348
f 4420/783/4420 4422/785/4422 4421/784/4421 4419/782/4419
f 4420/783/4420 4424/787/4424 4423/786/4423 4422/785/4422
f 4420/783/4420 4348/710/4348 4349/711/4349 4424/787/4424
f 4424/787/4424 3958/263/3958 4425/788/4425 4423/786/4423
f 4424/787/4424 4349/711/4349 3957/262/3957 3958/263/3958
f 4425/788/4425 4427/790/4427 4426/789/4426 4423/786/4423
f 4425/788/4425 4429/792/4429 4428/791/4428 4427/790/4427
f 4425/788/4425 3958/263/3958 3959/264/3959 4429/792/4429
f 4429/793/4429 4431/796/4431 4430/795/4430 4428/794/4428
f 4429/793/4429 3959/798/3959 4432/797/4432 4431/796/4431
f 4432/797/4432 4434/800/4434 4433/799/4433 4431/796/4431
f 4432/797/4432 4436/802/4436 4435/801/4435 4434/800/4434
f 4432/797/4432 3959/798/3959 3737/803/3737 4436/802/4436
f 4436/802/4436 4438/805/4438 4437/804/4437 4435/801/4435
f 4436/802/4436 3737/803/3737 3954/806/3954 4438/805/4438
f 4438/805/4438 4440/808/4440 4439/807/4439 4437/804/4437
f 4438/805/4438 3954/806/3954 4441/809/4441 4440/808/4440
f 4441/809/4441 4297/811/4297 4442/810/4442 4440/808/4440
f 4441/812/4441 4294/649/4294 4295/650/4295 4297/653/4297
f 4441/812/4441 3954/259/3954 3955/260/3955 4294/649/4294
f 4442/810/4442 4443/813/4443 4439/807/4439 4440/808/4440
f 4442/810/4442 4300/815/4300 4302/814/4302 4443/813/4443
f 4442/810/4442 4297/811/4297 4298/816/4298 4300/815/4300
f 4443/813/4443 4311/671/4311 4444/817/4444 4439/807/4439
f 4443/813/4443 4302/814/4302 4304/670/4304 4311/671/4311
f 4444/817/4444 4311/671/4311 4312/672/4312 4316/677/4316
f 4444/817/4444 4445/818/4445 4437/804/4437 4439/807/4439
f 4444/817/4444 4316/677/4316 4446/819/4446 4445/818/4445
f 4446/819/4446 4316/677/4316 4317/678/4317 4321/682/4321
f 4446/819/4446 4448/821/4448 4447/820/4447 4445/818/4445
f 4446/819/4446 4321/682/4321 4449/822/4449 4448/821/4448
f 4449/822/4449 4321/682/4321 4322/683/4322 4323/685/4323
f 4449/822/4449 4451/824/4451 4450/823/4450 4448/821/4448
f 4449/822/4449 4323/685/4323 4452/825/4452 4451/824/4451
f 4452/825/4452 4454/827/4454 4453/826/4453 4451/824/4451
f 4452/825/4452 4325/829/4325 4455/828/4455 4454/827/4454
f 4452/825/4452 4323/685/4323 4324/686/4324 4325/829/4325
f 4455/828/4455 4457/831/4457 4456/830/4456 4454/827/4454
f 4459/832/4459 4461/835/4461 4460/834/4460 5578/833/5577
f 4459/832/4459 5576/688/5575 4327/689/4327 4461/835/4461
f 4461/835/4461 4463/837/4463 4462/836/4462 4460/834/4460
f 4461/835/4461 4327/689/4327 4329/691/4329 4463/837/4463
f 4463/837/4463 4464/838/4464 4368/730/4368 4462/836/4462
f 4463/837/4463 4329/691/4329 4331/693/4331 4464/838/4464
f 4464/838/4464 4363/725/4363 4364/726/4364 4368/730/4368
f 4464/838/4464 4331/693/4331 4333/695/4333 4363/725/4363
f 4462/836/4462 4368/730/4368 4369/731/4369 4373/735/4373
f 4462/836/4462 4373/735/4373 4465/839/4465 4460/834/4460
f 4465/839/4465 4373/735/4373 4374/736/4374 4378/740/4378
f 4465/839/4465 5579/840/5578 5578/833/5577 4460/834/4460
f 4465/839/4465 4378/740/4378 4466/841/4466 5579/840/5578
f 4466/841/4466 4378/740/4378 4379/741/4379 4383/745/4383
f 4469/842/4469 4467/845/4467 4471/844/4471 4470/843/4470
f 4469/842/4469 4470/843/4470 4473/847/4473 4472/846/4472
f 4473/847/4473 4470/843/4470 4475/849/4475 4474/848/4474
f 4473/847/4473 4476/851/4476 5580/850/5579 4472/846/4472
f 4473/847/4473 4474/848/4474 4477/852/4477 4476/851/4476
f 4477/852/4477 4474/848/4474 4479/854/4479 4478/853/4478
f 4477/852/4477 4481/856/4481 4480/855/4480 4476/851/4476
f 4477/852/4477 4478/853/4478 4482/857/4482 4481/856/4481
f 4482/857/4482 4478/853/4478 4484/859/4484 4483/858/4483
f 4482/857/4482 4486/861/4486 4485/860/4485 4481/856/4481
f 4482/857/4482 4483/858/4483 4487/862/4487 4486/861/4486
f 4487/862/4487 4483/858/4483 4489/864/4489 4488/863/4488
f 4487/862/4487 4491/866/4491 4490/865/4490 4486/861/4486
f 4487/862/4487 4488/863/4488 4492/867/4492 4491/866/4491
f 4492/867/4492 4488/863/4488 4494/869/4494 4493/868/4493
f 4492/867/4492 4496/871/4496 4495/870/4495 4491/866/4491
f 4492/867/4492 4493/868/4493 4497/872/4497 4496/871/4496
f 4497/872/4497 4493/868/4493 4499/874/4499 4498/873/4498
f 4497/872/4497 4501/876/4501 4500/875/4500 4496/871/4496
f 4497/872/4497 4498/873/4498 4502/877/4502 4501/876/4501
f 4502/877/4502 4498/873/4498 4504/879/4504 4503/878/4503
f 4502/877/4502 4506/881/4506 4505/880/4505 4501/876/4501
f 4502/877/4502 4503/878/4503 4507/882/4507 4506/881/4506
f 4507/882/4507 4503/878/4503 4509/884/4509 4508/883/4508
f 4507/882/4507 3773/30/3773 3769/26/3769 4506/881/4506
f 4507/882/4507 4508/883/4508 4510/885/4510 3773/30/3773
f 4510/885/4510 4508/883/4508 4512/887/4512 4511/886/4511
f 4510/885/4510 4513/888/4513 3772/29/3772 3773/30/3773
f 4510/885/4510 4511/886/4511 4514/889/4514 4513/888/4513
f 4514/889/4514 4511/886/4511 4516/891/4516 4515/890/4515
f 4514/889/4514 4518/893/4518 4517/892/4517 4513/888/4513
f 4514/889/4514 4515/890/4515 4519/894/4519 4518/893/4518
f 4519/894/4519 4515/890/4515 4520/896/4520 5581/895/5580
f 4519/894/4519 4522/898/4522 4521/897/4521 4518/893/4518
f 4519/894/4519 5581/895/5580 5582/899/5581 4522/898/4522
f 5582/899/5581 5583/901/5582 4523/900/4523 4522/898/4522
f 5585/902/5584 4516/891/4516 4525/904/4525 5586/903/5585
f 5585/902/5584 4520/896/4520 4515/890/4515 4516/891/4516
f 4525/904/4525 4527/906/4527 4526/905/4526 5586/903/5585
f 4525/904/4525 4512/887/4512 4528/907/4528 4527/906/4527
f 4525/904/4525 4516/891/4516 4511/886/4511 4512/887/4512
f 4528/907/4528 4530/909/4530 4529/908/4529 4527/906/4527
f 4528/907/4528 4509/884/4509 4531/910/4531 4530/909/4530
f 4528/907/4528 4512/887/4512 4508/883/4508 4509/884/4509
f 4531/910/4531 4533/912/4533 4532/911/4532 4530/909/4530
f 4531/910/4531 4504/879/4504 4534/913/4534 4533/912/4533
f 4531/910/4531 4509/884/4509 4503/878/4503 4504/879/4504
f 4534/913/4534 4536/915/4536 4535/914/4535 4533/912/4533
f 4534/913/4534 4499/874/4499 4537/916/4537 4536/915/4536
f 4534/913/4534 4504/879/4504 4498/873/4498 4499/874/4499
f 4537/916/4537 4539/918/4539 4538/917/4538 4536/915/4536
f 4537/916/4537 4494/869/4494 4540/919/4540 4539/918/4539
f 4537/916/4537 4499/874/4499 4493/868/4493 4494/869/4494
f 4540/919/4540 4542/921/4542 4541/920/4541 4539/918/4539
f 4540/919/4540 4489/864/4489 4543/922/4543 4542/921/4542
f 4540/919/4540 4494/869/4494 4488/863/4488 4489/864/4489
f 4543/922/4543 4545/924/4545 4544/923/4544 4542/921/4542
f 4543/922/4543 4484/859/4484 4546/925/4546 4545/924/4545
f 4543/922/4543 4489/864/4489 4483/858/4483 4484/859/4484
f 4546/925/4546 4548/927/4548 4547/926/4547 4545/924/4545
f 4546/925/4546 4479/854/4479 4549/928/4549 4548/927/4548
f 4546/925/4546 4484/859/4484 4478/853/4478 4479/854/4479
f 4549/928/4549 4551/930/4551 4550/929/4550 4548/927/4548
f 4549/928/4549 4475/849/4475 4552/931/4552 4551/930/4551
f 4549/928/4549 4479/854/4479 4474/848/4474 4475/849/4475
f 4552/931/4552 4554/933/4554 4553/932/4553 4551/930/4551
f 4552/931/4552 4471/844/4471 4555/934/4555 4554/933/4554
f 4552/931/4552 4475/849/4475 4470/843/4470 4471/844/4471
f 4555/934/4555 4557/936/4557 4556/935/4556 4554/933/4554
f 4555/934/4555 4468/938/4468 4558/937/4558 4557/936/4557
f 4555/934/4555 4471/844/4471 4467/845/4467 4468/938/4468
f 4558/937/4558 4560/940/4560 4559/939/4559 4557/936/4557
f 5588/941/5587 5587/944/5586 4564/943/4564 4563/942/4563
f 5588/945/5587 4563/948/4563 4565/947/4565 4561/946/4561
f 4565/947/4565 4563/948/4563 4567/950/4567 4566/949/4566
f 4565/947/4565 4559/939/4559 4560/940/4560 4561/946/4561
f 4565/947/4565 4566/949/4566 4568/951/4568 4559/939/4559
f 4568/951/4568 4566/949/4566 4570/953/4570 4569/952/4569
f 4568/951/4568 4556/935/4556 4557/936/4557 4559/939/4559
f 4568/951/4568 4569/952/4569 4571/954/4571 4556/935/4556
f 4571/954/4571 4569/952/4569 4573/956/4573 4572/955/4572
f 4571/954/4571 4553/932/4553 4554/933/4554 4556/935/4556
f 4571/954/4571 4572/955/4572 4574/957/4574 4553/932/4553
f 4574/957/4574 4572/955/4572 4576/959/4576 4575/958/4575
f 4574/957/4574 4550/929/4550 4551/930/4551 4553/932/4553
f 4574/957/4574 4575/958/4575 4577/960/4577 4550/929/4550
f 4577/960/4577 4575/958/4575 4579/962/4579 4578/961/4578
f 4577/960/4577 4547/926/4547 4548/927/4548 4550/929/4550
f 4577/960/4577 4578/961/4578 4580/963/4580 4547/926/4547
f 4580/963/4580 4578/961/4578 4582/965/4582 4581/964/4581
f 4580/963/4580 4544/923/4544 4545/924/4545 4547/926/4547
f 4580/963/4580 4581/964/4581 4583/966/4583 4544/923/4544
f 4583/966/4583 4581/964/4581 4585/968/4585 4584/967/4584
f 4583/966/4583 4541/920/4541 4542/921/4542 4544/923/4544
f 4583/966/4583 4584/967/4584 4586/969/4586 4541/920/4541
f 4586/969/4586 4584/967/4584 4588/971/4588 4587/970/4587
f 4586/969/4586 4538/917/4538 4539/918/4539 4541/920/4541
f 4586/969/4586 4587/970/4587 4589/972/4589 4538/917/4538
f 4589/972/4589 4587/970/4587 4591/974/4591 4590/973/4590
f 4589/972/4589 4535/914/4535 4536/915/4536 4538/917/4538
f 4589/972/4589 4590/973/4590 4592/975/4592 4535/914/4535
f 4592/975/4592 4590/973/4590 4594/977/4594 4593/976/4593
f 4592/975/4592 4532/911/4532 4533/912/4533 4535/914/4535
f 4592/975/4592 4593/976/4593 4595/978/4595 4532/911/4532
f 4595/978/4595 4593/976/4593 4597/980/4597 4596/979/4596
f 4595/978/4595 4529/908/4529 4530/909/4530 4532/911/4532
f 4595/978/4595 4596/979/4596 5589/981/5588 4529/908/4529
f 5589/981/5588 4526/905/4526 4527/906/4527 4529/908/4529
f 4598/982/4598 4594/977/4594 4600/984/4600 4599/983/4599
f 4598/982/4598 4597/980/4597 4593/976/4593 4594/977/4594
f 4600/984/4600 4602/986/4602 4601/985/4601 4599/983/4599
f 4600/984/4600 4591/974/4591 4603/987/4603 4602/986/4602
f 4600/984/4600 4594/977/4594 4590/973/4590 4591/974/4591
f 4603/987/4603 4605/989/4605 4604/988/4604 4602/986/4602
f 4603/987/4603 4588/971/4588 4606/990/4606 4605/989/4605
f 4603/987/4603 4591/974/4591 4587/970/4587 4588/971/4588
f 4606/990/4606 4608/992/4608 4607/991/4607 4605/989/4605
f 4606/990/4606 4585/968/4585 4609/993/4609 4608/992/4608
f 4606/990/4606 4588/971/4588 4584/967/4584 4585/968/4585
f 4609/993/4609 4611/995/4611 4610/994/4610 4608/992/4608
f 4609/993/4609 4582/965/4582 4612/996/4612 4611/995/4611
f 4609/993/4609 4585/968/4585 4581/964/4581 4582/965/4582
f 4612/996/4612 4614/998/4614 4613/997/4613 4611/995/4611
f 4612/996/4612 4579/962/4579 4615/999/4615 4614/998/4614
f 4612/996/4612 4582/965/4582 4578/961/4578 4579/962/4579
f 4615/999/4615 4617/1001/4617 4616/1000/4616 4614/998/4614
f 4615/999/4615 4576/959/4576 4618/1002/4618 4617/1001/4617
f 4615/999/4615 4579/962/4579 4575/958/4575 4576/959/4576
f 4618/1002/4618 4620/1004/4620 4619/1003/4619 4617/1001/4617
f 4618/1002/4618 4573/956/4573 4621/1005/4621 4620/1004/4620
f 4618/1002/4618 4576/959/4576 4572/955/4572 4573/956/4573
f 4621/1005/4621 4623/1007/4623 4622/1006/4622 4620/1004/4620
f 4621/1005/4621 4570/953/4570 4624/1008/4624 4623/1007/4623
f 4621/1005/4621 4573/956/4573 4569/952/4569 4570/953/4570
f 4624/1009/4624 4626/1012/4626 4625/1011/4625 4623/1010/4623
f 4624/1009/4624 4567/1014/4567 4627/1013/4627 4626/1012/4626
f 4624/1008/4624 4570/953/4570 4566/949/4566 4567/950/4567
f 4627/1013/4627 3809/76/3809 3810/77/3810 4626/1012/4626
f 4627/1013/4627 4564/943/4564 3814/80/3814 3809/76/3809
f 4627/1013/4627 4567/1014/4567 4563/942/4563 4564/943/4564
f 4626/1012/4626 3810/77/3810 4628/1015/4628 4625/1011/4625
f 4628/1015/4628 4629/1016/4629 3798/59/3798 3799/60/3799
f 4628/1015/4628 3810/77/3810 3811/78/3811 4629/1016/4629
f 4628/1015/4628 3799/60/3799 4630/1017/4630 4625/1011/4625
f 4630/1017/4630 3799/60/3799 3800/61/3800 4631/1018/4631
f 4630/1017/4630 4622/1019/4622 4623/1010/4623 4625/1011/4625
f 4630/1017/4630 4631/1018/4631 4632/1020/4632 4622/1019/4622
f 4632/1020/4632 4631/1018/4631 4634/1022/4634 4633/1021/4633
f 4632/1023/4632 4619/1003/4619 4620/1004/4620 4622/1006/4622
f 4632/1023/4632 4633/1025/4633 4635/1024/4635 4619/1003/4619
f 4635/1024/4635 4633/1025/4633 3765/19/3765 3766/20/3766
f 4635/1024/4635 4616/1000/4616 4617/1001/4617 4619/1003/4619
f 4635/1024/4635 3766/20/3766 4636/1026/4636 4616/1000/4616
f 4636/1026/4636 3766/20/3766 3762/16/3762 4637/1027/4637
f 4636/1026/4636 4613/997/4613 4614/998/4614 4616/1000/4616
f 4636/1026/4636 4637/1027/4637 4638/1028/4638 4613/997/4613
f 4638/1028/4638 4637/1027/4637 4640/1030/4640 4639/1029/4639
f 4638/1028/4638 4610/994/4610 4611/995/4611 4613/997/4613
f 4638/1028/4638 4639/1029/4639 4641/1031/4641 4610/994/4610
f 4641/1031/4641 4639/1029/4639 4643/1033/4643 4642/1032/4642
f 4641/1031/4641 4607/991/4607 4608/992/4608 4610/994/4610
f 4641/1031/4641 4642/1032/4642 4644/1034/4644 4607/991/4607
f 4644/1034/4644 4642/1032/4642 5591/1036/5590 5590/1035/5589
f 4644/1034/4644 4604/988/4604 4605/989/4605 4607/991/4607
f 4644/1034/4644 5590/1035/5589 5592/1037/5591 4604/988/4604
f 5592/1037/5591 4601/985/4601 4602/986/4602 4604/988/4604
f 5593/1038/5592 4645/1041/4645 4648/1040/4648 4647/1039/4647
f 5593/1038/5592 4647/1039/4647 4650/1043/4650 4649/1042/4649
f 4650/1043/4650 4647/1039/4647 4652/1045/4652 4651/1044/4651
f 4650/1043/4650 4653/1047/4653 5594/1046/5593 4649/1042/4649
f 4650/1043/4650 4651/1044/4651 4654/1048/4654 4653/1047/4653
f 4654/1048/4654 4651/1044/4651 4656/1050/4656 4655/1049/4655
f 4654/1048/4654 3780/38/3780 4657/1051/4657 4653/1047/4653
f 4654/1048/4654 4655/1049/4655 3777/35/3777 3780/38/3780
f 4657/1051/4657 4524/1052/4524 5594/1046/5593 4653/1047/4653
f 4657/1051/4657 4658/1054/4658 5584/1053/5583 4524/1052/4524
f 4657/1051/4657 3780/38/3780 3778/36/3778 4658/1054/4658
f 4658/1054/4658 4523/900/4523 5583/901/5582 5584/1053/5583
f 4658/1054/4658 3778/36/3778 3779/37/3779 4523/900/4523
f 4656/1050/4656 4661/1057/4661 4660/1056/4660 4659/1055/4659
f 4656/1050/4656 4651/1044/4651 4652/1045/4652 4661/1057/4661
f 4656/1050/4656 4659/1055/4659 4662/1058/4662 4655/1049/4655
f 4662/1058/4662 4659/1055/4659 4664/1060/4664 4663/1059/4663
f 4662/1058/4662 3776/34/3776 3777/35/3777 4655/1049/4655
f 4662/1058/4662 4663/1059/4663 4665/1061/4665 3776/34/3776
f 4665/1061/4665 3774/31/3774 4517/892/4517 4666/1062/4666
f 4665/1061/4665 4663/1059/4663 3771/28/3771 3774/31/3774
f 4665/1061/4665 4666/1062/4666 3775/33/3775 3776/34/3776
f 4666/1062/4666 4517/892/4517 4518/893/4518 4521/897/4521
f 4666/1062/4666 4521/897/4521 3779/37/3779 3775/33/3775
f 4664/1060/4664 4667/1063/4667 4505/880/4505 3770/27/3770
f 4664/1060/4664 4659/1055/4659 4660/1056/4660 4667/1063/4667
f 4664/1060/4664 3770/27/3770 3771/28/3771 4663/1059/4663
f 4667/1063/4667 4500/875/4500 4501/876/4501 4505/880/4505
f 4667/1063/4667 4660/1056/4660 4668/1064/4668 4500/875/4500
f 4668/1064/4668 4495/870/4495 4496/871/4496 4500/875/4500
f 4668/1064/4668 4670/1066/4670 4669/1065/4669 4495/870/4495
f 4668/1064/4668 4660/1056/4660 4661/1057/4661 4670/1066/4670
f 4670/1066/4670 4672/1068/4672 4671/1067/4671 4669/1065/4669
f 4670/1066/4670 4661/1057/4661 4652/1045/4652 4672/1068/4672
f 4672/1068/4672 4648/1040/4648 4673/1069/4673 4671/1067/4671
f 4672/1068/4672 4652/1045/4652 4647/1039/4647 4648/1040/4648
f 4673/1069/4673 4675/1071/4675 4674/1070/4674 4671/1067/4671
f 4673/1069/4673 4646/1073/4646 5595/1072/5594 4675/1071/4675
f 4673/1069/4673 4648/1040/4648 4645/1041/4645 4646/1073/4646
f 5595/1072/5594 5596/1075/5595 4676/1074/4676 4675/1071/4675
f 4677/1076/4677 4643/1033/4643 4678/1078/4678 5597/1077/5596
f 4677/1076/4677 5591/1036/5590 4642/1032/4642 4643/1033/4643
f 4678/1078/4678 4679/1080/4679 5598/1079/5597 5597/1077/5596
f 4678/1078/4678 4640/1030/4640 3763/17/3763 4679/1080/4679
f 4678/1078/4678 4643/1033/4643 4639/1029/4639 4640/1030/4640
f 4679/1080/4679 4681/1082/4681 4680/1081/4680 5598/1079/5597
f 4679/1080/4679 3763/17/3763 3764/18/3764 4681/1082/4681
f 4681/1083/4681 3764/22/3764 3767/23/3767 4682/1084/4682
f 4681/1083/4681 4682/1084/4682 5599/1086/5598 4680/1085/4680
f 5599/1086/5598 4682/1084/4682 4684/1088/4684 4683/1087/4683
f 5600/1089/5599 4687/1092/4687 4686/1091/4686 4685/1090/4685
f 5600/1089/5599 4683/1087/4683 4684/1088/4684 4687/1092/4687
f 4687/1092/4687 4689/1094/4689 4688/1093/4688 4686/1091/4686
f 4687/1092/4687 4684/1088/4684 4690/1095/4690 4689/1094/4689
f 4690/1095/4690 4692/1097/4692 4691/1096/4691 4689/1094/4689
f 4690/1095/4690 3767/23/3767 3768/24/3768 4692/1097/4692
f 4690/1095/4690 4684/1088/4684 4682/1084/4682 3767/23/3767
f 4692/1097/4692 4694/1099/4694 4693/1098/4693 4691/1096/4691
f 4692/1097/4692 3768/24/3768 4695/1100/4695 4694/1099/4694
f 4695/1100/4695 4697/1102/4697 4696/1101/4696 4694/1099/4694
f 4695/1100/4695 4699/1104/4699 4698/1103/4698 4697/1102/4697
f 4695/1100/4695 3768/24/3768 3701/21/3701 4699/1104/4699
f 4699/1104/4699 4701/1106/4701 4700/1105/4700 4698/1103/4698
f 4699/1104/4699 3701/21/3701 3765/1107/3765 4701/1106/4701
f 4701/1106/4701 4634/1022/4634 3801/62/3801 4700/1105/4700
f 4701/1106/4701 3765/1107/3765 4633/1021/4633 4634/1022/4634
f 4700/1105/4700 4703/1109/4703 4702/1108/4702 4698/1103/4698
f 4700/1105/4700 3801/62/3801 3793/54/3793 4703/1109/4703
f 4703/1109/4703 4705/1111/4705 4704/1110/4704 4702/1108/4702
f 4703/1109/4703 3793/54/3793 3794/55/3794 4705/1111/4705
f 4705/1111/4705 4707/1113/4707 4706/1112/4706 4704/1110/4704
f 4705/1111/4705 3794/55/3794 4708/1114/4708 4707/1113/4707
f 4708/1114/4708 4710/1116/4710 4709/1115/4709 4707/1113/4707
f 4708/1114/4708 4712/1118/4712 4711/1117/4711 4710/1116/4710
f 4708/1114/4708 3794/55/3794 3795/56/3795 4712/1118/4712
f 4712/1118/4712 4714/1120/4714 4713/1119/4713 4711/1117/4711
f 4712/1118/4712 3795/56/3795 3796/57/3796 4714/1120/4714
f 4714/1120/4714 4716/1122/4716 4715/1121/4715 4713/1119/4713
f 4714/1120/4714 3796/57/3796 4717/1123/4717 4716/1122/4716
f 4717/1123/4717 3796/57/3796 3797/58/3797 4718/1124/4718
f 4717/1123/4717 4720/1126/4720 4719/1125/4719 4716/1122/4716
f 4717/1123/4717 4718/1124/4718 4721/1127/4721 4720/1126/4720
f 4721/1127/4721 4718/1124/4718 3787/47/3787 3788/48/3788
f 4721/1127/4721 4723/1129/4723 4722/1128/4722 4720/1126/4720
f 4721/1127/4721 3788/48/3788 4724/1130/4724 4723/1129/4723
f 4724/1130/4724 4726/1132/4726 4725/1131/4725 4723/1129/4723
f 4724/1130/4724 4728/1134/4728 4727/1133/4727 4726/1132/4726
f 4724/1130/4724 3788/48/3788 3789/49/3789 4728/1134/4728
f 4728/1134/4728 4730/1136/4730 4729/1135/4729 4727/1133/4727
f 4728/1134/4728 3789/49/3789 3790/50/3790 4730/1136/4730
f 4730/1136/4730 3812/81/3812 4391/754/4391 4729/1135/4729
f 4730/1136/4730 3790/50/3790 3811/78/3811 3812/81/3812
f 4729/1135/4729 4394/757/4394 4731/1137/4731 4727/1133/4727
f 4729/1135/4729 4391/754/4391 4392/755/4392 4394/757/4394
f 4731/1137/4731 4732/1138/4732 4726/1132/4726 4727/1133/4727
f 4731/1137/4731 4397/760/4397 4733/1139/4733 4732/1138/4732
f 4731/1137/4731 4394/757/4394 4395/758/4395 4397/760/4397
f 4733/1139/4733 4735/1141/4735 4734/1140/4734 4732/1138/4732
f 4733/1139/4733 4400/763/4400 4736/1142/4736 4735/1141/4735
f 4733/1139/4733 4397/760/4397 4398/761/4398 4400/763/4400
f 4736/1142/4736 4738/1144/4738 4737/1143/4737 4735/1141/4735
f 4736/1142/4736 4403/766/4403 4739/1145/4739 4738/1144/4738
f 4736/1142/4736 4400/763/4400 4401/764/4401 4403/766/4403
f 4739/1145/4739 4741/1147/4741 4740/1146/4740 4738/1144/4738
f 4739/1145/4739 4406/769/4406 4742/1148/4742 4741/1147/4741
f 4739/1145/4739 4403/766/4403 4404/767/4404 4406/769/4406
f 4742/1148/4742 4744/1150/4744 4743/1149/4743 4741/1147/4741
f 4742/1148/4742 4409/772/4409 4745/1151/4745 4744/1150/4744
f 4742/1148/4742 4406/769/4406 4407/770/4407 4409/772/4409
f 4745/1151/4745 4747/1153/4747 4746/1152/4746 4744/1150/4744
f 4745/1151/4745 4412/775/4412 4748/1154/4748 4747/1153/4747
f 4745/1151/4745 4409/772/4409 4410/773/4410 4412/775/4412
f 4748/1154/4748 4750/1156/4750 4749/1155/4749 4747/1153/4747
f 4748/1154/4748 4415/778/4415 4751/1157/4751 4750/1156/4750
f 4748/1154/4748 4412/775/4412 4413/776/4413 4415/778/4415
f 4751/1157/4751 4753/1159/4753 4752/1158/4752 4750/1156/4750
f 4751/1157/4751 4418/781/4418 4754/1160/4754 4753/1159/4753
f 4751/1157/4751 4415/778/4415 4416/779/4416 4418/781/4418
f 4754/1160/4754 4756/1162/4756 4755/1161/4755 4753/1159/4753
f 4754/1160/4754 4421/784/4421 4757/1163/4757 4756/1162/4756
f 4754/1160/4754 4418/781/4418 4419/782/4419 4421/784/4421
f 4757/1163/4757 4759/1165/4759 4758/1164/4758 4756/1162/4756
f 4757/1163/4757 4761/1167/4761 4760/1166/4760 4759/1165/4759
f 4757/1163/4757 4421/784/4421 4422/785/4422 4761/1167/4761
f 4761/1167/4761 4426/789/4426 4762/1168/4762 4760/1166/4760
f 4761/1167/4761 4422/785/4422 4423/786/4423 4426/789/4426
f 4762/1168/4762 4764/1170/4764 4763/1169/4763 4760/1166/4760
f 4762/1168/4762 4766/1172/4766 4765/1171/4765 4764/1170/4764
f 4762/1168/4762 4426/789/4426 4427/790/4427 4766/1172/4766
f 4766/1172/4766 4768/1174/4768 4767/1173/4767 4765/1171/4765
f 4766/1172/4766 4427/790/4427 4428/791/4428 4768/1174/4768
f 4768/1175/4768 4770/1178/4770 4769/1177/4769 4767/1176/4767
f 4768/1175/4768 4428/794/4428 4430/795/4430 4770/1178/4770
f 4770/1178/4770 3967/273/3967 3961/267/3961 4769/1177/4769
f 4770/1178/4770 4430/795/4430 4771/1179/4771 3967/273/3967
f 4771/1179/4771 4772/1180/4772 3966/272/3966 3967/273/3967
f 4771/1179/4771 4433/799/4433 4773/1181/4773 4772/1180/4772
f 4771/1179/4771 4430/795/4430 4431/796/4431 4433/799/4433
f 4773/1181/4773 4775/1183/4775 4450/823/4450 4774/1182/4774
f 4773/1181/4773 4433/799/4433 4434/800/4434 4775/1183/4775
f 4773/1181/4773 4774/1182/4774 4776/1184/4776 4772/1180/4772
f 4776/1184/4776 4777/1185/4777 3966/272/3966 4772/1180/4772
f 4776/1184/4776 4779/1187/4779 4778/1186/4778 4777/1185/4777
f 4776/1184/4776 4774/1182/4774 4453/826/4453 4779/1187/4779
f 4779/1187/4779 4456/830/4456 4780/1188/4780 4778/1186/4778
f 4779/1187/4779 4453/826/4453 4454/827/4454 4456/830/4456
f 4780/1188/4780 4782/1190/4782 4781/1189/4781 4778/1186/4778
f 4780/1188/4780 4458/1192/4458 4783/1191/4783 4782/1190/4782
f 4780/1188/4780 4456/830/4456 4457/831/4457 4458/1192/4458
f 4783/1191/4783 5601/1194/5600 4784/1193/4784 4782/1190/4782
f 4788/1195/4788 4790/1198/4790 4789/1197/4789 4787/1196/4787
f 4788/1195/4788 4685/1090/4685 4686/1091/4686 4790/1198/4790
f 4790/1198/4790 4792/1200/4792 4791/1199/4791 4789/1197/4789
f 4790/1198/4790 4686/1091/4686 4688/1093/4688 4792/1200/4792
f 4792/1200/4792 4794/1202/4794 4793/1201/4793 4791/1199/4791
f 4792/1200/4792 4688/1093/4688 4795/1203/4795 4794/1202/4794
f 4795/1203/4795 4797/1205/4797 4796/1204/4796 4794/1202/4794
f 4795/1203/4795 4691/1096/4691 4693/1098/4693 4797/1205/4797
f 4795/1203/4795 4688/1093/4688 4689/1094/4689 4691/1096/4691
f 4797/1205/4797 4799/1207/4799 4798/1206/4798 4796/1204/4796
f 4797/1205/4797 4693/1098/4693 4800/1208/4800 4799/1207/4799
f 4800/1208/4800 4802/1210/4802 4801/1209/4801 4799/1207/4799
f 4800/1208/4800 4696/1101/4696 4803/1211/4803 4802/1210/4802
f 4800/1208/4800 4693/1098/4693 4694/1099/4694 4696/1101/4696
f 4803/1211/4803 4805/1213/4805 4804/1212/4804 4802/1210/4802
f 4803/1211/4803 4807/1215/4807 4806/1214/4806 4805/1213/4805
f 4803/1211/4803 4696/1101/4696 4697/1102/4697 4807/1215/4807
f 4807/1215/4807 4702/1108/4702 4704/1110/4704 4806/1214/4806
f 4807/1215/4807 4697/1102/4697 4698/1103/4698 4702/1108/4702
f 4806/1214/4806 4809/1217/4809 4808/1216/4808 4805/1213/4805
f 4806/1214/4806 4704/1110/4704 4706/1112/4706 4809/1217/4809
f 4809/1217/4809 4811/1219/4811 4810/1218/4810 4808/1216/4808
f 4809/1217/4809 4706/1112/4706 4812/1220/4812 4811/1219/4811
f 4812/1220/4812 4814/1222/4814 4813/1221/4813 4811/1219/4811
f 4812/1220/4812 4709/1115/4709 4815/1223/4815 4814/1222/4814
f 4812/1220/4812 4706/1112/4706 4707/1113/4707 4709/1115/4709
f 4815/1223/4815 4816/1224/4816 3884/174/3884 4814/1222/4814
f 4815/1223/4815 4818/1226/4818 4817/1225/4817 4816/1224/4816
f 4815/1223/4815 4709/1115/4709 4710/1116/4710 4818/1226/4818
f 4818/1226/4818 4820/1228/4820 4819/1227/4819 4817/1225/4817
f 4818/1226/4818 4710/1116/4710 4711/1117/4711 4820/1228/4820
f 4820/1228/4820 4822/1230/4822 4821/1229/4821 4819/1227/4819
f 4820/1228/4820 4711/1117/4711 4713/1119/4713 4822/1230/4822
f 4822/1230/4822 4824/1232/4824 4823/1231/4823 4821/1229/4821
f 4822/1230/4822 4713/1119/4713 4715/1121/4715 4824/1232/4824
f 4824/1232/4824 4826/1234/4826 4825/1233/4825 4823/1231/4823
f 4824/1232/4824 4715/1121/4715 4827/1235/4827 4826/1234/4826
f 4827/1235/4827 4715/1121/4715 4716/1122/4716 4719/1125/4719
f 4827/1235/4827 3785/44/3785 3781/40/3781 4826/1234/4826
f 4827/1235/4827 4719/1125/4719 4828/1236/4828 3785/44/3785
f 4828/1236/4828 4719/1125/4719 4720/1126/4720 4722/1128/4722
f 4828/1236/4828 4829/1237/4829 3784/43/3784 3785/44/3785
f 4828/1236/4828 4722/1128/4722 4830/1238/4830 4829/1237/4829
f 4830/1238/4830 4832/1240/4832 4831/1239/4831 4829/1237/4829
f 4830/1238/4830 4725/1131/4725 4734/1140/4734 4832/1240/4832
f 4830/1238/4830 4722/1128/4722 4723/1129/4723 4725/1131/4725
f 4832/1240/4832 4737/1143/4737 4833/1241/4833 4831/1239/4831
f 4832/1240/4832 4734/1140/4734 4735/1141/4735 4737/1143/4737
f 4833/1241/4833 4834/1242/4834 3786/45/3786 4831/1239/4831
f 4833/1241/4833 4740/1146/4740 4835/1243/4835 4834/1242/4834
f 4833/1241/4833 4737/1143/4737 4738/1144/4738 4740/1146/4740
f 4835/1243/4835 4837/1245/4837 4836/1244/4836 4834/1242/4834
f 4835/1243/4835 4743/1149/4743 4838/1246/4838 4837/1245/4837
f 4835/1243/4835 4740/1146/4740 4741/1147/4741 4743/1149/4743
f 4838/1246/4838 4840/1248/4840 4839/1247/4839 4837/1245/4837
f 4838/1246/4838 4746/1152/4746 4841/1249/4841 4840/1248/4840
f 4838/1246/4838 4743/1149/4743 4744/1150/4744 4746/1152/4746
f 4841/1249/4841 4843/1251/4843 4842/1250/4842 4840/1248/4840
f 4841/1249/4841 4749/1155/4749 4844/1252/4844 4843/1251/4843
f 4841/1249/4841 4746/1152/4746 4747/1153/4747 4749/1155/4749
f 4844/1252/4844 4846/1254/4846 4845/1253/4845 4843/1251/4843
f 4844/1252/4844 4752/1158/4752 4847/1255/4847 4846/1254/4846
f 4844/1252/4844 4749/1155/4749 4750/1156/4750 4752/1158/4752
f 4847/1255/4847 4849/1257/4849 4848/1256/4848 4846/1254/4846
f 4847/1255/4847 4755/1161/4755 4850/1258/4850 4849/1257/4849
f 4847/1255/4847 4752/1158/4752 4753/1159/4753 4755/1161/4755
f 4850/1258/4850 4852/1260/4852 4851/1259/4851 4849/1257/4849
f 4850/1258/4850 4758/1164/4758 4853/1261/4853 4852/1260/4852
f 4850/1258/4850 4755/1161/4755 4756/1162/4756 4758/1164/4758
f 4853/1261/4853 4855/1263/4855 4854/1262/4854 4852/1260/4852
f 4853/1261/4853 4857/1265/4857 4856/1264/4856 4855/1263/4855
f 4853/1261/4853 4758/1164/4758 4759/1165/4759 4857/1265/4857
f 4857/1265/4857 4763/1169/4763 4858/1266/4858 4856/1264/4856
f 4857/1265/4857 4759/1165/4759 4760/1166/4760 4763/1169/4763
f 4858/1266/4858 4860/1268/4860 4859/1267/4859 4856/1264/4856
f 4858/1266/4858 4862/1270/4862 4861/1269/4861 4860/1268/4860
f 4858/1266/4858 4763/1169/4763 4764/1170/4764 4862/1270/4862
f 4862/1270/4862 4864/1272/4864 4863/1271/4863 4861/1269/4861
f 4862/1270/4862 4764/1170/4764 4765/1171/4765 4864/1272/4864
f 4864/1272/4864 4866/1274/4866 4865/1273/4865 4863/1271/4863
f 4864/1272/4864 4765/1171/4765 4767/1173/4767 4866/1274/4866
f 4866/1275/4866 4868/1278/4868 4867/1277/4867 4865/1276/4865
f 4866/1275/4866 4767/1176/4767 4769/1177/4769 4868/1278/4868
f 4868/1278/4868 3962/268/3962 4869/1279/4869 4867/1277/4867
f 4868/1278/4868 4769/1177/4769 3961/267/3961 3962/268/3962
f 4869/1279/4869 4871/1281/4871 4870/1280/4870 4867/1277/4867
f 4869/1279/4869 4873/1283/4873 4872/1282/4872 4871/1281/4871
f 4869/1279/4869 3962/268/3962 3963/269/3963 4873/1283/4873
f 4873/1283/4873 4875/1285/4875 4874/1284/4874 4872/1282/4872
f 4873/1283/4873 3963/269/3963 3964/270/3964 4875/1285/4875
f 4875/1285/4875 4877/1287/4877 4876/1286/4876 4874/1284/4874
f 4875/1285/4875 3964/270/3964 4878/1288/4878 4877/1287/4877
f 4878/1288/4878 4880/1290/4880 4879/1289/4879 4877/1287/4877
f 4878/1288/4878 4882/1292/4882 4881/1291/4881 4880/1290/4880
f 4878/1288/4878 3964/270/3964 3965/271/3965 4882/1292/4882
f 4882/1292/4882 4884/1294/4884 4883/1293/4883 4881/1291/4881
f 4882/1292/4882 3965/271/3965 4885/1295/4885 4884/1294/4884
f 4885/1295/4885 4887/1297/4887 4886/1296/4886 4884/1294/4884
f 4885/1295/4885 4888/1298/4888 4781/1189/4781 4887/1297/4887
f 4885/1295/4885 3965/271/3965 3738/266/3738 4888/1298/4888
f 4888/1298/4888 4777/1185/4777 4778/1186/4778 4781/1189/4781
f 4888/1298/4888 3738/266/3738 3966/272/3966 4777/1185/4777
f 4887/1297/4887 4784/1193/4784 4889/1299/4889 4886/1296/4886
f 4887/1297/4887 4781/1189/4781 4782/1190/4782 4784/1193/4784
f 4889/1299/4889 4891/1301/4891 4890/1300/4890 4886/1296/4886
f 4889/1299/4889 4785/1303/4785 4786/1302/4786 4891/1301/4891
f 4889/1299/4889 4784/1193/4784 5601/1194/5600 4785/1303/4785
f 4891/1301/4891 4893/1305/4893 4892/1304/4892 4890/1300/4890
f 4891/1301/4891 4786/1302/4786 4894/1306/4894 4893/1305/4893
f 4894/1306/4894 4896/1308/4896 4895/1307/4895 4893/1305/4893
f 4898/1309/4898 4897/1312/4897 4900/1311/4900 4899/1310/4899
f 4898/1309/4898 4899/1310/4899 4902/1314/4902 4901/1313/4901
f 4902/1314/4902 4899/1310/4899 4904/1316/4904 4903/1315/4903
f 4902/1314/4902 4905/1318/4905 5602/1317/5601 4901/1313/4901
f 4902/1314/4902 4903/1315/4903 4906/1319/4906 4905/1318/4905
f 4906/1319/4906 4903/1315/4903 4908/1321/4908 4907/1320/4907
f 4906/1319/4906 4909/1322/4909 4895/1307/4895 4905/1318/4905
f 4906/1319/4906 4907/1320/4907 4910/1323/4910 4909/1322/4909
f 4910/1323/4910 4907/1320/4907 4912/1325/4912 4911/1324/4911
f 4910/1323/4910 4913/1326/4913 4892/1304/4892 4909/1322/4909
f 4910/1323/4910 4911/1324/4911 4914/1327/4914 4913/1326/4913
f 4914/1327/4914 4911/1324/4911 3948/252/3948 4915/1328/4915
f 4914/1327/4914 4881/1291/4881 4883/1293/4883 4913/1326/4913
f 4914/1327/4914 4915/1328/4915 4880/1290/4880 4881/1291/4881
f 4915/1328/4915 3948/252/3948 3949/253/3949 4916/1329/4916
f 4915/1328/4915 4916/1329/4916 4879/1289/4879 4880/1290/4880
f 4916/1329/4916 3949/253/3949 3953/257/3953 4917/1330/4917
f 4916/1329/4916 4917/1330/4917 4918/1331/4918 4879/1289/4879
f 4918/1331/4918 4917/1330/4917 4920/1333/4920 4919/1332/4919
f 4918/1331/4918 4876/1286/4876 4877/1287/4877 4879/1289/4879
f 4918/1331/4918 4919/1332/4919 4921/1334/4921 4876/1286/4876
f 4921/1335/4921 4924/1338/4924 4923/1337/4923 4922/1336/4922
f 4921/1335/4921 4919/1340/4919 4925/1339/4925 4924/1338/4924
f 4921/1334/4921 4922/1341/4922 4874/1284/4874 4876/1286/4876
f 4925/1339/4925 4927/1343/4927 4926/1342/4926 4924/1338/4924
f 4925/1339/4925 4929/1345/4929 4928/1344/4928 4927/1343/4927
f 4925/1339/4925 4919/1340/4919 4920/1346/4920 4929/1345/4929
f 4929/1347/4929 4931/1350/4931 4930/1349/4930 4928/1348/4928
f 4929/1347/4929 4920/1352/4920 4932/1351/4932 4931/1350/4931
f 4932/1351/4932 4934/1354/4934 4933/1353/4933 4931/1350/4931
f 4932/1355/4932 3953/257/3953 3950/254/3950 4934/1356/4934
f 4932/1355/4932 4920/1333/4920 4917/1330/4917 3953/257/3953
f 4934/1354/4934 4936/1358/4936 4935/1357/4935 4933/1353/4933
f 4934/1356/4934 3950/254/3950 3951/255/3951 4936/1359/4936
f 4936/1358/4936 4938/1361/4938 4937/1360/4937 4935/1357/4935
f 4936/1359/4936 3951/255/3951 4939/1363/4939 4938/1362/4938
f 4939/1363/4939 4942/1366/4942 4941/1365/4941 4940/1364/4940
f 4939/1363/4939 3951/255/3951 3952/256/3952 4942/1366/4942
f 4939/1363/4939 4940/1364/4940 4943/1367/4943 4938/1362/4938
f 4943/1368/4943 4944/1369/4944 4937/1360/4937 4938/1361/4938
f 4943/1368/4943 4946/1371/4946 4945/1370/4945 4944/1369/4944
f 4943/1367/4943 4940/1364/4940 4947/1373/4947 4946/1372/4946
f 4947/1374/4947 3936/238/3936 4948/1376/4948 4946/1375/4946
f 4947/1374/4947 4949/1377/4949 3935/237/3935 3936/238/3936
f 4947/1373/4947 4940/1364/4940 4941/1365/4941 4949/1378/4949
f 4949/1377/4949 4950/1379/4950 3934/236/3934 3935/237/3935
f 4949/1378/4949 4941/1365/4941 4951/1381/4951 4950/1380/4950
f 4951/1381/4951 4953/1383/4953 4952/1382/4952 4950/1380/4950
f 4951/1381/4951 4955/1385/4955 4954/1384/4954 4953/1383/4953
f 4951/1381/4951 4941/1365/4941 4942/1366/4942 4955/1385/4955
f 4955/1385/4955 4957/1387/4957 4956/1386/4956 4954/1384/4954
f 4955/1385/4955 4942/1366/4942 3952/256/3952 4957/1387/4957
f 4957/1387/4957 4959/1389/4959 4958/1388/4958 4956/1386/4956
f 4957/1387/4957 3952/256/3952 3736/250/3736 4959/1389/4959
f 4959/1389/4959 4961/1391/4961 4960/1390/4960 4958/1388/4958
f 4959/1389/4959 3736/250/3736 3947/251/3947 4961/1391/4961
f 4961/1391/4961 4963/1393/4963 4962/1392/4962 4960/1390/4960
f 4961/1391/4961 3947/251/3947 4912/1325/4912 4963/1393/4963
f 4963/1393/4963 4908/1321/4908 4964/1394/4964 4962/1392/4962
f 4963/1393/4963 4912/1325/4912 4907/1320/4907 4908/1321/4908
f 4964/1394/4964 4966/1396/4966 4965/1395/4965 4962/1392/4962
f 4964/1394/4964 4904/1316/4904 4967/1397/4967 4966/1396/4966
f 4964/1394/4964 4908/1321/4908 4903/1315/4903 4904/1316/4904
f 4967/1397/4967 4969/1399/4969 4968/1398/4968 4966/1396/4966
f 4967/1397/4967 4900/1311/4900 4970/1400/4970 4969/1399/4969
f 4967/1397/4967 4904/1316/4904 4899/1310/4899 4900/1311/4900
f 4970/1400/4970 4971/1401/4971 3902/196/3902 4969/1399/4969
f 4970/1400/4970 5604/1403/5603 5603/1402/5602 4971/1401/4971
f 4970/1400/4970 4900/1311/4900 4897/1312/4897 5604/1403/5603
f 5603/1402/5602 5605/1405/5604 4972/1404/4972 4971/1401/4971
f 4974/1406/4974 4977/1409/4977 4976/1408/4976 4973/1407/4973
f 4974/1406/4974 4975/1411/4975 4978/1410/4978 4977/1409/4977
f 4978/1410/4978 4980/1413/4980 4979/1412/4979 4977/1409/4977
f 4978/1410/4978 4982/1415/4982 4981/1414/4981 4980/1413/4980
f 4978/1410/4978 4975/1411/4975 4983/1416/4983 4982/1415/4982
f 4983/1416/4983 5606/1418/5605 4984/1417/4984 4982/1415/4982
f 4986/1419/4986 4988/1422/4988 4987/1421/4987 4985/1420/4985
f 4986/1419/4986 4787/1424/4787 4789/1423/4789 4988/1422/4988
f 4988/1422/4988 4990/1426/4990 4989/1425/4989 4987/1421/4987
f 4988/1422/4988 4789/1423/4789 4791/1427/4791 4990/1426/4990
f 4990/1426/4990 4992/1429/4992 4991/1428/4991 4989/1425/4989
f 4990/1426/4990 4791/1427/4791 4793/1430/4793 4992/1429/4992
f 4992/1429/4992 4994/1432/4994 4993/1431/4993 4991/1428/4991
f 4992/1429/4992 4793/1430/4793 4995/1433/4995 4994/1432/4994
f 4995/1433/4995 4997/1435/4997 4996/1434/4996 4994/1432/4994
f 4995/1436/4995 4796/1204/4796 4798/1206/4798 4997/1437/4997
f 4995/1436/4995 4793/1201/4793 4794/1202/4794 4796/1204/4796
f 4997/1435/4997 3804/72/3804 3808/73/3808 4996/1434/4996
f 4997/1437/4997 4798/1206/4798 3803/65/3803 3804/66/3804
f 4996/1434/4996 3808/73/3808 4999/1439/4999 4998/1438/4998
f 4996/1434/4996 4998/1438/4998 4993/1431/4993 4994/1432/4994
f 4999/1439/4999 5002/1442/5002 5001/1441/5001 5000/1440/5000
f 4999/1439/4999 3808/73/3808 3805/74/3805 5002/1442/5002
f 4999/1439/4999 5000/1440/5000 5003/1443/5003 4998/1438/4998
f 5003/1443/5003 5000/1440/5000 5005/1445/5005 5004/1444/5004
f 5003/1443/5003 5006/1446/5006 4993/1431/4993 4998/1438/4998
f 5003/1443/5003 5004/1444/5004 5007/1447/5007 5006/1446/5006
f 5007/1447/5007 5004/1444/5004 5009/1449/5009 5008/1448/5008
f 5007/1447/5007 5011/1451/5011 5010/1450/5010 5006/1446/5006
f 5007/1447/5007 5008/1448/5008 5012/1452/5012 5011/1451/5011
f 5012/1452/5012 5008/1448/5008 5014/1454/5014 5013/1453/5013
f 5012/1452/5012 5016/1456/5016 5015/1455/5015 5011/1451/5011
f 5012/1452/5012 5013/1453/5013 5017/1457/5017 5016/1456/5016
f 5017/1457/5017 5013/1453/5013 5019/1459/5019 5018/1458/5018
f 5017/1457/5017 5021/1461/5021 5020/1460/5020 5016/1456/5016
f 5017/1457/5017 5018/1458/5018 4984/1417/4984 5021/1461/5021
f 5021/1461/5021 5607/1463/5606 5022/1462/5022 5020/1460/5020
f 5021/1461/5021 4984/1417/4984 5606/1418/5605 5607/1463/5606
f 5609/1464/5608 5024/1467/5024 5023/1466/5023 5608/1465/5607
f 5609/1464/5608 4985/1420/4985 4987/1421/4987 5024/1467/5024
f 5024/1467/5024 5025/1468/5025 5015/1455/5015 5023/1466/5023
f 5024/1467/5024 4987/1421/4987 4989/1425/4989 5025/1468/5025
f 5025/1468/5025 5010/1450/5010 5011/1451/5011 5015/1455/5015
f 5025/1468/5025 4989/1425/4989 4991/1428/4991 5010/1450/5010
f 5023/1466/5023 5015/1455/5015 5016/1456/5016 5020/1460/5020
f 5023/1466/5023 5020/1460/5020 5022/1462/5022 5608/1465/5607
f 5019/1459/5019 5028/1471/5028 5027/1470/5027 5026/1469/5026
f 5019/1459/5019 5013/1453/5013 5014/1454/5014 5028/1471/5028
f 5019/1459/5019 5026/1469/5026 4981/1414/4981 5018/1458/5018
f 5028/1471/5028 5030/1473/5030 5029/1472/5029 5027/1470/5027
f 5028/1471/5028 5014/1454/5014 5031/1474/5031 5030/1473/5030
f 5031/1474/5031 5033/1476/5033 5032/1475/5032 5030/1473/5030
f 5031/1474/5031 5009/1449/5009 5034/1477/5034 5033/1476/5033
f 5031/1474/5031 5014/1454/5014 5008/1448/5008 5009/1449/5009
f 5034/1477/5034 5036/1479/5036 5035/1478/5035 5033/1476/5033
f 5034/1477/5034 5005/1445/5005 5037/1480/5037 5036/1479/5036
f 5034/1477/5034 5009/1449/5009 5004/1444/5004 5005/1445/5005
f 5037/1481/5037 5039/1484/5039 5038/1483/5038 5036/1482/5036
f 5037/1481/5037 5001/1486/5001 5040/1485/5040 5039/1484/5039
f 5037/1480/5037 5005/1445/5005 5000/1440/5000 5001/1441/5001
f 5040/1485/5040 5042/1488/5042 5041/1487/5041 5039/1484/5039
f 5040/1485/5040 5044/1490/5044 5043/1489/5043 5042/1488/5042
f 5040/1485/5040 5001/1486/5001 5002/1491/5002 5044/1490/5044
f 5044/1490/5044 3806/69/3806 5045/1492/5045 5043/1489/5043
f 5044/1490/5044 5002/1491/5002 3805/68/3805 3806/69/3806
f 5045/1492/5045 5047/1494/5047 5046/1493/5046 5043/1489/5043
f 5045/1492/5045 5049/1496/5049 5048/1495/5048 5047/1494/5047
f 5045/1492/5045 3806/69/3806 3807/70/3807 5049/1496/5049
f 5049/1497/5049 5051/1500/5051 5050/1499/5050 5048/1498/5048
f 5049/1497/5049 3807/1502/3807 5052/1501/5052 5051/1500/5051
f 5052/1501/5052 5054/1504/5054 5053/1503/5053 5051/1500/5051
f 5052/1501/5052 5056/1506/5056 5055/1505/5055 5054/1504/5054
f 5052/1501/5052 3807/1502/3807 3707/1507/3707 5056/1506/5056
f 5056/1508/5056 5058/1511/5058 5057/1510/5057 5055/1509/5055
f 5056/1508/5056 3707/63/3707 3802/64/3802 5058/1511/5058
f 5058/1511/5058 5060/1513/5060 5059/1512/5059 5057/1510/5057
f 5058/1511/5058 3802/64/3802 5061/1514/5061 5060/1513/5060
f 5061/1514/5061 3802/64/3802 3803/65/3803 4801/1209/4801
f 5061/1514/5061 4804/1212/4804 5062/1515/5062 5060/1513/5060
f 5061/1514/5061 4801/1209/4801 4802/1210/4802 4804/1212/4804
f 5062/1515/5062 5063/1516/5063 5059/1512/5059 5060/1513/5060
f 5062/1515/5062 4808/1216/4808 4810/1218/4810 5063/1516/5063
f 5062/1515/5062 4804/1212/4804 4805/1213/4805 4808/1216/4808
f 5063/1516/5063 5065/1518/5065 5064/1517/5064 5059/1512/5059
f 5063/1516/5063 4810/1218/4810 5066/1519/5066 5065/1518/5065
f 5066/1519/5066 3886/176/3886 5067/1520/5067 5065/1518/5065
f 5066/1519/5066 4813/1221/4813 3885/175/3885 3886/176/3886
f 5066/1519/5066 4810/1218/4810 4811/1219/4811 4813/1221/4813
f 5067/1520/5067 5068/1521/5068 5064/1517/5064 5065/1518/5065
f 5067/1520/5067 5070/1523/5070 5069/1522/5069 5068/1521/5068
f 5067/1520/5067 3886/176/3886 3887/177/3887 5070/1523/5070
f 5070/1524/5070 5072/1527/5072 5071/1526/5071 5069/1525/5069
f 5070/1524/5070 3887/179/3887 3888/180/3888 5072/1527/5072
f 5072/1527/5072 5074/1529/5074 5073/1528/5073 5071/1526/5071
f 5072/1527/5072 3888/180/3888 5075/1530/5075 5074/1529/5074
f 5075/1530/5075 5077/1532/5077 5076/1531/5076 5074/1529/5074
f 5075/1530/5075 5079/1534/5079 5078/1533/5078 5077/1532/5077
f 5075/1530/5075 3888/180/3888 3889/181/3889 5079/1534/5079
f 5079/1534/5079 5081/1536/5081 5080/1535/5080 5078/1533/5078
f 5079/1534/5079 3889/181/3889 3890/182/3890 5081/1536/5081
f 5081/1536/5081 5083/1538/5083 5082/1537/5082 5080/1535/5080
f 5081/1536/5081 3890/182/3890 5084/1539/5084 5083/1538/5083
f 5084/1539/5084 3890/182/3890 3891/183/3891 5085/1540/5085
f 5084/1539/5084 4953/1383/4953 4954/1384/4954 5083/1538/5083
f 5084/1539/5084 5085/1540/5085 4952/1382/4952 4953/1383/4953
f 5085/1541/5085 3891/184/3891 3892/185/3892 5086/1542/5086
f 5085/1541/5085 5086/1542/5086 5087/1544/5087 4952/1543/4952
f 5087/1544/5087 5086/1542/5086 5089/1546/5089 5088/1545/5088
f 5087/1544/5087 3934/236/3934 4950/1379/4950 4952/1543/4952
f 5087/1544/5087 5088/1545/5088 3933/235/3933 3934/236/3934
f 5089/1546/5089 5086/1542/5086 3892/185/3892 5090/1547/5090
f 5089/1546/5089 5092/1549/5092 5091/1548/5091 5088/1545/5088
f 5089/1546/5089 5090/1547/5090 5093/1550/5093 5092/1549/5092
f 5093/1550/5093 5090/1547/5090 5095/1552/5095 5094/1551/5094
f 5093/1550/5093 5097/1554/5097 5096/1553/5096 5092/1549/5092
f 5093/1550/5093 5094/1551/5094 5098/1555/5098 5097/1554/5097
f 5098/1555/5098 5094/1551/5094 4817/1225/4817 4819/1227/4819
f 5098/1555/5098 5100/1557/5100 5099/1556/5099 5097/1554/5097
f 5098/1555/5098 4819/1227/4819 4821/1229/4821 5100/1557/5100
f 5100/1557/5100 5102/1559/5102 5101/1558/5101 5099/1556/5099
f 5100/1557/5100 4821/1229/4821 4823/1231/4823 5102/1559/5102
f 5102/1559/5102 5104/1561/5104 5103/1560/5103 5101/1558/5101
f 5102/1559/5102 4823/1231/4823 4825/1233/4825 5104/1561/5104
f 5104/1561/5104 5105/1562/5105 4839/1247/4839 5103/1560/5103
f 5104/1561/5104 4825/1233/4825 3782/41/3782 5105/1562/5105
f 5105/1562/5105 4836/1244/4836 4837/1245/4837 4839/1247/4839
f 5105/1562/5105 3782/41/3782 3783/42/3783 4836/1244/4836
f 5103/1560/5103 4842/1250/4842 5106/1563/5106 5101/1558/5101
f 5103/1560/5103 4839/1247/4839 4840/1248/4840 4842/1250/4842
f 5106/1563/5106 5107/1564/5107 5099/1556/5099 5101/1558/5101
f 5106/1563/5106 4845/1253/4845 5108/1565/5108 5107/1564/5107
f 5106/1563/5106 4842/1250/4842 4843/1251/4843 4845/1253/4845
f 5108/1565/5108 5109/1566/5109 5096/1553/5096 5107/1564/5107
f 5108/1565/5108 4848/1256/4848 5110/1567/5110 5109/1566/5109
f 5108/1565/5108 4845/1253/4845 4846/1254/4846 4848/1256/4848
f 5110/1567/5110 3939/241/3939 5091/1548/5091 5109/1566/5109
f 5110/1567/5110 4851/1259/4851 3938/240/3938 3939/241/3939
f 5110/1567/5110 4848/1256/4848 4849/1257/4849 4851/1259/4851
f 5109/1566/5109 5091/1548/5091 5092/1549/5092 5096/1553/5096
f 5107/1564/5107 5096/1553/5096 5097/1554/5097 5099/1556/5099
f 5095/1552/5095 3883/173/3883 3884/174/3884 4816/1224/4816
f 5095/1552/5095 5090/1547/5090 3892/185/3892 3883/173/3883
f 5095/1552/5095 4816/1224/4816 4817/1225/4817 5094/1551/5094
f 5091/1548/5091 3939/241/3939 3933/235/3933 5088/1545/5088
f 5083/1538/5083 4954/1384/4954 4956/1386/4956 5082/1537/5082
f 5082/1537/5082 5112/1569/5112 5111/1568/5111 5080/1535/5080
f 5082/1537/5082 4956/1386/4956 4958/1388/4958 5112/1569/5112
f 5112/1569/5112 5114/1571/5114 5113/1570/5113 5111/1568/5111
f 5112/1569/5112 4958/1388/4958 4960/1390/4960 5114/1571/5114
f 5114/1571/5114 4965/1395/4965 5115/1572/5115 5113/1570/5113
f 5114/1571/5114 4960/1390/4960 4962/1392/4962 4965/1395/4965
f 5115/1572/5115 3901/195/3901 5116/1573/5116 5113/1570/5113
f 5115/1572/5115 4968/1398/4968 3900/194/3900 3901/195/3901
f 5115/1572/5115 4965/1395/4965 4966/1396/4966 4968/1398/4968
f 5116/1573/5116 5119/1576/5119 5118/1575/5118 5117/1574/5117
f 5116/1573/5116 3901/195/3901 3898/192/3898 5119/1576/5119
f 5116/1573/5116 5117/1574/5117 5111/1568/5111 5113/1570/5113
f 5119/1576/5119 5121/1578/5121 5120/1577/5120 5118/1575/5118
f 5119/1576/5119 3898/192/3898 3899/193/3899 5121/1578/5121
f 5121/1578/5121 5123/1580/5123 5122/1579/5122 5120/1577/5120
f 5121/1578/5121 3899/193/3899 5124/1581/5124 5123/1580/5123
f 5124/1581/5124 5126/1583/5126 5125/1582/5125 5123/1580/5123
f 5124/1581/5124 5128/1585/5128 5127/1584/5127 5126/1583/5126
f 5124/1581/5124 3899/193/3899 3893/187/3893 5128/1585/5128
f 5128/1585/5128 5130/1587/5130 5129/1586/5129 5127/1584/5127
f 5128/1585/5128 3893/187/3893 3894/188/3894 5130/1587/5130
f 5130/1587/5130 5132/1589/5132 5131/1588/5131 5129/1586/5129
f 5130/1587/5130 3894/188/3894 5133/1590/5133 5132/1589/5132
f 5133/1590/5133 5135/1592/5135 5134/1591/5134 5132/1589/5132
f 5133/1590/5133 5137/1594/5137 5136/1593/5136 5135/1592/5135
f 5133/1590/5133 3894/188/3894 3895/189/3895 5137/1594/5137
f 5137/1594/5137 4979/1412/4979 4980/1413/4980 5136/1593/5136
f 5137/1594/5137 3895/189/3895 3896/190/3896 4979/1412/4979
f 5136/1593/5136 5026/1469/5026 5027/1470/5027 5135/1592/5135
f 5136/1593/5136 4980/1413/4980 4981/1414/4981 5026/1469/5026
f 5135/1592/5135 5027/1470/5027 5029/1472/5029 5134/1591/5134
f 5134/1591/5134 5138/1595/5138 5131/1588/5131 5132/1589/5132
f 5134/1591/5134 5029/1472/5029 5139/1596/5139 5138/1595/5138
f 5139/1596/5139 5141/1598/5141 5140/1597/5140 5138/1595/5138
f 5139/1596/5139 5032/1475/5032 5142/1599/5142 5141/1598/5141
f 5139/1596/5139 5029/1472/5029 5030/1473/5030 5032/1475/5032
f 5142/1600/5142 5144/1603/5144 5143/1602/5143 5141/1601/5141
f 5142/1600/5142 5035/1605/5035 5145/1604/5145 5144/1603/5144
f 5142/1599/5142 5032/1475/5032 5033/1476/5033 5035/1478/5035
f 5145/1604/5145 5147/1607/5147 5146/1606/5146 5144/1603/5144
f 5145/1604/5145 5038/1483/5038 5148/1608/5148 5147/1607/5147
f 5145/1604/5145 5035/1605/5035 5036/1482/5036 5038/1483/5038
f 5148/1608/5148 5150/1610/5150 5149/1609/5149 5147/1607/5147
f 5148/1608/5148 5041/1487/5041 5151/1611/5151 5150/1610/5150
f 5148/1608/5148 5038/1483/5038 5039/1484/5039 5041/1487/5041
f 5151/1611/5151 5153/1613/5153 5152/1612/5152 5150/1610/5150
f 5151/1611/5151 5155/1615/5155 5154/1614/5154 5153/1613/5153
f 5151/1611/5151 5041/1487/5041 5042/1488/5042 5155/1615/5155
f 5155/1615/5155 5046/1493/5046 5156/1616/5156 5154/1614/5154
f 5155/1615/5155 5042/1488/5042 5043/1489/5043 5046/1493/5046
f 5156/1616/5156 5158/1618/5158 5157/1617/5157 5154/1614/5154
f 5156/1616/5156 5160/1620/5160 5159/1619/5159 5158/1618/5158
f 5156/1616/5156 5046/1493/5046 5047/1494/5047 5160/1620/5160
f 5160/1620/5160 5162/1622/5162 5161/1621/5161 5159/1619/5159
f 5160/1620/5160 5047/1494/5047 5048/1495/5048 5162/1622/5162
f 5162/1623/5162 5164/1626/5164 5163/1625/5163 5161/1624/5161
f 5162/1623/5162 5048/1498/5048 5050/1499/5050 5164/1626/5164
f 5164/1626/5164 5166/1628/5166 5165/1627/5165 5163/1625/5163
f 5164/1626/5164 5050/1499/5050 5167/1629/5167 5166/1628/5166
f 5167/1629/5167 5169/1631/5169 5168/1630/5168 5166/1628/5166
f 5167/1629/5167 5053/1503/5053 5170/1632/5170 5169/1631/5169
f 5167/1629/5167 5050/1499/5050 5051/1500/5051 5053/1503/5053
f 5170/1632/5170 5172/1634/5172 5171/1633/5171 5169/1631/5169
f 5170/1632/5170 5174/1636/5174 5173/1635/5173 5172/1634/5172
f 5170/1632/5170 5053/1503/5053 5054/1504/5054 5174/1636/5174
f 5174/1636/5174 5176/1638/5176 5175/1637/5175 5173/1635/5173
f 5174/1636/5174 5054/1504/5054 5055/1505/5055 5176/1638/5176
f 5176/1639/5176 5178/1642/5178 5177/1641/5177 5175/1640/5175
f 5176/1639/5176 5055/1509/5055 5057/1510/5057 5178/1642/5178
f 5178/1642/5178 5064/1517/5064 5068/1521/5068 5177/1641/5177
f 5178/1642/5178 5057/1510/5057 5059/1512/5059 5064/1517/5064
f 5177/1641/5177 5180/1644/5180 5179/1643/5179 5175/1640/5175
f 5177/1641/5177 5068/1521/5068 5069/1522/5069 5180/1644/5180
f 5180/1645/5180 5182/1648/5182 5181/1647/5181 5179/1646/5179
f 5180/1645/5180 5069/1525/5069 5071/1526/5071 5182/1648/5182
f 5182/1648/5182 5184/1650/5184 5183/1649/5183 5181/1647/5181
f 5182/1648/5182 5071/1526/5071 5073/1528/5073 5184/1650/5184
f 5184/1650/5184 5186/1652/5186 5185/1651/5185 5183/1649/5183
f 5184/1650/5184 5073/1528/5073 5187/1653/5187 5186/1652/5186
f 5187/1653/5187 5122/1579/5122 5188/1654/5188 5186/1652/5186
f 5187/1653/5187 5076/1531/5076 5120/1577/5120 5122/1579/5122
f 5187/1653/5187 5073/1528/5073 5074/1529/5074 5076/1531/5076
f 5188/1654/5188 5189/1655/5189 5185/1651/5185 5186/1652/5186
f 5188/1654/5188 5125/1582/5125 5190/1656/5190 5189/1655/5189
f 5188/1654/5188 5122/1579/5122 5123/1580/5123 5125/1582/5125
f 5190/1657/5190 5192/1660/5192 5191/1659/5191 5189/1658/5189
f 5190/1657/5190 5194/1662/5194 5193/1661/5193 5192/1660/5192
f 5190/1656/5190 5125/1582/5125 5126/1583/5126 5194/1663/5194
f 5194/1662/5194 5196/1665/5196 5195/1664/5195 5193/1661/5193
f 5194/1663/5194 5126/1583/5126 5127/1584/5127 5196/1666/5196
f 5196/1665/5196 5198/1668/5198 5197/1667/5197 5195/1664/5195
f 5196/1666/5196 5127/1584/5127 5129/1586/5129 5198/1669/5198
f 5198/1668/5198 5200/1671/5200 5199/1670/5199 5197/1667/5197
f 5198/1669/5198 5129/1586/5129 5131/1588/5131 5200/1672/5200
f 5200/1671/5200 5140/1674/5140 5201/1673/5201 5199/1670/5199
f 5200/1672/5200 5131/1588/5131 5138/1595/5138 5140/1597/5140
f 5201/1673/5201 5203/1676/5203 5202/1675/5202 5199/1670/5199
f 5201/1673/5201 5143/1602/5143 5204/1677/5204 5203/1676/5203
f 5201/1673/5201 5140/1674/5140 5141/1601/5141 5143/1602/5143
f 5204/1677/5204 5206/1679/5206 5205/1678/5205 5203/1676/5203
f 5204/1677/5204 5146/1606/5146 5207/1680/5207 5206/1679/5206
f 5204/1677/5204 5143/1602/5143 5144/1603/5144 5146/1606/5146
f 5207/1680/5207 5209/1682/5209 5208/1681/5208 5206/1679/5206
f 5207/1680/5207 5149/1609/5149 5210/1683/5210 5209/1682/5209
f 5207/1680/5207 5146/1606/5146 5147/1607/5147 5149/1609/5149
f 5210/1683/5210 5212/1685/5212 5211/1684/5211 5209/1682/5209
f 5210/1683/5210 5152/1612/5152 5213/1686/5213 5212/1685/5212
f 5210/1683/5210 5149/1609/5149 5150/1610/5150 5152/1612/5152
f 5213/1686/5213 5215/1688/5215 5214/1687/5214 5212/1685/5212
f 5213/1686/5213 5217/1690/5217 5216/1689/5216 5215/1688/5215
f 5213/1686/5213 5152/1612/5152 5153/1613/5153 5217/1690/5217
f 5217/1690/5217 5157/1617/5157 5218/1691/5218 5216/1689/5216
f 5217/1690/5217 5153/1613/5153 5154/1614/5154 5157/1617/5157
f 5218/1692/5218 5220/1695/5220 5219/1694/5219 5216/1693/5216
f 5218/1692/5218 5222/1697/5222 5221/1696/5221 5220/1695/5220
f 5218/1691/5218 5157/1617/5157 5158/1618/5158 5222/1698/5222
f 5222/1697/5222 5224/1700/5224 5223/1699/5223 5221/1696/5221
f 5222/1698/5222 5158/1618/5158 5159/1619/5159 5224/1701/5224
f 5224/1700/5224 5226/1703/5226 5225/1702/5225 5223/1699/5223
f 5224/1701/5224 5159/1619/5159 5161/1621/5161 5226/1704/5226
f 5226/1703/5226 5228/1706/5228 5227/1705/5227 5225/1702/5225
f 5226/1707/5226 5161/1624/5161 5163/1625/5163 5228/1708/5228
f 5228/1706/5228 5230/1710/5230 5229/1709/5229 5227/1705/5227
f 5228/1708/5228 5163/1625/5163 5165/1627/5165 5230/1711/5230
f 5230/1710/5230 3832/104/3832 3833/105/3833 5229/1709/5229
f 5230/1711/5230 5165/1627/5165 3835/108/3835 3832/109/3832
f 5229/1709/5229 5232/1713/5232 5231/1712/5231 5227/1705/5227
f 5229/1709/5229 3833/105/3833 5233/1714/5233 5232/1713/5232
f 5233/1714/5233 5235/1716/5235 5234/1715/5234 5232/1713/5232
f 5233/1714/5233 5237/1718/5237 5236/1717/5236 5235/1716/5235
f 5233/1714/5233 3833/105/3833 3831/103/3831 5237/1718/5237
f 5237/1718/5237 5239/1720/5239 5238/1719/5238 5236/1717/5236
f 5237/1718/5237 3831/103/3831 3823/92/3823 5239/1720/5239
f 5239/1720/5239 3815/83/3815 3816/84/3816 5238/1719/5238
f 5239/1720/5239 3823/92/3823 3820/88/3820 3815/83/3815
f 5238/1719/5238 3849/130/3849 5240/1721/5240 5236/1717/5236
f 5238/1719/5238 3816/84/3816 3848/129/3848 3849/130/3849
f 5240/1721/5240 3844/125/3844 5242/1723/5242 5241/1722/5241
f 5240/1721/5240 3849/130/3849 3717/124/3717 3844/125/3844
f 5240/1721/5240 5241/1722/5241 5235/1716/5235 5236/1717/5236
f 5242/1723/5242 5243/1724/5243 3753/5/3753 3754/6/3754
f 5242/1723/5242 3844/125/3844 3845/126/3845 5243/1724/5243
f 5242/1723/5242 3754/6/3754 5244/1725/5244 5241/1722/5241
f 5244/1725/5244 3754/6/3754 3750/2/3750 5245/1726/5245
f 5244/1725/5244 5234/1715/5234 5235/1716/5235 5241/1722/5241
f 5244/1725/5244 5245/1726/5245 5246/1727/5246 5234/1715/5234
f 5246/1727/5246 5245/1726/5245 5248/1729/5248 5247/1728/5247
f 5246/1727/5246 5231/1712/5231 5232/1713/5232 5234/1715/5234
f 5246/1727/5246 5247/1728/5247 5249/1730/5249 5231/1712/5231
f 5249/1730/5249 5247/1728/5247 5251/1732/5251 5250/1731/5250
f 5249/1730/5249 5225/1702/5225 5227/1705/5227 5231/1712/5231
f 5249/1730/5249 5250/1731/5250 5223/1699/5223 5225/1702/5225
f 5251/1732/5251 5253/1734/5253 3759/12/3759 5252/1733/5252
f 5251/1732/5251 5247/1728/5247 5248/1729/5248 5253/1734/5253
f 5251/1732/5251 5252/1733/5252 5254/1735/5254 5250/1731/5250
f 5254/1735/5254 5252/1733/5252 5256/1737/5256 5255/1736/5255
f 5254/1735/5254 5221/1696/5221 5223/1699/5223 5250/1731/5250
f 5254/1735/5254 5255/1736/5255 5220/1695/5220 5221/1696/5221
f 5256/1737/5256 3760/13/3760 3761/14/3761 5257/1738/5257
f 5256/1737/5256 5252/1733/5252 3759/12/3759 3760/13/3760
f 5256/1737/5256 5257/1738/5257 5258/1739/5258 5255/1736/5255
f 5258/1739/5258 5257/1738/5257 5260/1741/5260 5259/1740/5259
f 5258/1739/5258 5219/1694/5219 5220/1695/5220 5255/1736/5255
f 5258/1739/5258 5259/1740/5259 5261/1742/5261 5219/1694/5219
f 5261/1742/5261 5259/1740/5259 5263/1744/5263 5262/1743/5262
f 5261/1742/5261 5215/1745/5215 5216/1693/5216 5219/1694/5219
f 5261/1742/5261 5262/1743/5262 5214/1746/5214 5215/1745/5215
f 5263/1744/5263 5266/1749/5266 5265/1748/5265 5264/1747/5264
f 5263/1744/5263 5259/1740/5259 5260/1741/5260 5266/1749/5266
f 5263/1744/5263 5264/1747/5264 5267/1750/5267 5262/1743/5262
f 5267/1750/5267 5264/1747/5264 5269/1752/5269 5268/1751/5268
f 5267/1750/5267 5270/1753/5270 5214/1746/5214 5262/1743/5262
f 5267/1750/5267 5268/1751/5268 5271/1754/5271 5270/1753/5270
f 5271/1754/5271 5268/1751/5268 5273/1756/5273 5272/1755/5272
f 5271/1757/5271 5274/1759/5274 5211/1684/5211 5270/1758/5270
f 5271/1757/5271 5272/1761/5272 5275/1760/5275 5274/1759/5274
f 5275/1760/5275 5272/1761/5272 5277/1763/5277 5276/1762/5276
f 5275/1760/5275 5278/1764/5278 5208/1681/5208 5274/1759/5274
f 5275/1760/5275 5276/1762/5276 5279/1765/5279 5278/1764/5278
f 5279/1765/5279 5276/1762/5276 5281/1767/5281 5280/1766/5280
f 5279/1765/5279 5282/1768/5282 5205/1678/5205 5278/1764/5278
f 5279/1765/5279 5280/1766/5280 5283/1769/5283 5282/1768/5282
f 5283/1769/5283 5280/1766/5280 5285/1771/5285 5284/1770/5284
f 5283/1769/5283 5286/1772/5286 5202/1675/5202 5282/1768/5282
f 5283/1769/5283 5284/1770/5284 5287/1773/5287 5286/1772/5286
f 5287/1773/5287 5284/1770/5284 5289/1775/5289 5288/1774/5288
f 5287/1773/5287 5195/1664/5195 5197/1667/5197 5286/1772/5286
f 5287/1773/5287 5288/1774/5288 5193/1661/5193 5195/1664/5195
f 5289/1775/5289 5292/1778/5292 5291/1777/5291 5290/1776/5290
f 5289/1775/5289 5284/1770/5284 5285/1771/5285 5292/1778/5292
f 5289/1775/5289 5290/1776/5290 5293/1779/5293 5288/1774/5288
f 5293/1779/5293 5290/1776/5290 5295/1781/5295 5294/1780/5294
f 5293/1779/5293 5192/1660/5192 5193/1661/5193 5288/1774/5288
f 5293/1779/5293 5294/1780/5294 5191/1659/5191 5192/1660/5192
f 5295/1781/5295 5298/1784/5298 5297/1783/5297 5296/1782/5296
f 5295/1781/5295 5290/1776/5290 5291/1777/5291 5298/1784/5298
f 5295/1781/5295 5296/1782/5296 5299/1785/5299 5294/1780/5294
f 5299/1785/5299 5296/1782/5296 5301/1787/5301 5300/1786/5300
f 5299/1785/5299 5302/1788/5302 5191/1659/5191 5294/1780/5294
f 5299/1785/5299 5300/1786/5300 5303/1789/5303 5302/1788/5302
f 5303/1789/5303 5300/1786/5300 5305/1791/5305 5304/1790/5304
f 5303/1789/5303 5183/1793/5183 5185/1792/5185 5302/1788/5302
f 5303/1789/5303 5304/1790/5304 5181/1794/5181 5183/1793/5183
f 5305/1791/5305 5308/1797/5308 5307/1796/5307 5306/1795/5306
f 5305/1791/5305 5300/1786/5300 5301/1787/5301 5308/1797/5308
f 5305/1791/5305 5306/1795/5306 5309/1798/5309 5304/1790/5304
f 5309/1798/5309 5306/1795/5306 5172/1634/5172 5173/1635/5173
f 5309/1798/5309 5179/1799/5179 5181/1794/5181 5304/1790/5304
f 5309/1798/5309 5173/1635/5173 5175/1637/5175 5179/1799/5179
f 5308/1797/5308 5311/1801/5311 5310/1800/5310 5307/1796/5307
f 5308/1797/5308 5301/1787/5301 5312/1802/5312 5311/1801/5311
f 5312/1802/5312 5314/1804/5314 5313/1803/5313 5311/1801/5311
f 5312/1802/5312 5297/1783/5297 5315/1805/5315 5314/1804/5314
f 5312/1802/5312 5301/1787/5301 5296/1782/5296 5297/1783/5297
f 5315/1805/5315 3863/1807/3863 3829/1806/3829 5314/1804/5314
f 5315/1805/5315 5316/1809/5316 3862/1808/3862 3863/1807/3863
f 5315/1805/5315 5297/1783/5297 5298/1784/5298 5316/1809/5316
f 5316/1809/5316 3875/161/3875 3864/162/3864 3862/1808/3862
f 5316/1809/5316 5298/1784/5298 5291/1777/5291 3875/161/3875
f 5314/1804/5314 3829/1806/3829 3826/1810/3826 5313/1803/5313
f 5313/1803/5313 3826/1810/3826 3827/110/3827 3836/111/3836
f 5313/1803/5313 3836/111/3836 5310/1800/5310 5311/1801/5311
f 5310/1800/5310 3836/111/3836 3834/107/3834 5317/1811/5317
f 5310/1800/5310 5317/1811/5317 5171/1633/5171 5307/1796/5307
f 5317/1811/5317 3834/107/3834 3835/108/3835 5168/1630/5168
f 5317/1811/5317 5168/1630/5168 5169/1631/5169 5171/1633/5171
f 5307/1796/5307 5171/1633/5171 5172/1634/5172 5306/1795/5306
f 5302/1788/5302 5185/1792/5185 5189/1658/5189 5191/1659/5191
f 5292/1778/5292 3874/160/3874 3875/161/3875 5291/1777/5291
f 5292/1778/5292 5285/1771/5285 3876/164/3876 3874/160/3874
f 5286/1772/5286 5197/1667/5197 5199/1670/5199 5202/1675/5202
f 5285/1771/5285 5280/1766/5280 5281/1767/5281 3876/164/3876
f 5282/1768/5282 5202/1675/5202 5203/1676/5203 5205/1678/5205
f 5281/1767/5281 5318/1812/5318 3873/163/3873 3876/164/3876
f 5281/1767/5281 5276/1762/5276 5277/1763/5277 5318/1812/5318
f 5318/1813/5318 5319/1814/5319 3872/157/3872 3873/158/3873
f 5318/1813/5318 5277/1816/5277 5320/1815/5320 5319/1814/5319
f 5320/1815/5320 3878/167/3878 3879/168/3879 5319/1814/5319
f 5320/1815/5320 5273/1756/5273 5321/1817/5321 3878/167/3878
f 5320/1815/5320 5277/1816/5277 5272/1755/5272 5273/1756/5273
f 5321/1817/5321 5322/1818/5322 3877/166/3877 3878/167/3878
f 5321/1817/5321 5269/1752/5269 5323/1819/5323 5322/1818/5322
f 5321/1817/5321 5273/1756/5273 5268/1751/5268 5269/1752/5269
f 5323/1819/5323 5325/1821/5325 5324/1820/5324 5322/1818/5322
f 5323/1819/5323 5265/1748/5265 5326/1822/5326 5325/1821/5325
f 5323/1819/5323 5269/1752/5269 5264/1747/5264 5265/1748/5265
f 5326/1822/5326 5328/1824/5328 5327/1823/5327 5325/1821/5325
f 5326/1822/5326 5330/1826/5330 5329/1825/5329 5328/1824/5328
f 5326/1822/5326 5265/1748/5265 5266/1749/5266 5330/1826/5330
f 5330/1826/5330 5332/1828/5332 5331/1827/5331 5329/1825/5329
f 5330/1826/5330 5266/1749/5266 5260/1741/5260 5332/1828/5332
f 5332/1828/5332 3761/14/3761 3756/9/3756 5331/1827/5331
f 5332/1828/5332 5260/1741/5260 5257/1738/5257 3761/14/3761
f 5331/1827/5331 5334/1830/5334 5333/1829/5333 5329/1825/5329
f 5331/1827/5331 3756/9/3756 3757/10/3757 5334/1830/5334
f 5334/1830/5334 5336/1832/5336 5335/1831/5335 5333/1829/5333
f 5334/1830/5334 3757/10/3757 5337/1833/5337 5336/1832/5336
f 5337/1833/5337 3752/4/3752 3755/7/3755 5336/1832/5336
f 5337/1833/5337 5338/1834/5338 3751/3/3751 3752/4/3752
f 5337/1833/5337 3757/10/3757 3758/11/3758 5338/1834/5338
f 5338/1834/5338 5253/1734/5253 5248/1729/5248 3751/3/3751
f 5338/1834/5338 3758/11/3758 3759/12/3759 5253/1734/5253
f 5336/1832/5336 3755/7/3755 5339/1835/5339 5335/1831/5335
f 5339/1835/5339 5243/1724/5243 3845/126/3845 5340/1836/5340
f 5339/1835/5339 3755/7/3755 3753/5/3753 5243/1724/5243
f 5339/1835/5339 5340/1836/5340 5341/1837/5341 5335/1831/5335
f 5341/1837/5341 5340/1836/5340 5343/1839/5343 5342/1838/5342
f 5341/1837/5341 5344/1840/5344 5333/1829/5333 5335/1831/5335
f 5341/1837/5341 5342/1838/5342 5345/1841/5345 5344/1840/5344
f 5345/1841/5345 5342/1838/5342 3856/138/3856 5346/1842/5346
f 5345/1841/5345 5327/1823/5327 5328/1824/5328 5344/1840/5344
f 5345/1841/5345 5346/1842/5346 5347/1843/5347 5327/1823/5327
f 5347/1843/5347 5346/1842/5346 5349/1845/5349 5348/1844/5348
f 5347/1843/5347 5324/1820/5324 5325/1821/5325 5327/1823/5327
f 5347/1843/5347 5348/1844/5348 3881/170/3881 5324/1820/5324
f 5349/1845/5349 3857/141/3857 3866/149/3866 3870/154/3870
f 5349/1845/5349 5346/1842/5346 3856/138/3856 3857/141/3857
f 5349/1845/5349 3870/154/3870 5350/1846/5350 5348/1844/5348
f 5350/1846/5350 3870/154/3870 3867/151/3867 5351/1847/5351
f 5350/1846/5350 3880/169/3880 3881/170/3881 5348/1844/5348
f 5350/1846/5350 5351/1847/5351 3882/171/3882 3880/169/3880
f 5351/1847/5351 3867/151/3867 3868/152/3868 3871/156/3871
f 5351/1847/5351 3871/156/3871 3872/157/3872 3882/171/3882
f 5344/1840/5344 5328/1824/5328 5329/1825/5329 5333/1829/5333
f 5343/1839/5343 3846/127/3846 3852/133/3852 3855/137/3855
f 5343/1839/5343 5340/1836/5340 3845/126/3845 3846/127/3846
f 5343/1839/5343 3855/137/3855 3856/138/3856 5342/1838/5342
f 5324/1820/5324 3881/170/3881 3877/166/3877 5322/1818/5322
f 5319/1814/5319 3879/168/3879 3882/171/3882 3872/157/3872
f 5278/1764/5278 5205/1678/5205 5206/1679/5206 5208/1681/5208
f 5274/1759/5274 5208/1681/5208 5209/1682/5209 5211/1684/5211
f 5270/1758/5270 5211/1684/5211 5212/1685/5212 5214/1687/5214
f 5248/1729/5248 5245/1726/5245 3750/2/3750 3751/3/3751
f 5168/1630/5168 3835/108/3835 5165/1627/5165 5166/1628/5166
f 5120/1577/5120 5076/1531/5076 5077/1532/5077 5118/1575/5118
f 5118/1575/5118 5077/1532/5077 5078/1533/5078 5117/1574/5117
f 5117/1574/5117 5078/1533/5078 5080/1535/5080 5111/1568/5111
f 5018/1458/5018 4981/1414/4981 4982/1415/4982 4984/1417/4984
f 5010/1450/5010 4991/1428/4991 4993/1431/4993 5006/1446/5006
f 4979/1412/4979 3896/190/3896 4976/1408/4976 4977/1409/4977
f 4976/1408/4976 3896/190/3896 3897/191/3897 4972/1404/4972
f 4976/1408/4976 4972/1404/4972 5605/1405/5604 4973/1407/4973
f 4972/1404/4972 3897/191/3897 3902/196/3902 4971/1401/4971
f 4969/1399/4969 3902/196/3902 3900/194/3900 4968/1398/4968
f 4948/1848/4948 5352/1849/5352 4945/1370/4945 4946/1371/4946
f 4948/1848/4948 5354/1851/5354 5353/1850/5353 5352/1849/5352
f 4948/1376/4948 3936/238/3936 3937/239/3937 5354/1852/5354
f 5354/1851/5354 5356/1854/5356 5355/1853/5355 5353/1850/5353
f 5354/1852/5354 3937/239/3937 5357/1856/5357 5356/1855/5356
f 5357/1856/5357 5359/1858/5359 5358/1857/5358 5356/1855/5356
f 5357/1856/5357 5361/1860/5361 5360/1859/5360 5359/1858/5359
f 5357/1856/5357 3937/239/3937 3734/234/3734 5361/1860/5361
f 5361/1860/5361 4854/1262/4854 4855/1263/4855 5360/1859/5360
f 5361/1860/5361 3734/234/3734 3938/240/3938 4854/1262/4854
f 5360/1859/5360 4859/1267/4859 5362/1861/5362 5359/1858/5359
f 5360/1859/5360 4855/1263/4855 4856/1264/4856 4859/1267/4859
f 5362/1861/5362 5363/1862/5363 5358/1857/5358 5359/1858/5359
f 5362/1861/5362 5365/1864/5365 5364/1863/5364 5363/1862/5363
f 5362/1861/5362 4859/1267/4859 4860/1268/4860 5365/1864/5365
f 5365/1864/5365 5367/1866/5367 5366/1865/5366 5364/1863/5364
f 5365/1864/5365 4860/1268/4860 4861/1269/4861 5367/1866/5367
f 5367/1866/5367 5369/1868/5369 5368/1867/5368 5366/1865/5366
f 5367/1866/5367 4861/1269/4861 4863/1271/4863 5369/1868/5369
f 5369/1868/5369 5371/1870/5371 5370/1869/5370 5368/1867/5368
f 5369/1868/5369 4863/1271/4863 4865/1273/4865 5371/1870/5371
f 5371/1871/5371 4870/1280/4870 5372/1873/5372 5370/1872/5370
f 5371/1871/5371 4865/1276/4865 4867/1277/4867 4870/1280/4870
f 5372/1874/5372 5374/1877/5374 5373/1876/5373 5370/1875/5370
f 5372/1874/5372 5376/1879/5376 5375/1878/5375 5374/1877/5374
f 5372/1873/5372 4870/1280/4870 4871/1281/4871 5376/1880/5376
f 5376/1879/5376 5378/1882/5378 5377/1881/5377 5375/1878/5375
f 5376/1880/5376 4871/1281/4871 4872/1282/4872 5378/1883/5378
f 5378/1882/5378 4922/1336/4922 4923/1337/4923 5377/1881/5377
f 5378/1883/5378 4872/1282/4872 4874/1284/4874 4922/1341/4922
f 5377/1881/5377 5380/1885/5380 5379/1884/5379 5375/1878/5375
f 5377/1881/5377 4923/1337/4923 5381/1886/5381 5380/1885/5380
f 5381/1886/5381 5383/1888/5383 5382/1887/5382 5380/1885/5380
f 5381/1886/5381 4926/1342/4926 5384/1889/5384 5383/1888/5383
f 5381/1886/5381 4923/1337/4923 4924/1338/4924 4926/1342/4926
f 5384/1889/5384 5386/1891/5386 5385/1890/5385 5383/1888/5383
f 5384/1889/5384 5388/1893/5388 5387/1892/5387 5386/1891/5386
f 5384/1889/5384 4926/1342/4926 4927/1343/4927 5388/1893/5388
f 5388/1893/5388 5390/1895/5390 5389/1894/5389 5387/1892/5387
f 5388/1893/5388 4927/1343/4927 4928/1344/4928 5390/1895/5390
f 5390/1896/5390 5392/1899/5392 5391/1898/5391 5389/1897/5389
f 5390/1896/5390 4928/1348/4928 4930/1349/4930 5392/1899/5392
f 5392/1899/5392 5394/1901/5394 5393/1900/5393 5391/1898/5391
f 5392/1899/5392 4930/1349/4930 5395/1902/5395 5394/1901/5394
f 5395/1902/5395 5397/1904/5397 5396/1903/5396 5394/1901/5394
f 5395/1902/5395 4933/1353/4933 4935/1357/4935 5397/1904/5397
f 5395/1902/5395 4930/1349/4930 4931/1350/4931 4933/1353/4933
f 5397/1904/5397 5399/1906/5399 5398/1905/5398 5396/1903/5396
f 5397/1904/5397 4935/1357/4935 4937/1360/4937 5399/1906/5399
f 5399/1906/5399 5401/1908/5401 5400/1907/5400 5398/1905/5398
f 5399/1906/5399 4937/1360/4937 4944/1369/4944 5401/1908/5401
f 5401/1908/5401 5403/1910/5403 5402/1909/5402 5400/1907/5400
f 5401/1908/5401 4944/1369/4944 4945/1370/4945 5403/1910/5403
f 5403/1910/5403 5405/1912/5405 5404/1911/5404 5402/1909/5402
f 5403/1910/5403 4945/1370/4945 5352/1849/5352 5405/1912/5405
f 5405/1912/5405 5407/1914/5407 5406/1913/5406 5404/1911/5404
f 5405/1912/5405 5352/1849/5352 5353/1850/5353 5407/1914/5407
f 5407/1914/5407 5409/1916/5409 5408/1915/5408 5406/1913/5406
f 5407/1914/5407 5353/1850/5353 5355/1853/5355 5409/1916/5409
f 5409/1916/5409 5411/1918/5411 5410/1917/5410 5408/1915/5408
f 5409/1916/5409 5355/1853/5355 5412/1919/5412 5411/1918/5411
f 5412/1919/5412 5414/1921/5414 5413/1920/5413 5411/1918/5411
f 5412/1919/5412 5358/1923/5358 5363/1922/5363 5414/1921/5414
f 5412/1919/5412 5355/1853/5355 5356/1854/5356 5358/1923/5358
f 5414/1921/5414 5416/1925/5416 5415/1924/5415 5413/1920/5413
f 5414/1921/5414 5363/1922/5363 5364/1926/5364 5416/1925/5416
f 5416/1925/5416 5418/1928/5418 5417/1927/5417 5415/1924/5415
f 5416/1925/5416 5364/1926/5364 5366/1929/5366 5418/1928/5418
f 5418/1928/5418 5420/1931/5420 5419/1930/5419 5417/1927/5417
f 5418/1928/5418 5366/1929/5366 5368/1932/5368 5420/1931/5420
f 5420/1931/5420 5373/1876/5373 5421/1933/5421 5419/1930/5419
f 5420/1931/5420 5368/1932/5368 5370/1875/5370 5373/1876/5373
f 5421/1933/5421 5423/1935/5423 5422/1934/5422 5419/1930/5419
f 5421/1933/5421 5425/1937/5425 5424/1936/5424 5423/1935/5423
f 5421/1933/5421 5373/1876/5373 5374/1877/5374 5425/1937/5425
f 5425/1937/5425 5379/1884/5379 5426/1938/5426 5424/1936/5424
f 5425/1937/5425 5374/1877/5374 5375/1878/5375 5379/1884/5379
f 5426/1938/5426 5428/1940/5428 5427/1939/5427 5424/1936/5424
f 5426/1938/5426 5382/1887/5382 5429/1941/5429 5428/1940/5428
f 5426/1938/5426 5379/1884/5379 5380/1885/5380 5382/1887/5382
f 5429/1941/5429 3994/312/3994 5430/1942/5430 5428/1940/5428
f 5429/1941/5429 5385/1890/5385 3993/311/3993 3994/312/3994
f 5429/1941/5429 5382/1887/5382 5383/1888/5383 5385/1890/5385
f 5430/1942/5430 5431/1943/5431 3970/280/3970 3971/281/3971
f 5430/1942/5430 3994/312/3994 3975/313/3975 5431/1943/5431
f 5430/1942/5430 3971/281/3971 5427/1939/5427 5428/1940/5428
f 5431/1944/5431 3980/294/3980 3969/277/3969 3970/278/3970
f 5431/1944/5431 3975/288/3975 3976/289/3976 3980/294/3980
f 5427/1939/5427 3971/281/3971 3972/282/3972 5432/1945/5432
f 5427/1939/5427 5432/1945/5432 5423/1935/5423 5424/1936/5424
f 5432/1945/5432 3972/282/3972 3973/283/3973 5433/1946/5433
f 5432/1945/5432 5433/1946/5433 5422/1934/5422 5423/1935/5423
f 5433/1946/5433 3973/283/3973 5435/1948/5435 5434/1947/5434
f 5433/1946/5433 5434/1947/5434 5436/1949/5436 5422/1934/5422
f 5436/1949/5436 5434/1947/5434 5438/1951/5438 5437/1950/5437
f 5436/1949/5436 5417/1927/5417 5419/1930/5419 5422/1934/5422
f 5436/1949/5436 5437/1950/5437 5415/1924/5415 5417/1927/5417
f 5438/1951/5438 5441/1954/5441 5440/1953/5440 5439/1952/5439
f 5438/1951/5438 5434/1947/5434 5435/1948/5435 5441/1954/5441
f 5438/1951/5438 5439/1952/5439 5442/1955/5442 5437/1950/5437
f 5442/1955/5442 5439/1952/5439 5443/1956/5443 5410/1917/5410
f 5442/1955/5442 5413/1920/5413 5415/1924/5415 5437/1950/5437
f 5442/1955/5442 5410/1917/5410 5411/1918/5411 5413/1920/5413
f 5443/1956/5443 5446/1959/5446 5445/1958/5445 5444/1957/5444
f 5443/1956/5443 5439/1952/5439 5440/1953/5440 5446/1959/5446
f 5443/1956/5443 5444/1957/5444 5408/1915/5408 5410/1917/5410
f 5446/1959/5446 5447/1961/5447 3916/1960/3916 5445/1958/5445
f 5446/1959/5446 5440/1953/5440 5448/1962/5448 5447/1961/5447
f 5448/1963/5448 3922/222/3922 5449/1965/5449 5447/1964/5447
f 5448/1963/5448 5450/1966/5450 3921/221/3921 3922/222/3922
f 5448/1962/5448 5440/1953/5440 5441/1954/5441 5450/1967/5450
f 5450/1966/5450 3932/233/3932 3923/223/3923 3921/221/3921
f 5450/1967/5450 5441/1954/5441 5435/1948/5435 3932/1968/3932
f 5449/1965/5449 5451/1969/5451 3914/211/3914 3915/212/3915
f 5449/1965/5449 3922/222/3922 3918/218/3918 5451/1969/5451
f 5449/1965/5449 3915/212/3915 3916/213/3916 5447/1964/5447
f 5451/1969/5451 5452/1970/5452 3927/227/3927 3914/211/3914
f 5451/1969/5451 3918/218/3918 3919/219/3919 5452/1970/5452
f 5452/1970/5452 3919/219/3919 5454/1972/5454 5453/1971/5453
f 5452/1970/5452 5453/1971/5453 3926/226/3926 3927/227/3927
f 5454/1972/5454 3928/229/3928 3929/230/3929 5455/1973/5455
f 5454/1972/5454 3919/219/3919 3920/220/3920 3928/229/3928
f 5454/1972/5454 5455/1973/5455 5456/1974/5456 5453/1971/5453
f 5456/1974/5456 5455/1973/5455 5458/1976/5458 5457/1975/5457
f 5456/1974/5456 5459/1977/5459 3926/226/3926 5453/1971/5453
f 5456/1974/5456 5457/1975/5457 5460/1978/5460 5459/1977/5459
f 5460/1978/5460 5457/1975/5457 5461/1979/5461 3986/302/3986
f 5460/1978/5460 5463/1981/5463 5462/1980/5462 5459/1977/5459
f 5460/1978/5460 3986/302/3986 3984/300/3984 5463/1981/5463
f 5463/1981/5463 3990/307/3990 5464/1982/5464 5462/1980/5462
f 5463/1981/5463 3984/300/3984 3985/301/3985 3990/307/3990
f 5464/1982/5464 3924/224/3924 3925/225/3925 5462/1980/5462
f 5464/1982/5464 5466/1984/5466 5465/1983/5465 3924/224/3924
f 5464/1982/5464 3990/307/3990 3987/304/3987 5466/1984/5466
f 5466/1984/5466 5468/1986/5468 5467/1985/5467 5465/1983/5465
f 5466/1984/5466 3987/304/3987 3988/305/3988 5468/1986/5468
f 5468/1986/5468 5470/1988/5470 5469/1987/5469 5467/1985/5467
f 5468/1986/5468 3988/305/3988 5471/1989/5471 5470/1988/5470
f 5471/1989/5471 3988/305/3988 3989/306/3989 5472/1990/5472
f 5471/1989/5471 5474/1992/5474 5473/1991/5473 5470/1988/5470
f 5471/1989/5471 5472/1990/5472 5475/1993/5475 5474/1992/5474
f 5475/1993/5475 5472/1990/5472 3983/298/3983 3991/308/3991
f 5475/1994/5475 5477/1997/5477 5476/1996/5476 5474/1995/5474
f 5475/1998/5475 3991/2001/3991 5478/2000/5478 5477/1999/5477
f 5478/2000/5478 3991/2001/3991 3992/2003/3992 5479/2002/5479
f 5478/2000/5478 5387/1892/5387 5389/1894/5389 5477/1999/5477
f 5478/2000/5478 5479/2002/5479 5386/1891/5386 5387/1892/5387
f 5479/2002/5479 3992/2003/3992 3746/310/3746 3993/311/3993
f 5479/2002/5479 3993/311/3993 5385/1890/5385 5386/1891/5386
f 5477/1997/5477 5389/1897/5389 5391/1898/5391 5476/1996/5476
f 5476/1996/5476 5480/2005/5480 5473/2004/5473 5474/1995/5474
f 5476/1996/5476 5391/1898/5391 5393/1900/5393 5480/2005/5480
f 5480/2005/5480 5482/2007/5482 5481/2006/5481 5473/2004/5473
f 5480/2005/5480 5393/1900/5393 5483/2008/5483 5482/2007/5482
f 5483/2008/5483 5485/2010/5485 5484/2009/5484 5482/2007/5482
f 5483/2008/5483 5396/1903/5396 5398/1905/5398 5485/2010/5485
f 5483/2008/5483 5393/1900/5393 5394/1901/5394 5396/1903/5396
f 5485/2010/5485 5487/2012/5487 5486/2011/5486 5484/2009/5484
f 5485/2010/5485 5398/1905/5398 5400/1907/5400 5487/2012/5487
f 5487/2012/5487 5489/2014/5489 5488/2013/5488 5486/2011/5486
f 5487/2012/5487 5400/1907/5400 5402/1909/5402 5489/2014/5489
f 5489/2014/5489 5491/2016/5491 5490/2015/5490 5488/2013/5488
f 5489/2014/5489 5402/1909/5402 5404/1911/5404 5491/2016/5491
f 5491/2016/5491 5493/2018/5493 5492/2017/5492 5490/2015/5490
f 5491/2016/5491 5404/1911/5404 5406/1913/5406 5493/2018/5493
f 5493/2018/5493 5444/1957/5444 5445/1958/5445 5492/2017/5492
f 5493/2018/5493 5406/1913/5406 5408/1915/5408 5444/1957/5444
f 5492/2017/5492 3909/2020/3909 3910/2019/3910 5490/2015/5490
f 5492/2017/5492 5445/1958/5445 3916/1960/3916 3909/2020/3909
f 5490/2015/5490 3910/2019/3910 5494/2021/5494 5488/2013/5488
f 5494/2022/5494 5497/2025/5497 5496/2024/5496 5495/2023/5495
f 5494/2022/5494 3910/206/3910 3911/207/3911 5497/2025/5497
f 5494/2021/5494 5495/2026/5495 5486/2011/5486 5488/2013/5488
f 5497/2025/5497 3903/198/3903 3904/199/3904 5496/2024/5496
f 5497/2025/5497 3911/207/3911 3908/203/3908 3903/198/3903
f 5496/2024/5496 3904/199/3904 5499/2028/5499 5498/2027/5498
f 5496/2024/5496 5498/2027/5498 5500/2029/5500 5495/2023/5495
f 5500/2029/5500 5498/2027/5498 5469/1987/5469 5481/2030/5481
f 5500/2031/5500 5484/2009/5484 5486/2011/5486 5495/2026/5495
f 5500/2031/5500 5481/2006/5481 5482/2007/5482 5484/2009/5484
f 5499/2028/5499 5501/2032/5501 5465/1983/5465 5467/1985/5467
f 5499/2028/5499 3904/199/3904 3905/200/3905 5501/2032/5501
f 5499/2028/5499 5467/1985/5467 5469/1987/5469 5498/2027/5498
f 5501/2032/5501 3917/216/3917 3924/224/3924 5465/1983/5465
f 5501/2032/5501 3905/200/3905 3906/201/3906 3917/216/3917
f 5481/2030/5481 5469/1987/5469 5470/1988/5470 5473/1991/5473
f 5472/1990/5472 3989/306/3989 3982/297/3982 3983/298/3983
f 5462/1980/5462 3925/225/3925 3926/226/3926 5459/1977/5459
f 5461/1979/5461 5502/2033/5502 3978/291/3978 3979/292/3979
f 5461/1979/5461 5457/1975/5457 5458/1976/5458 5502/2033/5502
f 5461/1979/5461 3979/292/3979 3745/299/3745 3986/302/3986
f 5502/2033/5502 3981/295/3981 3977/290/3977 3978/291/3978
f 5502/2033/5502 5458/1976/5458 5503/2034/5503 3981/295/3981
f 5503/2034/5503 3968/275/3968 3974/285/3974 3981/295/3981
f 5503/2034/5503 3929/230/3929 3930/231/3930 3968/275/3968
f 5503/2034/5503 5458/1976/5458 5455/1973/5455 3929/230/3929
f 5435/1948/5435 3973/283/3973 3931/284/3931 3932/1968/3932
f 4913/1326/4913 4883/1293/4883 4890/1300/4890 4892/1304/4892
f 4912/1325/4912 3947/251/3947 3948/252/3948 4911/1324/4911
f 4909/1322/4909 4892/1304/4892 4893/1305/4893 4895/1307/4895
f 4905/1318/4905 4895/1307/4895 4896/1308/4896 5602/1317/5601
f 4890/1300/4890 4883/1293/4883 4884/1294/4884 4886/1296/4886
f 4854/1262/4854 3938/240/3938 4851/1259/4851 4852/1260/4852
f 4836/1244/4836 3783/42/3783 3786/45/3786 4834/1242/4834
f 4831/1239/4831 3786/45/3786 3784/43/3784 4829/1237/4829
f 4826/1234/4826 3781/40/3781 3782/41/3782 4825/1233/4825
f 4814/1222/4814 3884/174/3884 3885/175/3885 4813/1221/4813
f 4801/1209/4801 3803/65/3803 4798/1206/4798 4799/1207/4799
f 4775/1183/4775 4447/820/4447 4448/821/4448 4450/823/4450
f 4775/1183/4775 4434/800/4434 4435/801/4435 4447/820/4447
f 4774/1182/4774 4450/823/4450 4451/824/4451 4453/826/4453
f 4734/1140/4734 4725/1131/4725 4726/1132/4726 4732/1138/4732
f 4718/1124/4718 3797/58/3797 3792/52/3792 3787/47/3787
f 5504/2035/5504 5580/850/5579 4476/851/4476 4480/855/4480
f 5504/2035/5504 4480/855/4480 4676/1074/4676 5596/1075/5595
f 4676/1074/4676 4480/855/4480 4481/856/4481 4485/860/4485
f 4676/1074/4676 4485/860/4485 4674/1070/4674 4675/1071/4675
f 4674/1070/4674 4485/860/4485 4486/861/4486 4490/865/4490
f 4674/1070/4674 4490/865/4490 4669/1065/4669 4671/1067/4671
f 4669/1065/4669 4490/865/4490 4491/866/4491 4495/870/4495
f 4640/1030/4640 4637/1027/4637 3762/16/3762 3763/17/3763
f 4634/1022/4634 4631/1018/4631 3800/61/3800 3801/62/3801
f 4629/1016/4629 3791/51/3791 3792/52/3792 3798/59/3798
f 4629/1016/4629 3811/78/3811 3790/50/3790 3791/51/3791
f 4564/943/4564 5587/944/5586 4562/2036/4562 3814/80/3814
f 4562/2036/4562 5610/2037/5609 3813/79/3813 3814/80/3814
f 5610/2037/5609 5577/751/5576 4389/752/4389 3813/79/3813
f 4523/900/4523 3779/37/3779 4521/897/4521 4522/898/4522
f 4517/892/4517 3774/31/3774 3772/29/3772 4513/888/4513
f 4506/881/4506 3769/26/3769 3770/27/3770 4505/880/4505
f 4447/820/4447 4435/801/4435 4437/804/4437 4445/818/4445
f 4391/754/4391 3812/81/3812 3813/79/3813 4389/752/4389
f 4363/725/4363 4333/695/4333 4335/697/4335 4359/721/4359
f 5505/2038/5505 4315/2041/4315 5507/2040/5507 5506/2039/5506
f 5505/2042/5505 4320/681/4320 4314/675/4314 4315/676/4315
f 5507/2040/5507 5509/2044/5509 5508/2043/5508 5506/2039/5506
f 5507/2040/5507 4310/668/4310 5510/2045/5510 5509/2044/5509
f 5507/2040/5507 4315/2041/4315 4309/667/4309 4310/668/4310
f 5510/2045/5510 5512/2047/5512 5511/2046/5511 5509/2044/5509
f 5510/2045/5510 4307/665/4307 5513/2048/5513 5512/2047/5512
f 5510/2045/5510 4310/668/4310 4306/664/4306 4307/665/4307
f 5513/2048/5513 5515/2050/5515 5514/2049/5514 5512/2047/5512
f 5513/2048/5513 3946/249/3946 5516/2051/5516 5515/2050/5515
f 5513/2048/5513 4307/665/4307 3945/248/3945 3946/249/3946
f 5516/2051/5516 5518/2053/5518 5517/2052/5517 5515/2050/5515
f 5516/2051/5516 5520/2055/5520 5519/2054/5519 5518/2053/5518
f 5516/2051/5516 3946/249/3946 3735/242/3735 5520/2055/5520
f 5520/2055/5520 4250/598/4250 4252/600/4252 5519/2054/5519
f 5520/2055/5520 3735/242/3735 3943/246/3943 4250/598/4250
f 5519/2054/5519 5522/2057/5522 5521/2056/5521 5518/2053/5518
f 5519/2054/5519 4252/600/4252 4254/602/4254 5522/2057/5522
f 5522/2057/5522 5524/2059/5524 5523/2058/5523 5521/2056/5521
f 5522/2057/5522 4254/602/4254 5525/2060/5525 5524/2059/5524
f 5525/2060/5525 5527/2062/5527 5526/2061/5526 5524/2059/5524
f 5525/2060/5525 4257/605/4257 4259/609/4259 5527/2062/5527
f 5525/2060/5525 4254/602/4254 4255/603/4255 4257/605/4257
f 5527/2062/5527 5529/2064/5529 5528/2063/5528 5526/2061/5526
f 5527/2062/5527 4259/609/4259 5530/2065/5530 5529/2064/5529
f 5530/2065/5530 5532/2067/5532 5531/2066/5531 5529/2064/5529
f 5530/2065/5530 4262/612/4262 5533/2068/5533 5532/2067/5532
f 5530/2065/5530 4259/609/4259 4260/610/4260 4262/612/4262
f 5533/2068/5533 5535/2070/5535 5534/2069/5534 5532/2067/5532
f 5533/2068/5533 4265/2072/4265 5536/2071/5536 5535/2070/5535
f 5533/2068/5533 4262/612/4262 4263/613/4263 4265/2072/4265
f 5536/2071/5536 5538/2074/5538 5537/2073/5537 5535/2070/5535
f 5536/2075/5536 4268/620/4268 5539/2077/5539 5538/2076/5538
f 5536/2075/5536 4265/617/4265 4266/618/4266 4268/620/4268
f 5539/2077/5539 4268/620/4268 4269/621/4269 5572/623/5571
f 5540/2078/5540 5511/2046/5511 5541/2080/5541 5611/2079/5610
f 5540/2078/5540 5508/2043/5508 5509/2044/5509 5511/2046/5511
f 5541/2080/5541 5542/2082/5542 5612/2081/5611 5611/2079/5610
f 5541/2080/5541 5514/2049/5514 5543/2083/5543 5542/2082/5542
f 5541/2080/5541 5511/2046/5511 5512/2047/5512 5514/2049/5514
f 5543/2083/5543 5545/2085/5545 5544/2084/5544 5542/2082/5542
f 5543/2083/5543 5517/2052/5517 5546/2086/5546 5545/2085/5545
f 5543/2083/5543 5514/2049/5514 5515/2050/5515 5517/2052/5517
f 5546/2086/5546 5548/2088/5548 5547/2087/5547 5545/2085/5545
f 5546/2086/5546 5521/2056/5521 5523/2058/5523 5548/2088/5548
f 5546/2086/5546 5517/2052/5517 5518/2053/5518 5521/2056/5521
f 5548/2088/5548 5550/2090/5550 5549/2089/5549 5547/2087/5547
f 5548/2088/5548 5523/2058/5523 5551/2091/5551 5550/2090/5550
f 5551/2091/5551 5552/2092/5552 3999/319/3999 5550/2090/5550
f 5551/2091/5551 5526/2061/5526 5528/2063/5528 5552/2092/5552
f 5551/2091/5551 5523/2058/5523 5524/2059/5524 5526/2061/5526
f 5552/2092/5552 5553/2093/5553 3998/318/3998 3999/319/3999
f 5552/2092/5552 5528/2063/5528 5554/2094/5554 5553/2093/5553
f 5554/2094/5554 5556/2096/5556 5555/2095/5555 5553/2093/5553
f 5554/2094/5554 5531/2066/5531 5557/2097/5557 5556/2096/5556
f 5554/2094/5554 5528/2063/5528 5529/2064/5529 5531/2066/5531
f 5557/2097/5557 5559/2099/5559 5558/2098/5558 5556/2096/5556
f 5557/2097/5557 5534/2069/5534 5560/2100/5560 5559/2099/5559
f 5557/2097/5557 5531/2066/5531 5532/2067/5532 5534/2069/5534
f 5560/2100/5560 5534/2069/5534 5535/2070/5535 5537/2073/5537
f 5613/2101/5612 5544/2084/5544 5562/2103/5562 5561/2102/5561
f 5613/2101/5612 5612/2081/5611 5542/2082/5542 5544/2084/5544
f 5562/2103/5562 5564/2105/5564 5563/2104/5563 5561/2102/5561
f 5562/2103/5562 5547/2087/5547 5549/2089/5549 5564/2105/5564
f 5562/2103/5562 5544/2084/5544 5545/2085/5545 5547/2087/5547
f 5564/2105/5564 3996/316/3996 5614/2106/5613 5563/2104/5563
f 5564/2105/5564 5549/2089/5549 3995/315/3995 3996/316/3996
f 5614/2106/5613 3996/316/3996 3997/317/3997 5565/2107/5565
f 5616/2108/5615 4000/320/4000 5555/2095/5555 5615/2109/5614
f 5616/2108/5615 5565/2107/5565 3997/317/3997 4000/320/4000
f 5615/2109/5614 5555/2095/5555 5556/2096/5556 5558/2098/5558
f 5555/2095/5555 4000/320/4000 3998/318/3998 5553/2093/5553
f 5550/2090/5550 3999/319/3999 3995/315/3995 5549/2089/5549
f 4294/649/4294 3955/260/3955 4291/646/4291 4292/647/4292
f 4246/594/4246 3940/243/3940 3941/244/3941 4245/593/4245
f 4030/352/4030 4007/329/4007 4008/330/4008 4026/348/4026
f 4029/351/4029 4025/347/4025 4004/325/4004 4005/326/4005
f 3869/153/3869 3865/148/3865 3858/139/3858 3861/143/3861
f 3866/149/3866 3857/141/3857 3858/139/3858 3865/148/3865
f 3863/145/3863 3843/123/3843 3828/99/3828 3829/100/3829
f 3860/142/3860 3842/121/3842 3838/115/3838 3840/118/3840
f 3860/142/3860 5566/2110/5566 3853/134/3853 3842/121/3842
f 3860/142/3860 3859/140/3859 3854/136/3854 5566/2110/5566
f 5566/2110/5566 3852/133/3852 3850/131/3850 3853/134/3853
f 5566/2110/5566 3854/136/3854 3855/137/3855 3852/133/3852
f 3853/134/3853 3850/131/3850 3851/132/3851 3841/119/3841
f 3851/132/3851 3839/117/3839 3837/113/3837 3841/119/3841
f 3851/132/3851 3847/128/3847 5567/2111/5567 3839/117/3839
f 5567/2111/5567 3830/101/3830 3716/116/3716 3839/117/3839
f 5567/2111/5567 5568/2112/5568 3825/96/3825 3830/101/3830
f 5567/2111/5567 3847/128/3847 3848/129/3848 5568/2112/5568
f 5568/2112/5568 3817/85/3817 3818/86/3818 3825/96/3825
f 5568/2112/5568 3848/129/3848 3816/84/3816 3817/85/3817
f 5617/2113/5616 5668/2116/5667 5669/2115/5668 5670/2114/5669
f 5617/2113/5616 5671/2118/5670 5672/2117/5671 5668/2116/5667
f 5617/2113/5616 5670/2114/5669 5673/2119/5672 5671/2118/5670
f 5618/2120/5617 5674/2123/5673 5675/2122/5674 5676/2121/5675
f 5618/2120/5617 5676/2121/5675 5677/2125/5676 5678/2124/5677
f 5618/2120/5617 5678/2124/5677 5679/2126/5678 5674/2123/5673
f 5619/2127/5618 5680/2130/5679 5681/2129/5680 5682/2128/5681
f 5619/2127/5618 5683/2132/5682 5684/2131/5683 5680/2130/5679
f 5619/2133/5618 5682/2136/5681 5685/2135/5684 5686/2134/5685
f 5620/2137/5619 5687/2140/5686 5688/2139/5687 5689/2138/5688
f 5620/2137/5619 5690/2142/5689 5691/2141/5690 5687/2140/5686
f 5620/2137/5619 5689/2138/5688 5692/2143/5691 5690/2142/5689
f 5621/2144/5620 5693/2147/5692 5694/2146/5693 5695/2145/5694
f 5621/2144/5620 5696/2149/5695 5697/2148/5696 5693/2147/5692
f 5621/2144/5620 5695/2145/5694 5698/2150/5697 5696/2149/5695
f 5622/2151/5621 5699/2154/5698 5700/2153/5699 5701/2152/5700
f 5622/2151/5621 5702/2156/5701 5703/2155/5702 5699/2154/5698
f 5622/2151/5621 5701/2152/5700 5704/2157/5703 5702/2156/5701
f 5623/2158/5622 5705/2161/5704 5706/2160/5705 5707/2159/5706
f 5623/2158/5622 5707/2159/5706 5708/2163/5707 5709/2162/5708
f 5623/2158/5622 5709/2162/5708 5710/2164/5709 5705/2161/5704
f 5624/2165/5623 5711/2168/5710 5712/2167/5711 5713/2166/5712
f 5624/2165/5623 5713/2166/5712 5714/2170/5713 5715/2169/5714
f 5624/2165/5623 5715/2169/5714 5710/2164/5709 5716/2171/5715
f 5624/2165/5623 5716/2171/5715 5717/2173/5716 5718/2172/5717
f 5624/2165/5623 5718/2172/5717 5719/2174/5718 5711/2168/5710
f 5625/2175/5624 5720/2178/5719 5721/2177/5720 5722/2176/5721
f 5625/2179/5624 5723/2182/5722 5724/2181/5723 5725/2180/5724
f 5625/2183/5624 5722/2186/5721 5726/2185/5725 5723/2184/5722
f 5626/2187/5625 5727/2190/5726 5728/2189/5727 5729/2188/5728
f 5731/2191/5730 5732/2192/5731 5727/2190/5726 5626/2187/5625
f 5626/2187/5625 5729/2188/5728 5730/2193/5729 5731/2191/5730
f 5627/2194/5626 5733/2197/5732 5734/2196/5733 5735/2195/5734
f 5627/2194/5626 5735/2195/5734 5736/2199/5735 5737/2198/5736
f 5627/2194/5626 5737/2198/5736 5738/2200/5737 5733/2197/5732
f 5628/2201/5627 5738/2200/5737 5737/2198/5736 5739/2202/5738
f 5628/2201/5627 5740/2204/5739 5741/2203/5740 5738/2200/5737
f 5628/2201/5627 5739/2202/5738 5742/2205/5741 5740/2204/5739
f 5629/2206/5628 5739/2202/5738 5737/2198/5736 5736/2199/5735
f 5629/2206/5628 5630/2207/5629 5742/2205/5741 5739/2202/5738
f 5629/2206/5628 5736/2199/5735 5743/2208/5742 5630/2207/5629
f 5630/2207/5629 5744/2210/5743 5745/2209/5744 5742/2205/5741
f 5630/2207/5629 5746/2212/5745 5747/2211/5746 5744/2210/5743
f 5630/2207/5629 5743/2208/5742 5748/2213/5747 5746/2212/5745
f 5631/2214/5630 5749/2215/5748 5741/2203/5740 5740/2204/5739
f 5631/2214/5630 5740/2204/5739 5742/2205/5741 5745/2209/5744
f 5631/2214/5630 5750/2217/5749 5751/2216/5750 5749/2215/5748
f 5631/2218/5630 5752/2221/5751 5753/2220/5752 5750/2219/5749
f 5631/2218/5630 5745/2223/5744 5754/2222/5753 5752/2221/5751
f 5632/2224/5631 5755/2227/5754 5633/2226/5632 5756/2225/5755
f 5632/2224/5631 5634/2229/5633 5757/2228/5756 5755/2227/5754
f 5632/2224/5631 5756/2225/5755 5758/2230/5757 5634/2229/5633
f 5633/2226/5632 5755/2227/5754 5759/2232/5758 5636/2231/5635
f 5633/2226/5632 5636/2231/5635 5760/2233/5759 5756/2225/5755
f 5634/2229/5633 5758/2230/5757 5638/2235/5637 5761/2234/5760
f 5634/2229/5633 5761/2234/5760 5746/2212/5745 5748/2213/5747
f 5635/2236/5634 5762/2239/5761 5763/2238/5762 5764/2237/5763
f 5635/2236/5634 5765/2242/5764 5766/2241/5765 5767/2240/5766
f 5635/2236/5634 5768/2244/5767 5769/2243/5768 5765/2242/5764
f 5635/2236/5634 5764/2237/5763 5770/2245/5769 5768/2244/5767
f 5636/2231/5635 5759/2232/5758 5771/2246/5770 5760/2233/5759
f 5637/2247/5636 5772/2250/5771 5773/2249/5772 5774/2248/5773
f 5776/2251/5775 5777/2252/5776 5772/2250/5771 5637/2247/5636
f 5637/2247/5636 5774/2248/5773 5775/2253/5774 5776/2251/5775
f 5638/2235/5637 5758/2230/5757 5778/2254/5777 5777/2252/5776
f 5638/2235/5637 5777/2252/5776 5776/2251/5775 5779/2255/5778
f 5638/2235/5637 5780/2257/5779 5781/2256/5780 5761/2234/5760
f 5638/2235/5637 5779/2255/5778 5782/2258/5781 5780/2257/5779
f 5639/2259/5638 5783/2262/5782 5784/2261/5783 5640/2260/5639
f 5639/2259/5638 5640/2260/5639 5785/2264/5784 5786/2263/5785
f 5639/2259/5638 5786/2263/5785 5787/2265/5786 5783/2262/5782
f 5640/2260/5639 5784/2261/5783 5788/2266/5787 5785/2264/5784
f 5641/2267/5640 5789/2270/5788 5790/2269/5789 5791/2268/5790
f 5641/2267/5640 5787/2265/5786 5786/2263/5785 5789/2270/5788
f 5641/2267/5640 5782/2258/5781 5779/2255/5778 5787/2265/5786
f 5641/2271/5640 5792/2274/5791 5793/2273/5792 5782/2272/5781
f 5641/2271/5640 5791/2276/5790 5794/2275/5793 5792/2274/5791
f 5642/2277/5641 5795/2280/5794 5796/2279/5795 5797/2278/5796
f 5642/2277/5641 5798/2282/5797 5799/2281/5798 5795/2280/5794
f 5642/2277/5641 5797/2278/5796 5800/2283/5799 5798/2282/5797
f 5643/2284/5642 5801/2287/5800 5802/2286/5801 5803/2285/5802
f 5643/2284/5642 5803/2285/5802 5804/2289/5803 5805/2288/5804
f 5643/2290/5642 5805/2293/5804 5806/2292/5805 5807/2291/5806
f 5643/2290/5642 5807/2291/5806 5808/2295/5807 5809/2294/5808
f 5643/2284/5642 5809/2297/5808 5810/2296/5809 5801/2287/5800
f 5644/2298/5643 5811/2301/5810 5812/2300/5811 5813/2299/5812
f 5644/2298/5643 5813/2299/5812 5814/2303/5813 5815/2302/5814
f 5644/2298/5643 5816/2305/5815 5817/2304/5816 5811/2301/5810
f 5644/2298/5643 5818/2307/5817 5819/2306/5818 5816/2305/5815
f 5644/2298/5643 5815/2302/5814 5820/2308/5819 5818/2307/5817
f 5645/2309/5644 5821/2312/5820 5822/2311/5821 5823/2310/5822
f 5645/2309/5644 5823/2310/5822 5824/2314/5823 5825/2313/5824
f 5645/2309/5644 5825/2313/5824 5826/2315/5825 5821/2312/5820
f 5646/2316/5645 5827/2319/5826 5828/2318/5827 5829/2317/5828
f 5646/2316/5645 5829/2317/5828 5826/2315/5825 5647/2320/5646
f 5646/2316/5645 5647/2320/5646 5830/2322/5829 5831/2321/5830
f 5646/2316/5645 5831/2321/5830 5832/2324/5831 5833/2323/5832
f 5646/2316/5645 5833/2323/5832 5834/2325/5833 5827/2319/5826
f 5647/2320/5646 5826/2315/5825 5825/2313/5824 5830/2322/5829
f 5648/2326/5647 5830/2322/5829 5825/2313/5824 5824/2314/5823
f 5648/2326/5647 5650/2327/5649 5831/2321/5830 5830/2322/5829
f 5648/2326/5647 5824/2314/5823 5835/2328/5834 5650/2327/5649
f 5649/2329/5648 5836/2332/5835 5837/2331/5836 5838/2330/5837
f 5649/2329/5648 5839/2334/5838 5840/2333/5839 5836/2332/5835
f 5649/2329/5648 5838/2330/5837 5841/2335/5840 5839/2334/5838
f 5650/2327/5649 5835/2328/5834 5842/2337/5841 5843/2336/5842
f 5650/2327/5649 5843/2336/5842 5844/2339/5843 5845/2338/5844
f 5650/2327/5649 5845/2338/5844 5832/2324/5831 5831/2321/5830
f 5651/2340/5650 5841/2335/5840 5838/2330/5837 5846/2341/5845
f 5651/2340/5650 5846/2341/5845 5847/2343/5846 5848/2342/5847
f 5651/2340/5650 5849/2345/5848 5850/2344/5849 5841/2335/5840
f 5652/2346/5651 5851/2349/5850 5852/2348/5851 5853/2347/5852
f 5652/2346/5651 5853/2347/5852 5854/2351/5853 5855/2350/5854
f 5652/2346/5651 5856/2353/5855 5857/2352/5856 5851/2349/5850
f 5653/2354/5652 5858/2357/5857 5859/2356/5858 5860/2355/5859
f 5653/2354/5652 5861/2359/5860 5862/2358/5861 5858/2357/5857
f 5653/2354/5652 5860/2355/5859 5863/2361/5862 5864/2360/5863
f 5654/2362/5653 5865/2365/5864 5866/2364/5865 5867/2363/5866
f 5654/2362/5653 5868/2368/5867 5869/2367/5868 5870/2366/5869
f 5654/2362/5653 5867/2363/5866 5871/2369/5870 5868/2368/5867
f 5655/2370/5654 5872/2373/5871 5873/2372/5872 5874/2371/5873
f 5655/2370/5654 5875/2376/5874 5876/2375/5875 5877/2374/5876
f 5655/2370/5654 5874/2371/5873 5878/2377/5877 5875/2376/5874
f 5656/2378/5655 5879/2381/5878 5880/2380/5879 5881/2379/5880
f 5656/2378/5655 5881/2379/5880 5882/2383/5881 5883/2382/5882
f 5656/2378/5655 5884/2385/5883 5885/2384/5884 5879/2381/5878
f 5651/2340/5650 5848/2342/5847 5657/2386/5656 5849/2345/5848
f 5657/2386/5656 5848/2342/5847 5886/2388/5885 5658/2387/5657
f 5657/2386/5656 5658/2387/5657 5887/2390/5886 5888/2389/5887
f 5657/2391/5656 5888/2394/5887 5889/2393/5888 5890/2392/5889
f 5657/2391/5656 5890/2392/5889 5891/2396/5890 5849/2395/5848
f 5658/2387/5657 5886/2388/5885 5892/2397/5891 5887/2390/5886
f 5659/2398/5658 5664/2401/5663 5893/2400/5892 5894/2399/5893
f 5659/2398/5658 5894/2399/5893 5895/2403/5894 5896/2402/5895
f 5659/2398/5658 5896/2402/5895 5897/2404/5896 5664/2401/5663
f 5660/2405/5659 5895/2403/5894 5894/2399/5893 5898/2406/5897
f 5660/2405/5659 5892/2397/5891 5899/2407/5898 5895/2403/5894
f 5660/2405/5659 5898/2406/5897 5887/2390/5886 5892/2397/5891
f 5661/2408/5660 5900/2411/5899 5901/2410/5900 5663/2409/5662
f 5661/2408/5660 5902/2413/5901 5903/2412/5902 5900/2411/5899
f 5661/2408/5660 5663/2409/5662 5904/2414/5903 5902/2413/5901
f 5662/2415/5661 5905/2418/5904 5906/2417/5905 5907/2416/5906
f 5662/2415/5661 5907/2416/5906 5900/2411/5899 5903/2412/5902
f 5662/2415/5661 5903/2412/5902 5908/2419/5907 5905/2418/5904
f 5663/2409/5662 5901/2410/5900 5909/2421/5908 5910/2420/5909
f 5663/2409/5662 5910/2420/5909 5664/2401/5663 5897/2404/5896
f 5664/2422/5663 5911/2425/5910 5912/2424/5911 5893/2423/5892
f 5665/2426/5664 5913/2429/5912 5914/2428/5913 5915/2427/5914
f 5665/2426/5664 5916/2431/5915 5917/2430/5916 5913/2429/5912
f 5665/2426/5664 5915/2427/5914 5918/2432/5917 5916/2431/5915
f 5666/2433/5665 5919/2436/5918 5920/2435/5919 5921/2434/5920
f 5666/2433/5665 5922/2438/5921 5923/2437/5922 5919/2436/5918
f 5666/2433/5665 5921/2434/5920 5924/2439/5923 5922/2438/5921
f 5667/2440/5666 5925/2443/5924 5926/2442/5925 5927/2441/5926
f 5667/2440/5666 5928/2445/5927 5929/2444/5928 5925/2443/5924
f 5667/2440/5666 5927/2441/5926 5930/2446/5929 5928/2445/5927
f 5930/2446/5929 5931/2449/5930 5932/2448/5931 5933/2447/5932
f 5930/2446/5929 5933/2447/5932 5934/2450/5933 5928/2445/5927
f 5930/2446/5929 5927/2441/5926 5935/2451/5934 5931/2449/5930
f 5935/2451/5934 5936/2453/5935 5937/2452/5936 5931/2449/5930
f 5935/2451/5934 5927/2441/5926 5926/2442/5925 5938/2454/5937
f 5935/2451/5934 5938/2454/5937 5939/2455/5938 5936/2453/5935
f 5939/2455/5938 5940/2457/5939 5941/2456/5940 5936/2453/5935
f 5939/2455/5938 5938/2454/5937 5942/2458/5941 5924/2439/5923
f 5939/2455/5938 5924/2439/5923 5921/2434/5920 5940/2457/5939
f 5942/2458/5941 5943/2459/5942 5922/2438/5921 5924/2439/5923
f 5942/2458/5941 5938/2454/5937 5926/2442/5925 5944/2460/5943
f 5942/2458/5941 5944/2460/5943 5945/2461/5944 5943/2459/5942
f 5945/2461/5944 5946/2463/5945 5947/2462/5946 5943/2459/5942
f 5945/2461/5944 5944/2460/5943 5948/2465/5947 5949/2464/5948
f 5945/2461/5944 5949/2464/5948 5950/2466/5949 5946/2463/5945
f 5950/2466/5949 5951/2468/5950 5952/2467/5951 5946/2463/5945
f 5950/2466/5949 5949/2464/5948 5953/2470/5952 5954/2469/5953
f 5950/2466/5949 5954/2469/5953 5955/2471/5954 5951/2468/5950
f 5955/2471/5954 5956/2473/5955 5957/2472/5956 5951/2468/5950
f 5955/2471/5954 5954/2469/5953 5958/2475/5957 5959/2474/5958
f 5955/2471/5954 5959/2474/5958 5960/2476/5959 5956/2473/5955
f 5960/2476/5959 5961/2478/5960 5962/2477/5961 5956/2473/5955
f 5960/2476/5959 5959/2474/5958 5963/2480/5962 5964/2479/5963
f 5960/2476/5959 5964/2479/5963 5965/2481/5964 5961/2478/5960
f 5965/2482/5964 5966/2485/5965 5967/2484/5966 5961/2483/5960
f 5965/2481/5964 5964/2479/5963 5968/2487/5967 5969/2486/5968
f 5965/2482/5964 5969/2489/5968 5970/2488/5969 5966/2485/5965
f 5970/2488/5969 5971/2491/5970 5972/2490/5971 5966/2485/5965
f 5970/2488/5969 5969/2489/5968 5973/2493/5972 5974/2492/5973
f 5970/2488/5969 5974/2492/5973 5975/2494/5974 5971/2491/5970
f 5975/2494/5974 5976/2496/5975 5977/2495/5976 5971/2491/5970
f 5975/2494/5974 5974/2492/5973 5978/2498/5977 5979/2497/5978
f 5975/2494/5974 5979/2497/5978 5980/2499/5979 5976/2496/5975
f 5980/2499/5979 5981/2501/5980 5982/2500/5981 5976/2496/5975
f 5980/2499/5979 5979/2497/5978 4065/2503/4065 4066/2502/4066
f 5980/2499/5979 4066/2502/4066 4067/2504/4067 5981/2501/5980
f 4067/2504/4067 4068/2506/4068 5983/2505/5982 5981/2501/5980
f 4070/2507/4070 4071/2510/4071 5984/2509/5983 5985/2508/5984
f 4070/2507/4070 5985/2508/5984 5983/2505/5982 4068/2506/4068
f 5985/2508/5984 5984/2509/5983 5986/2512/5985 5987/2511/5986
f 5985/2508/5984 5987/2511/5986 5988/2513/5987 5983/2505/5982
f 5988/2513/5987 5987/2511/5986 5989/2515/5988 5990/2514/5989
f 5988/2513/5987 5990/2514/5989 5991/2516/5990 5982/2500/5981
f 5988/2513/5987 5982/2500/5981 5981/2501/5980 5983/2505/5982
f 5991/2516/5990 5990/2514/5989 5992/2518/5991 5993/2517/5992
f 5991/2516/5990 5993/2517/5992 5994/2519/5993 5977/2495/5976
f 5991/2516/5990 5977/2495/5976 5976/2496/5975 5982/2500/5981
f 5994/2519/5993 5993/2517/5992 5995/2521/5994 5996/2520/5995
f 5994/2519/5993 5996/2520/5995 5997/2522/5996 5972/2490/5971
f 5994/2519/5993 5972/2490/5971 5971/2491/5970 5977/2495/5976
f 5997/2522/5996 5996/2520/5995 5998/2524/5997 5999/2523/5998
f 5997/2522/5996 5999/2523/5998 6000/2525/5999 5967/2484/5966
f 5997/2522/5996 5967/2484/5966 5966/2485/5965 5972/2490/5971
f 6000/2525/5999 5999/2523/5998 6001/2527/6000 6002/2526/6001
f 6000/2525/5999 6002/2526/6001 6003/2529/6002 5962/2528/5961
f 6000/2525/5999 5962/2528/5961 5961/2483/5960 5967/2484/5966
f 6003/2529/6002 6002/2526/6001 6004/2531/6003 6005/2530/6004
f 6003/2532/6002 6005/2534/6004 6006/2533/6005 5957/2472/5956
f 6003/2532/6002 5957/2472/5956 5956/2473/5955 5962/2477/5961
f 6006/2533/6005 6005/2534/6004 6007/2536/6006 6008/2535/6007
f 6006/2533/6005 6008/2535/6007 6009/2537/6008 5952/2467/5951
f 6006/2533/6005 5952/2467/5951 5951/2468/5950 5957/2472/5956
f 6009/2537/6008 6008/2535/6007 6010/2539/6009 6011/2538/6010
f 6009/2537/6008 6011/2538/6010 5923/2437/5922 5947/2462/5946
f 6009/2537/6008 5947/2462/5946 5946/2463/5945 5952/2467/5951
f 6011/2538/6010 6010/2539/6009 6012/2541/6011 6013/2540/6012
f 6011/2538/6010 6013/2540/6012 5919/2436/5918 5923/2437/5922
f 6013/2540/6012 6012/2541/6011 6014/2543/6013 6015/2542/6014
f 6013/2540/6012 6015/2542/6014 5920/2435/5919 5919/2436/5918
f 6015/2542/6014 6014/2543/6013 6016/2545/6015 6017/2544/6016
f 6015/2542/6014 6017/2544/6016 6018/2546/6017 5920/2435/5919
f 6018/2546/6017 6017/2544/6016 6019/2548/6018 6020/2547/6019
f 6018/2546/6017 6020/2547/6019 5941/2456/5940 5940/2457/5939
f 6018/2546/6017 5940/2457/5939 5921/2434/5920 5920/2435/5919
f 6020/2547/6019 6019/2548/6018 6021/2550/6020 6022/2549/6021
f 6020/2547/6019 6022/2549/6021 6023/2551/6022 5941/2456/5940
f 6023/2551/6022 6022/2549/6021 6024/2553/6023 6025/2552/6024
f 6023/2551/6022 6025/2552/6024 6026/2554/6025 5937/2452/5936
f 6023/2551/6022 5937/2452/5936 5936/2453/5935 5941/2456/5940
f 6026/2554/6025 6025/2552/6024 6027/2556/6026 6028/2555/6027
f 6026/2554/6025 6028/2555/6027 6029/2557/6028 5932/2448/5931
f 6026/2554/6025 5932/2448/5931 5931/2449/5930 5937/2452/5936
f 6029/2557/6028 6028/2555/6027 6030/2559/6029 6031/2558/6030
f 6029/2557/6028 6031/2558/6030 6032/2561/6031 6033/2560/6032
f 6029/2557/6028 6033/2560/6032 5933/2447/5932 5932/2448/5931
f 6033/2560/6032 6034/2562/6033 5934/2450/5933 5933/2447/5932
f 6033/2560/6032 6032/2561/6031 6035/2563/6034 6034/2562/6033
f 6035/2563/6034 6036/2565/6035 6037/2564/6036 6034/2562/6033
f 6035/2563/6034 6032/2561/6031 6038/2567/6037 6039/2566/6038
f 6035/2563/6034 6039/2566/6038 6040/2568/6039 6036/2565/6035
f 6040/2568/6039 6041/2570/6040 6042/2569/6041 6036/2565/6035
f 6040/2568/6039 6039/2566/6038 6043/2572/6042 6044/2571/6043
f 6040/2568/6039 6044/2571/6043 6045/2573/6044 6041/2570/6040
f 6045/2573/6044 6046/2575/6045 6047/2574/6046 6041/2570/6040
f 6045/2573/6044 6044/2571/6043 5569/464/5569 4136/465/4136
f 6045/2573/6044 4136/465/4136 4137/466/4137 6046/2575/6045
f 4137/466/4137 4138/467/4138 6048/2576/6047 6046/2575/6045
f 4140/469/4140 4141/470/4141 6049/2578/6048 6050/2577/6049
f 4140/469/4140 6050/2577/6049 6048/2576/6047 4138/467/4138
f 6050/2577/6049 6049/2578/6048 6051/2580/6050 6052/2579/6051
f 6050/2577/6049 6052/2579/6051 6053/2581/6052 6048/2576/6047
f 6053/2581/6052 6052/2579/6051 6054/2583/6053 6055/2582/6054
f 6053/2581/6052 6055/2582/6054 6056/2584/6055 6047/2574/6046
f 6053/2581/6052 6047/2574/6046 6046/2575/6045 6048/2576/6047
f 6056/2584/6055 6055/2582/6054 6057/2586/6056 6058/2585/6057
f 6056/2584/6055 6058/2585/6057 6059/2587/6058 6042/2569/6041
f 6056/2584/6055 6042/2569/6041 6041/2570/6040 6047/2574/6046
f 6059/2587/6058 6058/2585/6057 6060/2589/6059 6061/2588/6060
f 6059/2587/6058 6061/2588/6060 6062/2590/6061 6037/2564/6036
f 6059/2587/6058 6037/2564/6036 6036/2565/6035 6042/2569/6041
f 6062/2590/6061 6061/2588/6060 6063/2591/6062 5929/2444/5928
f 6062/2590/6061 5929/2444/5928 5928/2445/5927 5934/2450/5933
f 6062/2590/6061 5934/2450/5933 6034/2562/6033 6037/2564/6036
f 6063/2591/6062 5953/2470/5952 5949/2464/5948 5948/2465/5947
f 6063/2591/6062 5948/2465/5947 5925/2443/5924 5929/2444/5928
f 6063/2591/6062 6061/2588/6060 6060/2589/6059 5953/2470/5952
f 6060/2589/6059 5958/2475/5957 5954/2469/5953 5953/2470/5952
f 6060/2589/6059 6058/2585/6057 6057/2586/6056 5958/2475/5957
f 6057/2586/6056 5963/2480/5962 5959/2474/5958 5958/2475/5957
f 6057/2586/6056 6055/2582/6054 6054/2583/6053 5963/2480/5962
f 6054/2583/6053 5968/2487/5967 5964/2479/5963 5963/2480/5962
f 6054/2583/6053 6052/2579/6051 6051/2580/6050 5968/2487/5967
f 6051/2580/6050 5973/2592/5972 5969/2486/5968 5968/2487/5967
f 6051/2580/6050 6049/2578/6048 6064/2593/6063 5973/2592/5972
f 6064/2594/6063 5978/2498/5977 5974/2492/5973 5973/2493/5972
f 6064/2593/6063 6049/2578/6048 4141/470/4141 4158/489/4158
f 6064/2594/6063 4158/2596/4158 4159/2595/4159 5978/2498/5977
f 4159/2595/4159 4065/2503/4065 5979/2497/5978 5978/2498/5977
f 5570/492/901 4160/493/4160 6065/2598/6064 6066/2597/6065
f 5570/492/901 6066/2597/6065 5984/2599/5983 4071/497/4071
f 6066/2597/6065 6065/2598/6064 6067/2601/6066 6068/2600/6067
f 6066/2597/6065 6068/2600/6067 5986/2602/5985 5984/2599/5983
f 6068/2600/6067 6067/2601/6066 6069/2604/6068 6070/2603/6069
f 6068/2600/6067 6070/2603/6069 6071/2605/6070 5986/2602/5985
f 6071/2605/6070 6070/2603/6069 6072/2607/6071 6073/2606/6072
f 6071/2608/6070 6073/2610/6072 6074/2609/6073 5989/2515/5988
f 6071/2608/6070 5989/2515/5988 5987/2511/5986 5986/2512/5985
f 6074/2609/6073 6073/2610/6072 6075/2612/6074 6076/2611/6075
f 6074/2609/6073 6076/2611/6075 6077/2613/6076 5992/2518/5991
f 6074/2609/6073 5992/2518/5991 5990/2514/5989 5989/2515/5988
f 6077/2613/6076 6076/2611/6075 6078/2615/6077 6079/2614/6078
f 6077/2613/6076 6079/2614/6078 6080/2616/6079 5995/2521/5994
f 6077/2613/6076 5995/2521/5994 5993/2517/5992 5992/2518/5991
f 6080/2616/6079 6079/2614/6078 6081/2618/6080 6082/2617/6081
f 6080/2616/6079 6082/2617/6081 6083/2619/6082 5998/2524/5997
f 6080/2616/6079 5998/2524/5997 5996/2520/5995 5995/2521/5994
f 6083/2619/6082 6082/2617/6081 6084/2621/6083 6085/2620/6084
f 6083/2619/6082 6085/2620/6084 6086/2622/6085 6001/2527/6000
f 6083/2619/6082 6001/2527/6000 5999/2523/5998 5998/2524/5997
f 6086/2622/6085 6085/2620/6084 6087/2624/6086 6088/2623/6087
f 6086/2622/6085 6088/2623/6087 6089/2625/6088 6004/2531/6003
f 6086/2622/6085 6004/2531/6003 6002/2526/6001 6001/2527/6000
f 6089/2625/6088 6088/2623/6087 6090/2627/6089 6091/2626/6090
f 6089/2625/6088 6091/2626/6090 6092/2629/6091 6007/2628/6006
f 6089/2625/6088 6007/2628/6006 6005/2530/6004 6004/2531/6003
f 6092/2629/6091 6091/2626/6090 6093/2631/6092 6094/2630/6093
f 6092/2632/6091 6094/2633/6093 6012/2541/6011 6010/2539/6009
f 6092/2632/6091 6010/2539/6009 6008/2535/6007 6007/2536/6006
f 6094/2630/6093 6093/2631/6092 6095/2635/6094 6096/2634/6095
f 6094/2633/6093 6096/2636/6095 6014/2543/6013 6012/2541/6011
f 6096/2634/6095 6095/2635/6094 6097/2638/6096 6098/2637/6097
f 6096/2636/6095 6098/2639/6097 6016/2545/6015 6014/2543/6013
f 6098/2637/6097 6097/2638/6096 6099/2641/6098 6100/2640/6099
f 6098/2639/6097 6100/2643/6099 6101/2642/6100 6016/2545/6015
f 6101/2642/6100 6100/2643/6099 6102/2645/6101 6103/2644/6102
f 6101/2642/6100 6103/2644/6102 6021/2550/6020 6019/2548/6018
f 6101/2642/6100 6019/2548/6018 6017/2544/6016 6016/2545/6015
f 6103/2644/6102 6102/2645/6101 6104/2647/6103 6105/2646/6104
f 6103/2644/6102 6105/2646/6104 6106/2648/6105 6021/2550/6020
f 6106/2648/6105 6105/2646/6104 6107/2650/6106 6108/2649/6107
f 6106/2648/6105 6108/2649/6107 6109/2651/6108 6024/2553/6023
f 6106/2648/6105 6024/2553/6023 6022/2549/6021 6021/2550/6020
f 6109/2651/6108 6108/2649/6107 6110/2653/6109 6111/2652/6110
f 6109/2651/6108 6111/2652/6110 6112/2654/6111 6027/2556/6026
f 6109/2651/6108 6027/2556/6026 6025/2552/6024 6024/2553/6023
f 6112/2654/6111 6111/2652/6110 6113/2656/6112 6114/2655/6113
f 6112/2654/6111 6114/2655/6113 6115/2657/6114 6030/2559/6029
f 6112/2654/6111 6030/2559/6029 6028/2555/6027 6027/2556/6026
f 6115/2657/6114 6114/2655/6113 6116/2659/6115 6117/2658/6116
f 6115/2657/6114 6117/2658/6116 6118/2661/6117 6119/2660/6118
f 6115/2657/6114 6119/2660/6118 6031/2558/6030 6030/2559/6029
f 6119/2660/6118 6118/2661/6117 6120/2662/6119 6038/2567/6037
f 6119/2660/6118 6038/2567/6037 6032/2561/6031 6031/2558/6030
f 6120/2662/6119 6043/2572/6042 6039/2566/6038 6038/2567/6037
f 6120/2662/6119 6118/2661/6117 5571/561/5570 4217/562/4217
f 6120/2662/6119 4217/562/4217 4218/563/4218 6043/2572/6042
f 4218/563/4218 5569/464/5569 6044/2571/6043 6043/2572/6042
f 4220/564/4220 4219/565/4219 6121/2664/6120 6122/2663/6121
f 4220/564/4220 6122/2663/6121 6065/2598/6064 4160/493/4160
f 6122/2663/6121 6121/2664/6120 6123/2666/6122 6124/2665/6123
f 6122/2663/6121 6124/2665/6123 6067/2601/6066 6065/2598/6064
f 6124/2665/6123 6123/2666/6122 6125/2668/6124 6126/2667/6125
f 6124/2665/6123 6126/2667/6125 6069/2604/6068 6067/2601/6066
f 6126/2667/6125 6125/2668/6124 6127/2670/6126 6128/2669/6127
f 6126/2667/6125 6128/2669/6127 6129/2671/6128 6069/2604/6068
f 6129/2671/6128 6128/2669/6127 6130/2673/6129 6131/2672/6130
f 6129/2671/6128 6131/2672/6130 6132/2674/6131 6072/2607/6071
f 6129/2671/6128 6072/2607/6071 6070/2603/6069 6069/2604/6068
f 6132/2674/6131 6131/2672/6130 6133/2676/6132 6134/2675/6133
f 6132/2674/6131 6134/2675/6133 6135/2678/6134 6075/2677/6074
f 6132/2674/6131 6075/2677/6074 6073/2606/6072 6072/2607/6071
f 6135/2678/6134 6134/2675/6133 6136/2680/6135 6137/2679/6136
f 6135/2681/6134 6137/2683/6136 6138/2682/6137 6078/2615/6077
f 6135/2681/6134 6078/2615/6077 6076/2611/6075 6075/2612/6074
f 6138/2682/6137 6137/2683/6136 6139/2685/6138 6140/2684/6139
f 6138/2682/6137 6140/2684/6139 6141/2686/6140 6081/2618/6080
f 6138/2682/6137 6081/2618/6080 6079/2614/6078 6078/2615/6077
f 6141/2686/6140 6140/2684/6139 6142/2688/6141 6143/2687/6142
f 6141/2686/6140 6143/2687/6142 6144/2689/6143 6084/2621/6083
f 6141/2686/6140 6084/2621/6083 6082/2617/6081 6081/2618/6080
f 6144/2689/6143 6143/2687/6142 6145/2691/6144 6146/2690/6145
f 6144/2689/6143 6146/2690/6145 6147/2692/6146 6087/2624/6086
f 6144/2689/6143 6087/2624/6086 6085/2620/6084 6084/2621/6083
f 6147/2692/6146 6146/2690/6145 5858/2357/5857 5862/2358/5861
f 6147/2692/6146 5862/2358/5861 6148/2693/6147 6090/2627/6089
f 6147/2692/6146 6090/2627/6089 6088/2623/6087 6087/2624/6086
f 6148/2693/6147 5862/2358/5861 5861/2359/5860 6149/2694/6148
f 6148/2693/6147 6149/2694/6148 6095/2635/6094 6093/2631/6092
f 6148/2693/6147 6093/2631/6092 6091/2626/6090 6090/2627/6089
f 6149/2694/6148 5861/2359/5860 6150/2696/6149 6151/2695/6150
f 6149/2694/6148 6151/2695/6150 6097/2638/6096 6095/2635/6094
f 6151/2695/6150 6150/2696/6149 6152/2698/6151 6153/2697/6152
f 6151/2695/6150 6153/2697/6152 6099/2641/6098 6097/2638/6096
f 6153/2697/6152 6152/2698/6151 6154/2700/6153 6155/2699/6154
f 6153/2697/6152 6155/2699/6154 6156/2701/6155 6099/2641/6098
f 6156/2701/6155 6155/2699/6154 6157/2703/6156 6158/2702/6157
f 6156/2701/6155 6158/2702/6157 6104/2705/6103 6102/2704/6101
f 6156/2701/6155 6102/2704/6101 6100/2640/6099 6099/2641/6098
f 6158/2702/6157 6157/2703/6156 6159/2707/6158 6160/2706/6159
f 6158/2702/6157 6160/2706/6159 6161/2708/6160 6104/2705/6103
f 6161/2708/6160 6160/2706/6159 6162/2710/6161 6163/2709/6162
f 6161/2711/6160 6163/2713/6162 6164/2712/6163 6107/2650/6106
f 6161/2711/6160 6107/2650/6106 6105/2646/6104 6104/2647/6103
f 6164/2712/6163 6163/2713/6162 6165/2715/6164 6166/2714/6165
f 6164/2712/6163 6166/2714/6165 6167/2716/6166 6110/2653/6109
f 6164/2712/6163 6110/2653/6109 6108/2649/6107 6107/2650/6106
f 6167/2716/6166 6166/2714/6165 6168/2718/6167 6169/2717/6168
f 6167/2716/6166 6169/2717/6168 6170/2719/6169 6113/2656/6112
f 6167/2716/6166 6113/2656/6112 6111/2652/6110 6110/2653/6109
f 6170/2719/6169 6169/2717/6168 5572/623/5571 5573/624/5572
f 6170/2719/6169 5573/624/5572 4271/625/4271 6116/2659/6115
f 6170/2719/6169 6116/2659/6115 6114/2655/6113 6113/2656/6112
f 4271/625/4271 5574/626/5573 6117/2658/6116 6116/2659/6115
f 5574/626/5573 5571/561/5570 6118/2661/6117 6117/2658/6116
f 4273/627/4273 4272/628/4272 6171/2721/6170 6172/2720/6171
f 4273/627/4273 6172/2720/6171 6121/2664/6120 4219/565/4219
f 6172/2720/6171 6171/2721/6170 6173/2723/6172 6174/2722/6173
f 6172/2720/6171 6174/2722/6173 6123/2666/6122 6121/2664/6120
f 6174/2722/6173 6173/2723/6172 6175/2725/6174 6176/2724/6175
f 6174/2722/6173 6176/2724/6175 6125/2668/6124 6123/2666/6122
f 6176/2724/6175 6175/2725/6174 6177/2727/6176 6178/2726/6177
f 6176/2724/6175 6178/2726/6177 6127/2670/6126 6125/2668/6124
f 6178/2726/6177 6177/2727/6176 6179/2729/6178 6180/2728/6179
f 6178/2726/6177 6180/2728/6179 6181/2730/6180 6127/2670/6126
f 6181/2730/6180 6180/2728/6179 6182/2732/6181 6183/2731/6182
f 6181/2730/6180 6183/2731/6182 6184/2733/6183 6130/2673/6129
f 6181/2730/6180 6130/2673/6129 6128/2669/6127 6127/2670/6126
f 6184/2733/6183 6183/2731/6182 6185/2735/6184 6186/2734/6185
f 6184/2733/6183 6186/2734/6185 6187/2736/6186 6133/2676/6132
f 6184/2733/6183 6133/2676/6132 6131/2672/6130 6130/2673/6129
f 6187/2736/6186 6186/2734/6185 6188/2738/6187 6189/2737/6188
f 6187/2736/6186 6189/2737/6188 6190/2739/6189 6136/2680/6135
f 6187/2736/6186 6136/2680/6135 6134/2675/6133 6133/2676/6132
f 6190/2739/6189 6189/2737/6188 6191/2741/6190 6192/2740/6191
f 6190/2739/6189 6192/2740/6191 6193/2743/6192 6139/2742/6138
f 6190/2739/6189 6139/2742/6138 6137/2679/6136 6136/2680/6135
f 6193/2743/6192 6192/2740/6191 6194/2745/6193 6195/2744/6194
f 6193/2746/6192 6195/2748/6194 6196/2747/6195 6142/2688/6141
f 6193/2746/6192 6142/2688/6141 6140/2684/6139 6139/2685/6138
f 6196/2747/6195 6195/2748/6194 6197/2750/6196 6198/2749/6197
f 6196/2747/6195 6198/2749/6197 5859/2356/5858 6145/2691/6144
f 6196/2747/6195 6145/2691/6144 6143/2687/6142 6142/2688/6141
f 6198/2749/6197 6197/2750/6196 6199/2752/6198 6200/2751/6199
f 6198/2749/6197 6200/2751/6199 5860/2355/5859 5859/2356/5858
f 6200/2751/6199 6199/2752/6198 6201/2754/6200 6202/2753/6201
f 6200/2751/6199 6202/2753/6201 5863/2361/5862 5860/2355/5859
f 6202/2753/6201 6203/2756/6202 6204/2755/6203 5863/2361/5862
f 6202/2753/6201 6201/2754/6200 6205/2757/6204 6203/2756/6202
f 6205/2757/6204 6206/2759/6205 6207/2758/6206 6203/2756/6202
f 6205/2760/6204 6201/2763/6200 6208/2762/6207 6209/2761/6208
f 6205/2760/6204 6209/2761/6208 6210/2765/6209 6206/2764/6205
f 6210/2765/6209 6211/2767/6210 6212/2766/6211 6206/2764/6205
f 6210/2765/6209 6209/2761/6208 6213/2769/6212 6214/2768/6213
f 6210/2765/6209 6214/2768/6213 6215/2770/6214 6211/2767/6210
f 6215/2770/6214 4319/680/4319 4320/681/4320 6211/2767/6210
f 6215/2770/6214 6214/2768/6213 6216/2772/6215 6217/2771/6216
f 6215/2770/6214 6217/2771/6216 5575/684/5574 4319/680/4319
f 5575/684/5574 6217/2771/6216 6218/2773/6217 4324/686/4324
f 4326/687/4326 5576/688/5575 6219/2775/6218 6220/2774/6219
f 4326/687/4326 6220/2774/6219 6171/2721/6170 4272/628/4272
f 6220/2774/6219 6219/2775/6218 6221/2777/6220 6222/2776/6221
f 6220/2774/6219 6222/2776/6221 6173/2723/6172 6171/2721/6170
f 6222/2776/6221 6221/2777/6220 6223/2779/6222 6224/2778/6223
f 6222/2776/6221 6224/2778/6223 6175/2725/6174 6173/2723/6172
f 6224/2778/6223 6223/2779/6222 6225/2781/6224 6226/2780/6225
f 6224/2778/6223 6226/2780/6225 6177/2727/6176 6175/2725/6174
f 6226/2780/6225 6225/2781/6224 6227/2783/6226 6228/2782/6227
f 6226/2780/6225 6228/2782/6227 6179/2729/6178 6177/2727/6176
f 6228/2782/6227 6227/2783/6226 6229/2785/6228 6230/2784/6229
f 6228/2782/6227 6230/2784/6229 6231/2786/6230 6179/2729/6178
f 6231/2786/6230 6230/2784/6229 6232/2788/6231 6233/2787/6232
f 6231/2786/6230 6233/2787/6232 6234/2789/6233 6182/2732/6181
f 6231/2786/6230 6182/2732/6181 6180/2728/6179 6179/2729/6178
f 6234/2789/6233 6233/2787/6232 6235/2791/6234 6236/2790/6235
f 6234/2789/6233 6236/2790/6235 6237/2792/6236 6185/2735/6184
f 6234/2789/6233 6185/2735/6184 6183/2731/6182 6182/2732/6181
f 6237/2792/6236 6236/2790/6235 5878/2377/5877 5874/2371/5873
f 6237/2792/6236 5874/2371/5873 5873/2372/5872 6188/2738/6187
f 6237/2792/6236 6188/2738/6187 6186/2734/6185 6185/2735/6184
f 6236/2790/6235 6235/2791/6234 6238/2793/6237 5878/2377/5877
f 6238/2793/6237 6239/2796/6238 6240/2795/6239 6241/2794/6240
f 6238/2793/6237 6241/2794/6240 5875/2376/5874 5878/2377/5877
f 6238/2793/6237 6235/2791/6234 6242/2797/6241 6239/2796/6238
f 6242/2797/6241 6243/2799/6242 6244/2798/6243 6239/2796/6238
f 6242/2797/6241 6235/2791/6234 6233/2787/6232 6232/2788/6231
f 6242/2797/6241 6232/2788/6231 6245/2800/6244 6243/2799/6242
f 6245/2800/6244 6246/2802/6245 6247/2801/6246 6243/2799/6242
f 6245/2800/6244 6232/2788/6231 6230/2784/6229 6229/2785/6228
f 6245/2800/6244 6229/2785/6228 6248/2803/6247 6246/2802/6245
f 6248/2803/6247 6249/2805/6248 6250/2804/6249 6246/2802/6245
f 6248/2803/6247 6229/2785/6228 6227/2783/6226 6251/2806/6250
f 6248/2803/6247 6251/2806/6250 6252/2807/6251 6249/2805/6248
f 6252/2807/6251 6253/2809/6252 6254/2808/6253 6249/2805/6248
f 6252/2807/6251 6251/2806/6250 6255/2811/6254 6256/2810/6255
f 6252/2807/6251 6256/2810/6255 6257/2812/6256 6253/2809/6252
f 6257/2812/6256 6258/2814/6257 6259/2813/6258 6253/2809/6252
f 6257/2812/6256 6256/2810/6255 6260/2816/6259 6261/2815/6260
f 6257/2812/6256 6261/2815/6260 6262/2817/6261 6258/2814/6257
f 6262/2817/6261 6263/2819/6262 6264/2818/6263 6258/2814/6257
f 6262/2817/6261 6261/2815/6260 6265/2821/6264 6266/2820/6265
f 6262/2817/6261 6266/2820/6265 6267/2822/6266 6263/2819/6262
f 6267/2822/6266 6268/2824/6267 6269/2823/6268 6263/2819/6262
f 6267/2822/6266 6266/2820/6265 6270/2826/6269 6271/2825/6270
f 6267/2822/6266 6271/2825/6270 6272/2827/6271 6268/2824/6267
f 6272/2827/6271 6273/2829/6272 6274/2828/6273 6268/2824/6267
f 6272/2827/6271 6271/2825/6270 4383/745/4383 4384/746/4384
f 6272/2827/6271 4384/746/4384 4385/747/4385 6273/2829/6272
f 4385/747/4385 4386/748/4386 6275/2830/6274 6273/2829/6272
f 4388/750/4388 5577/751/5576 6276/2832/6275 6277/2831/6276
f 4388/750/4388 6277/2831/6276 6275/2830/6274 4386/748/4386
f 6277/2831/6276 6276/2832/6275 6278/2834/6277 6279/2833/6278
f 6277/2831/6276 6279/2833/6278 6280/2835/6279 6275/2830/6274
f 6280/2835/6279 6279/2833/6278 6281/2837/6280 6282/2836/6281
f 6280/2835/6279 6282/2836/6281 6283/2838/6282 6274/2828/6273
f 6280/2835/6279 6274/2828/6273 6273/2829/6272 6275/2830/6274
f 6283/2838/6282 6282/2836/6281 6284/2840/6283 6285/2839/6284
f 6283/2838/6282 6285/2839/6284 6286/2841/6285 6269/2823/6268
f 6283/2838/6282 6269/2823/6268 6268/2824/6267 6274/2828/6273
f 6286/2841/6285 6285/2839/6284 6287/2843/6286 6288/2842/6287
f 6286/2841/6285 6288/2842/6287 6289/2844/6288 6264/2818/6263
f 6286/2841/6285 6264/2818/6263 6263/2819/6262 6269/2823/6268
f 6289/2844/6288 6288/2842/6287 6290/2846/6289 6291/2845/6290
f 6289/2844/6288 6291/2845/6290 6292/2847/6291 6259/2813/6258
f 6289/2844/6288 6259/2813/6258 6258/2814/6257 6264/2818/6263
f 6292/2847/6291 6291/2845/6290 6293/2849/6292 6294/2848/6293
f 6292/2847/6291 6294/2848/6293 6295/2850/6294 6254/2808/6253
f 6292/2847/6291 6254/2808/6253 6253/2809/6252 6259/2813/6258
f 6295/2850/6294 6294/2848/6293 6296/2852/6295 6297/2851/6296
f 6295/2850/6294 6297/2851/6296 6298/2853/6297 6250/2804/6249
f 6295/2850/6294 6250/2804/6249 6249/2805/6248 6254/2808/6253
f 6298/2853/6297 6297/2851/6296 6299/2855/6298 6300/2854/6299
f 6298/2853/6297 6300/2854/6299 6301/2856/6300 6247/2801/6246
f 6298/2853/6297 6247/2801/6246 6246/2802/6245 6250/2804/6249
f 6301/2856/6300 6300/2854/6299 6302/2858/6301 6303/2857/6302
f 6301/2856/6300 6303/2857/6302 6304/2859/6303 6244/2798/6243
f 6301/2856/6300 6244/2798/6243 6243/2799/6242 6247/2801/6246
f 6304/2859/6303 6303/2857/6302 6305/2861/6304 6306/2860/6305
f 6304/2859/6303 6306/2860/6305 6307/2862/6306 6240/2795/6239
f 6304/2859/6303 6240/2795/6239 6239/2796/6238 6244/2798/6243
f 6307/2862/6306 6306/2860/6305 6308/2864/6307 6309/2863/6308
f 6307/2862/6306 6309/2863/6308 6310/2866/6309 6311/2865/6310
f 6307/2862/6306 6311/2865/6310 6241/2794/6240 6240/2795/6239
f 6311/2865/6310 6310/2866/6309 6312/2867/6311 5876/2375/5875
f 6311/2865/6310 5876/2375/5875 5875/2376/5874 6241/2794/6240
f 6312/2867/6311 6310/2866/6309 6313/2869/6312 6314/2868/6313
f 6312/2867/6311 6314/2868/6313 6315/2871/6314 6316/2870/6315
f 6312/2867/6311 6316/2870/6315 5877/2374/5876 5876/2375/5875
f 6316/2872/6315 6315/2875/6314 6317/2874/6316 6318/2873/6317
f 6316/2872/6315 6318/2873/6317 6319/2877/6318 5877/2876/5876
f 6319/2877/6318 6318/2873/6317 6320/2879/6319 6321/2878/6320
f 6319/2877/6318 6321/2878/6320 6322/2881/6321 6323/2880/6322
f 6319/2877/6318 6323/2880/6322 5655/2882/5654 5877/2876/5876
f 6323/2880/6322 6322/2881/6321 6324/2884/6323 6325/2883/6324
f 6323/2880/6322 6325/2883/6324 5872/2885/5871 5655/2882/5654
f 6325/2883/6324 6324/2884/6323 6326/2887/6325 6327/2886/6326
f 6325/2883/6324 6327/2886/6326 6328/2888/6327 5872/2885/5871
f 6328/2888/6327 6327/2886/6326 6329/2890/6328 6194/2889/6193
f 6328/2891/6327 6194/2745/6193 6192/2740/6191 6191/2741/6190
f 6328/2891/6327 6191/2741/6190 5873/2372/5872 5872/2373/5871
f 6329/2890/6328 6327/2886/6326 6326/2887/6325 6330/2892/6329
f 6329/2890/6328 6330/2892/6329 6199/2894/6198 6197/2893/6196
f 6329/2890/6328 6197/2893/6196 6195/2895/6194 6194/2889/6193
f 6330/2892/6329 6326/2887/6325 6331/2896/6330 6208/2762/6207
f 6330/2892/6329 6208/2762/6207 6201/2763/6200 6199/2894/6198
f 6331/2896/6330 6213/2769/6212 6209/2761/6208 6208/2762/6207
f 6331/2896/6330 6326/2887/6325 6324/2884/6323 6332/2897/6331
f 6331/2896/6330 6332/2897/6331 6333/2898/6332 6213/2769/6212
f 6333/2898/6332 6216/2772/6215 6214/2768/6213 6213/2769/6212
f 6333/2898/6332 6332/2897/6331 6334/2900/6333 6335/2899/6334
f 6333/2898/6332 6335/2899/6334 6336/2901/6335 6216/2772/6215
f 6336/2901/6335 6218/2773/6217 6217/2771/6216 6216/2772/6215
f 6336/2901/6335 6335/2899/6334 6337/2903/6336 6338/2902/6337
f 6336/2901/6335 6338/2902/6337 6339/2904/6338 6218/2773/6217
f 6339/2904/6338 6338/2902/6337 6340/2906/6339 6341/2905/6340
f 6339/2904/6338 6341/2905/6340 4455/828/4455 4325/829/4325
f 6339/2904/6338 4325/829/4325 4324/686/4324 6218/2773/6217
f 4455/828/4455 6341/2905/6340 6342/2907/6341 4457/831/4457
f 4459/832/4459 5578/833/5577 6343/2909/6342 6344/2908/6343
f 4459/832/4459 6344/2908/6343 6219/2775/6218 5576/688/5575
f 6344/2908/6343 6343/2909/6342 6345/2911/6344 6346/2910/6345
f 6344/2908/6343 6346/2910/6345 6221/2777/6220 6219/2775/6218
f 6346/2910/6345 6345/2911/6344 6260/2816/6259 6347/2912/6346
f 6346/2910/6345 6347/2912/6346 6223/2779/6222 6221/2777/6220
f 6347/2912/6346 6260/2816/6259 6256/2810/6255 6255/2811/6254
f 6347/2912/6346 6255/2811/6254 6225/2781/6224 6223/2779/6222
f 6345/2911/6344 6265/2821/6264 6261/2815/6260 6260/2816/6259
f 6345/2911/6344 6343/2909/6342 6348/2913/6347 6265/2821/6264
f 6348/2913/6347 6270/2826/6269 6266/2820/6265 6265/2821/6264
f 6348/2913/6347 6343/2909/6342 5578/833/5577 5579/840/5578
f 6348/2913/6347 5579/840/5578 4466/841/4466 6270/2826/6269
f 4466/841/4466 4383/745/4383 6271/2825/6270 6270/2826/6269
f 4469/2914/4469 6349/2917/6348 6350/2916/6349 4467/2915/4467
f 4469/2914/4469 4472/2919/4472 6351/2918/6350 6349/2917/6348
f 6351/2918/6350 6352/2921/6351 6353/2920/6352 6349/2917/6348
f 6351/2918/6350 4472/2919/4472 5580/2923/5579 6354/2922/6353
f 6351/2918/6350 6354/2922/6353 6355/2924/6354 6352/2921/6351
f 6355/2924/6354 6356/2926/6355 6357/2925/6356 6352/2921/6351
f 6355/2924/6354 6354/2922/6353 6358/2928/6357 6359/2927/6358
f 6355/2924/6354 6359/2927/6358 6360/2929/6359 6356/2926/6355
f 6360/2929/6359 6361/2931/6360 6362/2930/6361 6356/2926/6355
f 6360/2929/6359 6359/2927/6358 6363/2933/6362 6364/2932/6363
f 6360/2929/6359 6364/2932/6363 6365/2934/6364 6361/2931/6360
f 6365/2934/6364 6366/2936/6365 6367/2935/6366 6361/2931/6360
f 6365/2934/6364 6364/2932/6363 6368/2938/6367 6369/2937/6368
f 6365/2934/6364 6369/2937/6368 6370/2939/6369 6366/2936/6365
f 6370/2939/6369 6371/2941/6370 6372/2940/6371 6366/2936/6365
f 6370/2939/6369 6369/2937/6368 6373/2943/6372 6374/2942/6373
f 6370/2939/6369 6374/2942/6373 6375/2944/6374 6371/2941/6370
f 6375/2944/6374 6376/2946/6375 6377/2945/6376 6371/2941/6370
f 6375/2944/6374 6374/2942/6373 6378/2948/6377 6379/2947/6378
f 6375/2944/6374 6379/2947/6378 6380/2949/6379 6376/2946/6375
f 6380/2949/6379 6381/2951/6380 6382/2950/6381 6376/2946/6375
f 6380/2949/6379 6379/2947/6378 6383/2953/6382 6384/2952/6383
f 6380/2949/6379 6384/2952/6383 6385/2954/6384 6381/2951/6380
f 6385/2954/6384 6386/2956/6385 6387/2955/6386 6381/2951/6380
f 6385/2954/6384 6384/2952/6383 5687/2140/5686 5691/2141/5690
f 6385/2954/6384 5691/2141/5690 6388/2957/6387 6386/2956/6385
f 6388/2957/6387 6389/2959/6388 6390/2958/6389 6386/2956/6385
f 6388/2957/6387 5691/2141/5690 5690/2142/5689 6391/2960/6390
f 6388/2957/6387 6391/2960/6390 6392/2961/6391 6389/2959/6388
f 6392/2961/6391 6393/2963/6392 6394/2962/6393 6389/2959/6388
f 6392/2961/6391 6391/2960/6390 6395/2965/6394 6396/2964/6395
f 6392/2961/6391 6396/2964/6395 6397/2966/6396 6393/2963/6392
f 6397/2966/6396 5581/2968/5580 4520/2967/4520 6393/2963/6392
f 6397/2966/6396 6396/2964/6395 6398/2970/6397 6399/2969/6398
f 6397/2966/6396 6399/2969/6398 5582/2971/5581 5581/2968/5580
f 5582/2971/5581 6399/2969/6398 6400/2973/6399 5583/2972/5582
f 5585/2974/5584 5586/2976/5585 6401/2975/6400 6394/2962/6393
f 5585/2974/5584 6394/2962/6393 6393/2963/6392 4520/2967/4520
f 6401/2975/6400 5586/2976/5585 4526/2978/4526 6402/2977/6401
f 6401/2975/6400 6402/2977/6401 6403/2979/6402 6390/2958/6389
f 6401/2975/6400 6390/2958/6389 6389/2959/6388 6394/2962/6393
f 6403/2979/6402 6402/2977/6401 6404/2981/6403 6405/2980/6404
f 6403/2979/6402 6405/2980/6404 6406/2982/6405 6387/2955/6386
f 6403/2979/6402 6387/2955/6386 6386/2956/6385 6390/2958/6389
f 6406/2982/6405 6405/2980/6404 6407/2984/6406 6408/2983/6407
f 6406/2982/6405 6408/2983/6407 6409/2985/6408 6382/2950/6381
f 6406/2982/6405 6382/2950/6381 6381/2951/6380 6387/2955/6386
f 6409/2985/6408 6408/2983/6407 6410/2987/6409 6411/2986/6410
f 6409/2985/6408 6411/2986/6410 6412/2988/6411 6377/2945/6376
f 6409/2985/6408 6377/2945/6376 6376/2946/6375 6382/2950/6381
f 6412/2988/6411 6411/2986/6410 6413/2990/6412 6414/2989/6413
f 6412/2988/6411 6414/2989/6413 6415/2991/6414 6372/2940/6371
f 6412/2988/6411 6372/2940/6371 6371/2941/6370 6377/2945/6376
f 6415/2991/6414 6414/2989/6413 6416/2993/6415 6417/2992/6416
f 6415/2991/6414 6417/2992/6416 6418/2994/6417 6367/2935/6366
f 6415/2991/6414 6367/2935/6366 6366/2936/6365 6372/2940/6371
f 6418/2994/6417 6417/2992/6416 6419/2996/6418 6420/2995/6419
f 6418/2994/6417 6420/2995/6419 6421/2997/6420 6362/2930/6361
f 6418/2994/6417 6362/2930/6361 6361/2931/6360 6367/2935/6366
f 6421/2997/6420 6420/2995/6419 6422/2999/6421 6423/2998/6422
f 6421/2997/6420 6423/2998/6422 6424/3000/6423 6357/2925/6356
f 6421/2997/6420 6357/2925/6356 6356/2926/6355 6362/2930/6361
f 6424/3000/6423 6423/2998/6422 6425/3002/6424 6426/3001/6425
f 6424/3000/6423 6426/3001/6425 6427/3003/6426 6353/2920/6352
f 6424/3000/6423 6353/2920/6352 6352/2921/6351 6357/2925/6356
f 6427/3003/6426 6426/3001/6425 6428/3005/6427 6429/3004/6428
f 6427/3003/6426 6429/3004/6428 6430/3006/6429 6350/2916/6349
f 6427/3003/6426 6350/2916/6349 6349/2917/6348 6353/2920/6352
f 6430/3006/6429 6429/3004/6428 6431/3008/6430 6432/3007/6431
f 6430/3006/6429 6432/3007/6431 4558/3010/4558 4468/3009/4468
f 6430/3006/6429 4468/3009/4468 4467/2915/4467 6350/2916/6349
f 4558/3010/4558 6432/3007/6431 6433/3012/6432 4560/3011/4560
f 5588/941/5587 6434/3014/6433 6435/3013/6434 5587/944/5586
f 5588/3015/5587 4561/3018/4561 6436/3017/6435 6434/3016/6433
f 6436/3017/6435 6437/3020/6436 6438/3019/6437 6434/3016/6433
f 6436/3017/6435 4561/3018/4561 4560/3011/4560 6433/3012/6432
f 6436/3017/6435 6433/3012/6432 6439/3021/6438 6437/3020/6436
f 6439/3021/6438 6440/3023/6439 6441/3022/6440 6437/3020/6436
f 6439/3021/6438 6433/3012/6432 6432/3007/6431 6431/3008/6430
f 6439/3021/6438 6431/3008/6430 6442/3024/6441 6440/3023/6439
f 6442/3024/6441 6443/3026/6442 6444/3025/6443 6440/3023/6439
f 6442/3024/6441 6431/3008/6430 6429/3004/6428 6428/3005/6427
f 6442/3024/6441 6428/3005/6427 6445/3027/6444 6443/3026/6442
f 6445/3027/6444 6446/3029/6445 6447/3028/6446 6443/3026/6442
f 6445/3027/6444 6428/3005/6427 6426/3001/6425 6425/3002/6424
f 6445/3027/6444 6425/3002/6424 6448/3030/6447 6446/3029/6445
f 6448/3030/6447 6449/3032/6448 6450/3031/6449 6446/3029/6445
f 6448/3030/6447 6425/3002/6424 6423/2998/6422 6422/2999/6421
f 6448/3030/6447 6422/2999/6421 6451/3033/6450 6449/3032/6448
f 6451/3033/6450 6452/3035/6451 6453/3034/6452 6449/3032/6448
f 6451/3033/6450 6422/2999/6421 6420/2995/6419 6419/2996/6418
f 6451/3033/6450 6419/2996/6418 6454/3036/6453 6452/3035/6451
f 6454/3036/6453 6455/3038/6454 6456/3037/6455 6452/3035/6451
f 6454/3036/6453 6419/2996/6418 6417/2992/6416 6416/2993/6415
f 6454/3036/6453 6416/2993/6415 6457/3039/6456 6455/3038/6454
f 6457/3039/6456 6458/3041/6457 6459/3040/6458 6455/3038/6454
f 6457/3039/6456 6416/2993/6415 6414/2989/6413 6413/2990/6412
f 6457/3039/6456 6413/2990/6412 6460/3042/6459 6458/3041/6457
f 6460/3042/6459 6461/3044/6460 6462/3043/6461 6458/3041/6457
f 6460/3042/6459 6413/2990/6412 6411/2986/6410 6410/2987/6409
f 6460/3042/6459 6410/2987/6409 6463/3045/6462 6461/3044/6460
f 6463/3045/6462 6464/3047/6463 6465/3046/6464 6461/3044/6460
f 6463/3045/6462 6410/2987/6409 6408/2983/6407 6407/2984/6406
f 6463/3045/6462 6407/2984/6406 6466/3048/6465 6464/3047/6463
f 6466/3048/6465 4596/3050/4596 4597/3049/4597 6464/3047/6463
f 6466/3048/6465 6407/2984/6406 6405/2980/6404 6404/2981/6403
f 6466/3048/6465 6404/2981/6403 5589/3051/5588 4596/3050/4596
f 5589/3051/5588 6404/2981/6403 6402/2977/6401 4526/2978/4526
f 4598/3052/4598 4599/3054/4599 6467/3053/6466 6465/3046/6464
f 4598/3052/4598 6465/3046/6464 6464/3047/6463 4597/3049/4597
f 6467/3053/6466 4599/3054/4599 4601/3056/4601 6468/3055/6467
f 6467/3053/6466 6468/3055/6467 6469/3057/6468 6462/3043/6461
f 6467/3053/6466 6462/3043/6461 6461/3044/6460 6465/3046/6464
f 6469/3057/6468 6468/3055/6467 6470/3059/6469 6471/3058/6470
f 6469/3057/6468 6471/3058/6470 6472/3060/6471 6459/3040/6458
f 6469/3057/6468 6459/3040/6458 6458/3041/6457 6462/3043/6461
f 6472/3060/6471 6471/3058/6470 6473/3062/6472 6474/3061/6473
f 6472/3060/6471 6474/3061/6473 6475/3063/6474 6456/3037/6455
f 6472/3060/6471 6456/3037/6455 6455/3038/6454 6459/3040/6458
f 6475/3063/6474 6474/3061/6473 6476/3065/6475 6477/3064/6476
f 6475/3063/6474 6477/3064/6476 6478/3066/6477 6453/3034/6452
f 6475/3063/6474 6453/3034/6452 6452/3035/6451 6456/3037/6455
f 6478/3066/6477 6477/3064/6476 6479/3068/6478 6480/3067/6479
f 6478/3066/6477 6480/3067/6479 6481/3069/6480 6450/3031/6449
f 6478/3066/6477 6450/3031/6449 6449/3032/6448 6453/3034/6452
f 6481/3069/6480 6480/3067/6479 6482/3071/6481 6483/3070/6482
f 6481/3069/6480 6483/3070/6482 6484/3072/6483 6447/3028/6446
f 6481/3069/6480 6447/3028/6446 6446/3029/6445 6450/3031/6449
f 6484/3072/6483 6483/3070/6482 6485/3074/6484 6486/3073/6485
f 6484/3072/6483 6486/3073/6485 6487/3075/6486 6444/3025/6443
f 6484/3072/6483 6444/3025/6443 6443/3026/6442 6447/3028/6446
f 6487/3075/6486 6486/3073/6485 6488/3077/6487 6489/3076/6488
f 6487/3075/6486 6489/3076/6488 6490/3078/6489 6441/3022/6440
f 6487/3075/6486 6441/3022/6440 6440/3023/6439 6444/3025/6443
f 6490/3079/6489 6489/3082/6488 6491/3081/6490 6492/3080/6491
f 6490/3079/6489 6492/3080/6491 6493/3084/6492 6438/3083/6437
f 6490/3078/6489 6438/3019/6437 6437/3020/6436 6441/3022/6440
f 6493/3084/6492 6492/3080/6491 5728/2189/5727 5727/2190/5726
f 6493/3084/6492 5727/2190/5726 5732/2192/5731 6435/3013/6434
f 6493/3084/6492 6435/3013/6434 6434/3014/6433 6438/3083/6437
f 6492/3080/6491 6491/3081/6490 6494/3085/6493 5728/2189/5727
f 6494/3085/6493 5717/2173/5716 5716/2171/5715 6495/3086/6494
f 6494/3085/6493 6495/3086/6494 5729/2188/5728 5728/2189/5727
f 6494/3085/6493 6491/3081/6490 6496/3087/6495 5717/2173/5716
f 6496/3087/6495 6497/3088/6496 5718/2172/5717 5717/2173/5716
f 6496/3087/6495 6491/3081/6490 6489/3082/6488 6488/3089/6487
f 6496/3087/6495 6488/3089/6487 6498/3090/6497 6497/3088/6496
f 6498/3090/6497 6499/3092/6498 6500/3091/6499 6497/3088/6496
f 6498/3093/6497 6488/3077/6487 6486/3073/6485 6485/3074/6484
f 6498/3093/6497 6485/3074/6484 6501/3095/6500 6499/3094/6498
f 6501/3095/6500 5684/2131/5683 5683/2132/5682 6499/3094/6498
f 6501/3095/6500 6485/3074/6484 6483/3070/6482 6482/3071/6481
f 6501/3095/6500 6482/3071/6481 6502/3096/6501 5684/2131/5683
f 6502/3096/6501 6503/3097/6502 5680/2130/5679 5684/2131/5683
f 6502/3096/6501 6482/3071/6481 6480/3067/6479 6479/3068/6478
f 6502/3096/6501 6479/3068/6478 6504/3098/6503 6503/3097/6502
f 6504/3098/6503 6505/3100/6504 6506/3099/6505 6503/3097/6502
f 6504/3098/6503 6479/3068/6478 6477/3064/6476 6476/3065/6475
f 6504/3098/6503 6476/3065/6475 6507/3101/6506 6505/3100/6504
f 6507/3101/6506 6508/3103/6507 6509/3102/6508 6505/3100/6504
f 6507/3101/6506 6476/3065/6475 6474/3061/6473 6473/3062/6472
f 6507/3101/6506 6473/3062/6472 6510/3104/6509 6508/3103/6507
f 6510/3104/6509 5590/3106/5589 5591/3105/5590 6508/3103/6507
f 6510/3104/6509 6473/3062/6472 6471/3058/6470 6470/3059/6469
f 6510/3104/6509 6470/3059/6469 5592/3107/5591 5590/3106/5589
f 5592/3107/5591 6470/3059/6469 6468/3055/6467 4601/3056/4601
f 5593/3108/5592 6511/3111/6510 6512/3110/6511 4645/3109/4645
f 5593/3108/5592 4649/3113/4649 6513/3112/6512 6511/3111/6510
f 6513/3112/6512 6514/3115/6513 6515/3114/6514 6511/3111/6510
f 6513/3112/6512 4649/3113/4649 5594/3117/5593 6516/3116/6515
f 6513/3112/6512 6516/3116/6515 6517/3118/6516 6514/3115/6513
f 6517/3118/6516 6518/3120/6517 6519/3119/6518 6514/3115/6513
f 6517/3118/6516 6516/3116/6515 6520/3121/6519 5698/2150/5697
f 6517/3118/6516 5698/2150/5697 5695/2145/5694 6518/3120/6517
f 6520/3121/6519 6516/3116/6515 5594/3117/5593 4524/3122/4524
f 6520/3121/6519 4524/3122/4524 5584/3124/5583 6521/3123/6520
f 6520/3121/6519 6521/3123/6520 5696/2149/5695 5698/2150/5697
f 6521/3123/6520 5584/3124/5583 5583/2972/5582 6400/2973/6399
f 6521/3123/6520 6400/2973/6399 5697/2148/5696 5696/2149/5695
f 6519/3119/6518 6522/3127/6521 6523/3126/6522 6524/3125/6523
f 6519/3119/6518 6524/3125/6523 6515/3114/6514 6514/3115/6513
f 6519/3119/6518 6518/3120/6517 6525/3128/6524 6522/3127/6521
f 6525/3128/6524 6526/3130/6525 6527/3129/6526 6522/3127/6521
f 6525/3128/6524 6518/3120/6517 5695/2145/5694 5694/2146/5693
f 6525/3128/6524 5694/2146/5693 6528/3131/6527 6526/3130/6525
f 6528/3131/6527 6529/3132/6528 6395/2965/6394 5692/2143/5691
f 6528/3131/6527 5692/2143/5691 5689/2138/5688 6526/3130/6525
f 6528/3131/6527 5694/2146/5693 5693/2147/5692 6529/3132/6528
f 6529/3132/6528 6398/2970/6397 6396/2964/6395 6395/2965/6394
f 6529/3132/6528 5693/2147/5692 5697/2148/5696 6398/2970/6397
f 6527/3129/6526 5688/2139/5687 6383/2953/6382 6530/3133/6529
f 6527/3129/6526 6530/3133/6529 6523/3126/6522 6522/3127/6521
f 6527/3129/6526 6526/3130/6525 5689/2138/5688 5688/2139/5687
f 6530/3133/6529 6383/2953/6382 6379/2947/6378 6378/2948/6377
f 6530/3133/6529 6378/2948/6377 6531/3134/6530 6523/3126/6522
f 6531/3134/6530 6378/2948/6377 6374/2942/6373 6373/2943/6372
f 6531/3134/6530 6373/2943/6372 6532/3136/6531 6533/3135/6532
f 6531/3134/6530 6533/3135/6532 6524/3125/6523 6523/3126/6522
f 6533/3135/6532 6532/3136/6531 6534/3138/6533 6535/3137/6534
f 6533/3135/6532 6535/3137/6534 6515/3114/6514 6524/3125/6523
f 6535/3137/6534 6534/3138/6533 6536/3139/6535 6512/3110/6511
f 6535/3137/6534 6512/3110/6511 6511/3111/6510 6515/3114/6514
f 6536/3139/6535 6534/3138/6533 6537/3141/6536 6538/3140/6537
f 6536/3139/6535 6538/3140/6537 5595/3143/5594 4646/3142/4646
f 6536/3139/6535 4646/3142/4646 4645/3109/4645 6512/3110/6511
f 5595/3143/5594 6538/3140/6537 6539/3145/6538 5596/3144/5595
f 4677/3146/4677 5597/3148/5596 6540/3147/6539 6509/3102/6508
f 4677/3146/4677 6509/3102/6508 6508/3103/6507 5591/3105/5590
f 6540/3147/6539 5597/3148/5596 5598/3150/5597 6541/3149/6540
f 6540/3147/6539 6541/3149/6540 5681/2129/5680 6506/3099/6505
f 6540/3147/6539 6506/3099/6505 6505/3100/6504 6509/3102/6508
f 6541/3149/6540 5598/3150/5597 4680/3152/4680 6542/3151/6541
f 6541/3149/6540 6542/3151/6541 5682/2128/5681 5681/2129/5680
f 6542/3153/6541 6543/3154/6542 5685/2135/5684 5682/2136/5681
f 6542/3153/6541 4680/3156/4680 5599/3155/5598 6543/3154/6542
f 5599/3155/5598 4683/3158/4683 6544/3157/6543 6543/3154/6542
f 5600/3159/5599 4685/3162/4685 6545/3161/6544 6546/3160/6545
f 5600/3159/5599 6546/3160/6545 6544/3157/6543 4683/3158/4683
f 6546/3160/6545 6545/3161/6544 6547/3164/6546 6548/3163/6547
f 6546/3160/6545 6548/3163/6547 6549/3165/6548 6544/3157/6543
f 6549/3165/6548 6548/3163/6547 6550/3167/6549 6551/3166/6550
f 6549/3165/6548 6551/3166/6550 5686/2134/5685 5685/2135/5684
f 6549/3165/6548 5685/2135/5684 6543/3154/6542 6544/3157/6543
f 6551/3166/6550 6550/3167/6549 6552/3169/6551 6553/3168/6552
f 6551/3166/6550 6553/3168/6552 6554/3170/6553 5686/2134/5685
f 6554/3170/6553 6553/3168/6552 6555/3172/6554 6556/3171/6555
f 6554/3170/6553 6556/3171/6555 6557/3174/6556 6558/3173/6557
f 6554/3170/6553 6558/3173/6557 5619/2133/5618 5686/2134/5685
f 6558/3173/6557 6557/3174/6556 6559/3176/6558 6560/3175/6559
f 6558/3173/6557 6560/3175/6559 5683/3177/5682 5619/2133/5618
f 6560/3175/6559 6559/3176/6558 5719/2174/5718 6500/3091/6499
f 6560/3175/6559 6500/3091/6499 6499/3092/6498 5683/3177/5682
f 6559/3176/6558 6557/3174/6556 6561/3179/6560 6562/3178/6561
f 6559/3176/6558 6562/3178/6561 5711/2168/5710 5719/2174/5718
f 6562/3178/6561 6561/3179/6560 6563/3181/6562 6564/3180/6563
f 6562/3178/6561 6564/3180/6563 5712/2167/5711 5711/2168/5710
f 6564/3180/6563 6563/3181/6562 6565/3183/6564 6566/3182/6565
f 6564/3180/6563 6566/3182/6565 6567/3184/6566 5712/2167/5711
f 6567/3184/6566 6566/3182/6565 6568/3186/6567 6569/3185/6568
f 6567/3184/6566 6569/3185/6568 6570/3188/6569 6571/3187/6570
f 6567/3184/6566 6571/3187/6570 5713/2166/5712 5712/2167/5711
f 6571/3187/6570 6570/3188/6569 6572/3190/6571 6573/3189/6572
f 6571/3187/6570 6573/3189/6572 5714/2170/5713 5713/2166/5712
f 6573/3189/6572 6572/3190/6571 6574/3192/6573 6575/3191/6574
f 6573/3189/6572 6575/3191/6574 6576/3193/6575 5714/2170/5713
f 6576/3193/6575 6577/3194/6576 5715/2169/5714 5714/2170/5713
f 6576/3193/6575 6575/3191/6574 6578/3196/6577 6579/3195/6578
f 6576/3193/6575 6579/3195/6578 6580/3197/6579 6577/3194/6576
f 6580/3197/6579 5706/2160/5705 5705/2161/5704 6577/3194/6576
f 6580/3197/6579 6579/3195/6578 6581/3199/6580 6582/3198/6581
f 6580/3197/6579 6582/3198/6581 6583/3200/6582 5706/2160/5705
f 6583/3200/6582 6582/3198/6581 6584/3202/6583 6585/3201/6584
f 6583/3200/6582 6585/3201/6584 6586/3204/6585 6587/3203/6586
f 6583/3200/6582 6587/3203/6586 5707/2159/5706 5706/2160/5705
f 6587/3203/6586 6586/3204/6585 6588/3206/6587 6589/3205/6588
f 6587/3203/6586 6589/3205/6588 5708/2163/5707 5707/2159/5706
f 6589/3205/6588 6588/3206/6587 6278/2834/6277 5730/2193/5729
f 6589/3205/6588 5730/2193/5729 5729/2188/5728 5708/2163/5707
f 6588/3206/6587 6586/3204/6585 6590/3207/6589 6281/2837/6280
f 6588/3206/6587 6281/2837/6280 6279/2833/6278 6278/2834/6277
f 6590/3207/6589 6586/3204/6585 6585/3201/6584 6591/3208/6590
f 6590/3207/6589 6591/3208/6590 6592/3209/6591 6284/2840/6283
f 6590/3207/6589 6284/2840/6283 6282/2836/6281 6281/2837/6280
f 6592/3209/6591 6591/3208/6590 6593/3211/6592 6594/3210/6593
f 6592/3209/6591 6594/3210/6593 6595/3212/6594 6287/2843/6286
f 6592/3209/6591 6287/2843/6286 6285/2839/6284 6284/2840/6283
f 6595/3212/6594 6594/3210/6593 6596/3214/6595 6597/3213/6596
f 6595/3212/6594 6597/3213/6596 6598/3215/6597 6290/2846/6289
f 6595/3212/6594 6290/2846/6289 6288/2842/6287 6287/2843/6286
f 6598/3215/6597 6597/3213/6596 6599/3217/6598 6600/3216/6599
f 6598/3215/6597 6600/3216/6599 6601/3218/6600 6293/2849/6292
f 6598/3215/6597 6293/2849/6292 6291/2845/6290 6290/2846/6289
f 6601/3218/6600 6600/3216/6599 6602/3220/6601 6603/3219/6602
f 6601/3218/6600 6603/3219/6602 6604/3221/6603 6296/2852/6295
f 6601/3218/6600 6296/2852/6295 6294/2848/6293 6293/2849/6292
f 6604/3221/6603 6603/3219/6602 6605/3223/6604 6606/3222/6605
f 6604/3221/6603 6606/3222/6605 6607/3224/6606 6299/2855/6298
f 6604/3221/6603 6299/2855/6298 6297/2851/6296 6296/2852/6295
f 6607/3224/6606 6606/3222/6605 6608/3226/6607 6609/3225/6608
f 6607/3224/6606 6609/3225/6608 6610/3227/6609 6302/2858/6301
f 6607/3224/6606 6302/2858/6301 6300/2854/6299 6299/2855/6298
f 6610/3227/6609 6609/3225/6608 6611/3229/6610 6612/3228/6611
f 6610/3227/6609 6612/3228/6611 6613/3230/6612 6305/2861/6304
f 6610/3227/6609 6305/2861/6304 6303/2857/6302 6302/2858/6301
f 6613/3230/6612 6612/3228/6611 6614/3232/6613 6615/3231/6614
f 6613/3230/6612 6615/3231/6614 6616/3233/6615 6308/2864/6307
f 6613/3230/6612 6308/2864/6307 6306/2860/6305 6305/2861/6304
f 6616/3233/6615 6615/3231/6614 6617/3235/6616 6618/3234/6617
f 6616/3233/6615 6618/3234/6617 6619/3237/6618 6620/3236/6619
f 6616/3233/6615 6620/3236/6619 6309/2863/6308 6308/2864/6307
f 6620/3236/6619 6619/3237/6618 6621/3238/6620 6313/2869/6312
f 6620/3236/6619 6313/2869/6312 6310/2866/6309 6309/2863/6308
f 6621/3238/6620 6619/3237/6618 6622/3240/6621 6623/3239/6622
f 6621/3238/6620 6623/3239/6622 6624/3242/6623 6625/3241/6624
f 6621/3238/6620 6625/3241/6624 6314/2868/6313 6313/2869/6312
f 6625/3241/6624 6624/3242/6623 6626/3244/6625 6627/3243/6626
f 6625/3241/6624 6627/3243/6626 6315/2871/6314 6314/2868/6313
f 6627/3245/6626 6626/3248/6625 6628/3247/6627 6629/3246/6628
f 6627/3245/6626 6629/3246/6628 6317/2874/6316 6315/2875/6314
f 6629/3246/6628 6628/3247/6627 5879/2381/5878 5885/2384/5884
f 6629/3246/6628 5885/2384/5884 6630/3249/6629 6317/2874/6316
f 6630/3249/6629 5885/2384/5884 5884/2385/5883 6631/3250/6630
f 6630/3249/6629 6631/3250/6630 6632/3251/6631 6320/2879/6319
f 6630/3249/6629 6320/2879/6319 6318/2873/6317 6317/2874/6316
f 6632/3251/6631 6633/3253/6632 6337/2903/6336 6634/3252/6633
f 6632/3251/6631 6634/3252/6633 6321/2878/6320 6320/2879/6319
f 6632/3251/6631 6631/3250/6630 6635/3254/6634 6633/3253/6632
f 6635/3254/6634 6631/3250/6630 5884/2385/5883 6636/3255/6635
f 6635/3254/6634 6636/3255/6635 6637/3257/6636 6638/3256/6637
f 6635/3254/6634 6638/3256/6637 6340/2906/6339 6633/3253/6632
f 6638/3256/6637 6637/3257/6636 6639/3258/6638 6342/2907/6341
f 6638/3256/6637 6342/2907/6341 6341/2905/6340 6340/2906/6339
f 6639/3258/6638 6637/3257/6636 6640/3260/6639 6641/3259/6640
f 6639/3258/6638 6641/3259/6640 4783/1191/4783 4458/1192/4458
f 6639/3258/6638 4458/1192/4458 4457/831/4457 6342/2907/6341
f 4783/1191/4783 6641/3259/6640 6642/3261/6641 5601/1194/5600
f 4788/3262/4788 4787/3265/4787 6643/3264/6642 6644/3263/6643
f 4788/3262/4788 6644/3263/6643 6545/3161/6544 4685/3162/4685
f 6644/3263/6643 6643/3264/6642 6645/3267/6644 6646/3266/6645
f 6644/3263/6643 6646/3266/6645 6547/3164/6546 6545/3161/6544
f 6646/3266/6645 6645/3267/6644 6647/3269/6646 6648/3268/6647
f 6646/3266/6645 6648/3268/6647 6649/3270/6648 6547/3164/6546
f 6649/3270/6648 6648/3268/6647 6650/3272/6649 6651/3271/6650
f 6649/3270/6648 6651/3271/6650 6552/3169/6551 6550/3167/6549
f 6649/3270/6648 6550/3167/6549 6548/3163/6547 6547/3164/6546
f 6651/3271/6650 6650/3272/6649 6652/3274/6651 6653/3273/6652
f 6651/3271/6650 6653/3273/6652 6654/3275/6653 6552/3169/6551
f 6654/3275/6653 6653/3273/6652 6655/3277/6654 6656/3276/6655
f 6654/3275/6653 6656/3276/6655 6657/3278/6656 6555/3172/6554
f 6654/3275/6653 6555/3172/6554 6553/3168/6552 6552/3169/6551
f 6657/3278/6656 6656/3276/6655 6658/3280/6657 6659/3279/6658
f 6657/3278/6656 6659/3279/6658 6660/3282/6659 6661/3281/6660
f 6657/3278/6656 6661/3281/6660 6556/3171/6555 6555/3172/6554
f 6661/3281/6660 6660/3282/6659 6563/3181/6562 6561/3179/6560
f 6661/3281/6660 6561/3179/6560 6557/3174/6556 6556/3171/6555
f 6660/3282/6659 6659/3279/6658 6662/3284/6661 6663/3283/6662
f 6660/3282/6659 6663/3283/6662 6565/3183/6564 6563/3181/6562
f 6663/3283/6662 6662/3284/6661 6664/3286/6663 6665/3285/6664
f 6663/3283/6662 6665/3285/6664 6666/3287/6665 6565/3183/6564
f 6666/3287/6665 6665/3285/6664 6667/3289/6666 6668/3288/6667
f 6666/3287/6665 6668/3288/6667 6669/3290/6668 6568/3186/6567
f 6666/3287/6665 6568/3186/6567 6566/3182/6565 6565/3183/6564
f 6669/3290/6668 6668/3288/6667 5802/2286/5801 6670/3291/6669
f 6669/3290/6668 6670/3291/6669 6671/3293/6670 6672/3292/6671
f 6669/3290/6668 6672/3292/6671 6569/3185/6568 6568/3186/6567
f 6672/3292/6671 6671/3293/6670 6673/3295/6672 6674/3294/6673
f 6672/3292/6671 6674/3294/6673 6570/3188/6569 6569/3185/6568
f 6674/3294/6673 6673/3295/6672 6675/3297/6674 6676/3296/6675
f 6674/3294/6673 6676/3296/6675 6572/3190/6571 6570/3188/6569
f 6676/3296/6675 6675/3297/6674 6677/3299/6676 6678/3298/6677
f 6676/3296/6675 6678/3298/6677 6574/3192/6573 6572/3190/6571
f 6678/3298/6677 6677/3299/6676 6679/3301/6678 6680/3300/6679
f 6678/3298/6677 6680/3300/6679 6681/3302/6680 6574/3192/6573
f 6681/3302/6680 6578/3196/6577 6575/3191/6574 6574/3192/6573
f 6681/3302/6680 6680/3300/6679 5699/2154/5698 5703/2155/5702
f 6681/3302/6680 5703/2155/5702 6682/3303/6681 6578/3196/6577
f 6682/3303/6681 6581/3199/6580 6579/3195/6578 6578/3196/6577
f 6682/3303/6681 5703/2155/5702 5702/2156/5701 6683/3304/6682
f 6682/3303/6681 6683/3304/6682 6684/3305/6683 6581/3199/6580
f 6684/3305/6683 6683/3304/6682 6685/3307/6684 6686/3306/6685
f 6684/3305/6683 6686/3306/6685 6593/3211/6592 6584/3202/6583
f 6684/3305/6683 6584/3202/6583 6582/3198/6581 6581/3199/6580
f 6686/3306/6685 6685/3307/6684 6687/3308/6686 6596/3214/6595
f 6686/3306/6685 6596/3214/6595 6594/3210/6593 6593/3211/6592
f 6687/3308/6686 6685/3307/6684 5704/2157/5703 6688/3309/6687
f 6687/3308/6686 6688/3309/6687 6689/3310/6688 6599/3217/6598
f 6687/3308/6686 6599/3217/6598 6597/3213/6596 6596/3214/6595
f 6689/3310/6688 6688/3309/6687 6690/3312/6689 6691/3311/6690
f 6689/3310/6688 6691/3311/6690 6692/3313/6691 6602/3220/6601
f 6689/3310/6688 6602/3220/6601 6600/3216/6599 6599/3217/6598
f 6692/3313/6691 6691/3311/6690 6693/3315/6692 6694/3314/6693
f 6692/3313/6691 6694/3314/6693 6695/3316/6694 6605/3223/6604
f 6692/3313/6691 6605/3223/6604 6603/3219/6602 6602/3220/6601
f 6695/3316/6694 6694/3314/6693 6696/3318/6695 6697/3317/6696
f 6695/3316/6694 6697/3317/6696 6698/3319/6697 6608/3226/6607
f 6695/3316/6694 6608/3226/6607 6606/3222/6605 6605/3223/6604
f 6698/3319/6697 6697/3317/6696 6699/3321/6698 6700/3320/6699
f 6698/3319/6697 6700/3320/6699 6701/3322/6700 6611/3229/6610
f 6698/3319/6697 6611/3229/6610 6609/3225/6608 6608/3226/6607
f 6701/3322/6700 6700/3320/6699 6702/3324/6701 6703/3323/6702
f 6701/3322/6700 6703/3323/6702 6704/3325/6703 6614/3232/6613
f 6701/3322/6700 6614/3232/6613 6612/3228/6611 6611/3229/6610
f 6704/3325/6703 6703/3323/6702 6705/3327/6704 6706/3326/6705
f 6704/3325/6703 6706/3326/6705 6707/3328/6706 6617/3235/6616
f 6704/3325/6703 6617/3235/6616 6615/3231/6614 6614/3232/6613
f 6707/3328/6706 6706/3326/6705 6708/3330/6707 6709/3329/6708
f 6707/3328/6706 6709/3329/6708 6710/3332/6709 6711/3331/6710
f 6707/3328/6706 6711/3331/6710 6618/3234/6617 6617/3235/6616
f 6711/3331/6710 6710/3332/6709 6712/3333/6711 6622/3240/6621
f 6711/3331/6710 6622/3240/6621 6619/3237/6618 6618/3234/6617
f 6712/3333/6711 6710/3332/6709 6713/3335/6712 6714/3334/6713
f 6712/3333/6711 6714/3334/6713 6715/3337/6714 6716/3336/6715
f 6712/3333/6711 6716/3336/6715 6623/3239/6622 6622/3240/6621
f 6716/3336/6715 6715/3337/6714 6717/3339/6716 6718/3338/6717
f 6716/3336/6715 6718/3338/6717 6624/3242/6623 6623/3239/6622
f 6718/3338/6717 6717/3339/6716 6719/3341/6718 6720/3340/6719
f 6718/3338/6717 6720/3340/6719 6626/3244/6625 6624/3242/6623
f 6720/3342/6719 6719/3345/6718 6721/3344/6720 6722/3343/6721
f 6720/3342/6719 6722/3343/6721 6628/3247/6627 6626/3248/6625
f 6722/3343/6721 6721/3344/6720 6723/3346/6722 5880/2380/5879
f 6722/3343/6721 5880/2380/5879 5879/2381/5878 6628/3247/6627
f 6723/3346/6722 6721/3344/6720 6724/3348/6723 6725/3347/6724
f 6723/3346/6722 6725/3347/6724 6726/3350/6725 6727/3349/6726
f 6723/3346/6722 6727/3349/6726 5881/2379/5880 5880/2380/5879
f 6727/3349/6726 6726/3350/6725 6728/3352/6727 6729/3351/6728
f 6727/3349/6726 6729/3351/6728 5882/2383/5881 5881/2379/5880
f 6729/3351/6728 6728/3352/6727 6730/3354/6729 6731/3353/6730
f 6729/3351/6728 6731/3353/6730 6732/3355/6731 5882/2383/5881
f 6732/3355/6731 6731/3353/6730 6733/3357/6732 6734/3356/6733
f 6732/3355/6731 6734/3356/6733 6735/3359/6734 6736/3358/6735
f 6732/3355/6731 6736/3358/6735 5883/2382/5882 5882/2383/5881
f 6736/3358/6735 6735/3359/6734 6737/3361/6736 6738/3360/6737
f 6736/3358/6735 6738/3360/6737 6739/3362/6738 5883/2382/5882
f 6739/3362/6738 6738/3360/6737 6740/3364/6739 6741/3363/6740
f 6739/3362/6738 6741/3363/6740 6640/3260/6639 6742/3365/6741
f 6739/3362/6738 6742/3365/6741 5656/2378/5655 5883/2382/5882
f 6742/3365/6741 6640/3260/6639 6637/3257/6636 6636/3255/6635
f 6742/3365/6741 6636/3255/6635 5884/2385/5883 5656/2378/5655
f 6741/3363/6740 6740/3364/6739 6743/3366/6742 6642/3261/6641
f 6741/3363/6740 6642/3261/6641 6641/3259/6640 6640/3260/6639
f 6743/3366/6742 6740/3364/6739 6744/3368/6743 6745/3367/6744
f 6743/3366/6742 6745/3367/6744 4786/1302/4786 4785/1303/4785
f 6743/3366/6742 4785/1303/4785 5601/1194/5600 6642/3261/6641
f 6745/3367/6744 6744/3368/6743 6746/3370/6745 6747/3369/6746
f 6745/3367/6744 6747/3369/6746 4894/1306/4894 4786/1302/4786
f 4894/1306/4894 6747/3369/6746 6748/3371/6747 4896/1308/4896
f 4898/1309/4898 6749/3373/6748 6750/3372/6749 4897/1312/4897
f 4898/1309/4898 4901/1313/4901 6751/3374/6750 6749/3373/6748
f 6751/3374/6750 6752/3376/6751 6753/3375/6752 6749/3373/6748
f 6751/3374/6750 4901/1313/4901 5602/1317/5601 6754/3377/6753
f 6751/3374/6750 6754/3377/6753 6755/3378/6754 6752/3376/6751
f 6755/3378/6754 6756/3380/6755 6757/3379/6756 6752/3376/6751
f 6755/3378/6754 6754/3377/6753 6748/3371/6747 6758/3381/6757
f 6755/3378/6754 6758/3381/6757 6759/3382/6758 6756/3380/6755
f 6759/3382/6758 6760/3384/6759 6761/3383/6760 6756/3380/6755
f 6759/3382/6758 6758/3381/6757 6746/3370/6745 6762/3385/6761
f 6759/3382/6758 6762/3385/6761 6763/3386/6762 6760/3384/6759
f 6763/3386/6762 6764/3387/6763 5866/2364/5865 6760/3384/6759
f 6763/3386/6762 6762/3385/6761 6737/3361/6736 6735/3359/6734
f 6763/3386/6762 6735/3359/6734 6734/3356/6733 6764/3387/6763
f 6764/3387/6763 6765/3388/6764 5867/2363/5866 5866/2364/5865
f 6764/3387/6763 6734/3356/6733 6733/3357/6732 6765/3388/6764
f 6765/3388/6764 6766/3389/6765 5871/2369/5870 5867/2363/5866
f 6765/3388/6764 6733/3357/6732 6767/3390/6766 6766/3389/6765
f 6767/3390/6766 6768/3392/6767 6769/3391/6768 6766/3389/6765
f 6767/3390/6766 6733/3357/6732 6731/3353/6730 6730/3354/6729
f 6767/3390/6766 6730/3354/6729 6770/3393/6769 6768/3392/6767
f 6770/3394/6769 6771/3397/6770 6772/3396/6771 6773/3395/6772
f 6770/3394/6769 6773/3395/6772 6774/3399/6773 6768/3398/6767
f 6770/3393/6769 6730/3354/6729 6728/3352/6727 6771/3400/6770
f 6774/3399/6773 6773/3395/6772 6775/3402/6774 6776/3401/6775
f 6774/3399/6773 6776/3401/6775 6777/3404/6776 6778/3403/6777
f 6774/3399/6773 6778/3403/6777 6769/3405/6768 6768/3398/6767
f 6778/3406/6777 6777/3409/6776 6779/3408/6778 6780/3407/6779
f 6778/3406/6777 6780/3407/6779 6781/3411/6780 6769/3410/6768
f 6781/3411/6780 6780/3407/6779 6782/3413/6781 6783/3412/6782
f 6781/3414/6780 6783/3415/6782 5868/2368/5867 5871/2369/5870
f 6781/3414/6780 5871/2369/5870 6766/3389/6765 6769/3391/6768
f 6783/3412/6782 6782/3413/6781 6784/3417/6783 6785/3416/6784
f 6783/3415/6782 6785/3418/6784 5869/2367/5868 5868/2368/5867
f 6785/3416/6784 6784/3417/6783 6786/3420/6785 6787/3419/6786
f 6785/3418/6784 6787/3422/6786 6788/3421/6787 5869/2367/5868
f 6788/3421/6787 6789/3425/6788 6790/3424/6789 6791/3423/6790
f 6788/3421/6787 6791/3423/6790 5870/2366/5869 5869/2367/5868
f 6788/3421/6787 6787/3422/6786 6792/3426/6791 6789/3425/6788
f 6792/3427/6791 6787/3419/6786 6786/3420/6785 6793/3428/6792
f 6792/3427/6791 6793/3428/6792 6794/3430/6793 6795/3429/6794
f 6792/3426/6791 6795/3432/6794 6796/3431/6795 6789/3425/6788
f 6796/3433/6795 6795/3435/6794 6797/3434/6796 5854/2351/5853
f 6796/3433/6795 5854/2351/5853 5853/2347/5852 6798/3436/6797
f 6796/3431/6795 6798/3437/6797 6790/3424/6789 6789/3425/6788
f 6798/3436/6797 5853/2347/5852 5852/2348/5851 6799/3438/6798
f 6798/3437/6797 6799/3440/6798 6800/3439/6799 6790/3424/6789
f 6800/3439/6799 6799/3440/6798 6801/3442/6800 6802/3441/6801
f 6800/3439/6799 6802/3441/6801 6803/3444/6802 6804/3443/6803
f 6800/3439/6799 6804/3443/6803 6791/3423/6790 6790/3424/6789
f 6804/3443/6803 6803/3444/6802 6805/3446/6804 6806/3445/6805
f 6804/3443/6803 6806/3445/6805 5870/2366/5869 6791/3423/6790
f 6806/3445/6805 6805/3446/6804 6807/3448/6806 6808/3447/6807
f 6806/3445/6805 6808/3447/6807 5654/2362/5653 5870/2366/5869
f 6808/3447/6807 6807/3448/6806 6809/3450/6808 6810/3449/6809
f 6808/3447/6807 6810/3449/6809 5865/2365/5864 5654/2362/5653
f 6810/3449/6809 6809/3450/6808 6811/3452/6810 6812/3451/6811
f 6810/3449/6809 6812/3451/6811 6761/3383/6760 5865/2365/5864
f 6812/3451/6811 6811/3452/6810 6813/3453/6812 6757/3379/6756
f 6812/3451/6811 6757/3379/6756 6756/3380/6755 6761/3383/6760
f 6813/3453/6812 6811/3452/6810 6814/3455/6813 6815/3454/6814
f 6813/3453/6812 6815/3454/6814 6816/3456/6815 6753/3375/6752
f 6813/3453/6812 6753/3375/6752 6752/3376/6751 6757/3379/6756
f 6816/3456/6815 6815/3454/6814 6817/3458/6816 6818/3457/6817
f 6816/3456/6815 6818/3457/6817 6819/3459/6818 6750/3372/6749
f 6816/3456/6815 6750/3372/6749 6749/3373/6748 6753/3375/6752
f 6819/3459/6818 6818/3457/6817 5820/2308/5819 6820/3460/6819
f 6819/3459/6818 6820/3460/6819 5603/1402/5602 5604/1403/5603
f 6819/3459/6818 5604/1403/5603 4897/1312/4897 6750/3372/6749
f 5603/1402/5602 6820/3460/6819 6821/3461/6820 5605/1405/5604
f 4974/1406/4974 4973/1407/4973 6822/3463/6821 6823/3462/6822
f 4974/1406/4974 6823/3462/6822 6824/3464/6823 4975/1411/4975
f 6824/3464/6823 6823/3462/6822 6825/3466/6824 6826/3465/6825
f 6824/3464/6823 6826/3465/6825 6827/3468/6826 6828/3467/6827
f 6824/3464/6823 6828/3467/6827 4983/1416/4983 4975/1411/4975
f 4983/1416/4983 6828/3467/6827 6829/3469/6828 5606/1418/5605
f 4986/1419/4986 4985/1420/4985 6830/3471/6829 6831/3470/6830
f 4986/1419/4986 6831/3470/6830 6643/3472/6642 4787/1424/4787
f 6831/3470/6830 6830/3471/6829 6832/3474/6831 6833/3473/6832
f 6831/3470/6830 6833/3473/6832 6645/3475/6644 6643/3472/6642
f 6833/3473/6832 6832/3474/6831 6834/3477/6833 6835/3476/6834
f 6833/3473/6832 6835/3476/6834 6647/3478/6646 6645/3475/6644
f 6835/3476/6834 6834/3477/6833 6836/3480/6835 6837/3479/6836
f 6835/3476/6834 6837/3479/6836 6838/3481/6837 6647/3478/6646
f 6838/3481/6837 6837/3479/6836 6839/3483/6838 6840/3482/6839
f 6838/3484/6837 6840/3485/6839 6652/3274/6651 6650/3272/6649
f 6838/3484/6837 6650/3272/6649 6648/3268/6647 6647/3269/6646
f 6840/3482/6839 6839/3483/6838 5726/2185/5725 5722/2186/5721
f 6840/3485/6839 5722/2176/5721 5721/2177/5720 6652/3274/6651
f 6839/3483/6838 6841/3487/6840 6842/3486/6841 5726/2185/5725
f 6839/3483/6838 6837/3479/6836 6836/3480/6835 6841/3487/6840
f 6842/3486/6841 6843/3490/6842 6844/3489/6843 6845/3488/6844
f 6842/3486/6841 6845/3488/6844 5723/2184/5722 5726/2185/5725
f 6842/3486/6841 6841/3487/6840 6846/3491/6845 6843/3490/6842
f 6846/3491/6845 6847/3493/6846 6848/3492/6847 6843/3490/6842
f 6846/3491/6845 6841/3487/6840 6836/3480/6835 6849/3494/6848
f 6846/3491/6845 6849/3494/6848 6850/3495/6849 6847/3493/6846
f 6850/3495/6849 6851/3497/6850 6852/3496/6851 6847/3493/6846
f 6850/3495/6849 6849/3494/6848 6853/3499/6852 6854/3498/6853
f 6850/3495/6849 6854/3498/6853 6855/3500/6854 6851/3497/6850
f 6855/3500/6854 6856/3502/6855 6857/3501/6856 6851/3497/6850
f 6855/3500/6854 6854/3498/6853 6858/3504/6857 6859/3503/6858
f 6855/3500/6854 6859/3503/6858 6860/3505/6859 6856/3502/6855
f 6860/3505/6859 6861/3507/6860 6862/3506/6861 6856/3502/6855
f 6860/3505/6859 6859/3503/6858 6863/3509/6862 6864/3508/6863
f 6860/3505/6859 6864/3508/6863 6829/3469/6828 6861/3507/6860
f 6864/3508/6863 6863/3509/6862 5022/1462/5022 5607/1463/5606
f 6864/3508/6863 5607/1463/5606 5606/1418/5605 6829/3469/6828
f 5609/1464/5608 5608/1465/5607 6865/3511/6864 6866/3510/6865
f 5609/1464/5608 6866/3510/6865 6830/3471/6829 4985/1420/4985
f 6866/3510/6865 6865/3511/6864 6858/3504/6857 6867/3512/6866
f 6866/3510/6865 6867/3512/6866 6832/3474/6831 6830/3471/6829
f 6867/3512/6866 6858/3504/6857 6854/3498/6853 6853/3499/6852
f 6867/3512/6866 6853/3499/6852 6834/3477/6833 6832/3474/6831
f 6865/3511/6864 6863/3509/6862 6859/3503/6858 6858/3504/6857
f 6865/3511/6864 5608/1465/5607 5022/1462/5022 6863/3509/6862
f 6862/3506/6861 6868/3515/6867 6869/3514/6868 6870/3513/6869
f 6862/3506/6861 6870/3513/6869 6857/3501/6856 6856/3502/6855
f 6862/3506/6861 6861/3507/6860 6827/3468/6826 6868/3515/6867
f 6870/3513/6869 6869/3514/6868 6871/3517/6870 6872/3516/6871
f 6870/3513/6869 6872/3516/6871 6873/3518/6872 6857/3501/6856
f 6873/3518/6872 6872/3516/6871 6874/3520/6873 6875/3519/6874
f 6873/3518/6872 6875/3519/6874 6876/3521/6875 6852/3496/6851
f 6873/3518/6872 6852/3496/6851 6851/3497/6850 6857/3501/6856
f 6876/3521/6875 6875/3519/6874 6877/3523/6876 6878/3522/6877
f 6876/3521/6875 6878/3522/6877 6879/3524/6878 6848/3492/6847
f 6876/3521/6875 6848/3492/6847 6847/3493/6846 6852/3496/6851
f 6879/3525/6878 6878/3528/6877 6880/3527/6879 6881/3526/6880
f 6879/3525/6878 6881/3526/6880 6882/3530/6881 6844/3529/6843
f 6879/3524/6878 6844/3489/6843 6843/3490/6842 6848/3492/6847
f 6882/3530/6881 6881/3526/6880 6883/3532/6882 6884/3531/6883
f 6882/3530/6881 6884/3531/6883 6885/3534/6884 6886/3533/6885
f 6882/3530/6881 6886/3533/6885 6845/3535/6844 6844/3529/6843
f 6886/3533/6885 6885/3534/6884 6887/3536/6886 5724/2181/5723
f 6886/3533/6885 5724/2181/5723 5723/2182/5722 6845/3535/6844
f 6887/3536/6886 6885/3534/6884 6888/3538/6887 6889/3537/6888
f 6887/3536/6886 6889/3537/6888 6890/3540/6889 6891/3539/6890
f 6887/3536/6886 6891/3539/6890 5725/2180/5724 5724/2181/5723
f 6891/3541/6890 6890/3544/6889 6892/3543/6891 6893/3542/6892
f 6891/3541/6890 6893/3542/6892 6894/3546/6893 5725/3545/5724
f 6894/3546/6893 6893/3542/6892 6895/3548/6894 6896/3547/6895
f 6894/3546/6893 6896/3547/6895 6897/3550/6896 6898/3549/6897
f 6894/3546/6893 6898/3549/6897 5625/3551/5624 5725/3545/5724
f 6898/3552/6897 6897/3555/6896 6899/3554/6898 6900/3553/6899
f 6898/3552/6897 6900/3553/6899 5720/2178/5719 5625/2175/5624
f 6900/3553/6899 6899/3554/6898 6901/3557/6900 6902/3556/6901
f 6900/3553/6899 6902/3556/6901 6903/3558/6902 5720/2178/5719
f 6903/3558/6902 6655/3277/6654 5721/2177/5720 5720/2178/5719
f 6903/3558/6902 6902/3556/6901 6904/3559/6903 6658/3280/6657
f 6903/3558/6902 6658/3280/6657 6656/3276/6655 6655/3277/6654
f 6904/3559/6903 6902/3556/6901 6901/3557/6900 6905/3560/6904
f 6904/3559/6903 6905/3560/6904 6664/3286/6663 6662/3284/6661
f 6904/3559/6903 6662/3284/6661 6659/3279/6658 6658/3280/6657
f 6905/3560/6904 6901/3557/6900 6906/3562/6905 6907/3561/6906
f 6905/3560/6904 6907/3561/6906 6908/3563/6907 6664/3286/6663
f 6908/3563/6907 6907/3561/6906 6909/3564/6908 5804/2289/5803
f 6908/3563/6907 5804/2289/5803 5803/2285/5802 6667/3289/6666
f 6908/3563/6907 6667/3289/6666 6665/3285/6664 6664/3286/6663
f 6909/3564/6908 6907/3561/6906 6906/3562/6905 6910/3565/6909
f 6909/3564/6908 6910/3565/6909 6911/3567/6910 6912/3566/6911
f 6909/3564/6908 6912/3566/6911 5805/2288/5804 5804/2289/5803
f 6912/3568/6911 6911/3571/6910 6913/3570/6912 6914/3569/6913
f 6912/3568/6911 6914/3569/6913 5806/2292/5805 5805/2293/5804
f 6914/3569/6913 6913/3570/6912 6915/3573/6914 6916/3572/6915
f 6914/3569/6913 6916/3572/6915 6917/3574/6916 5806/2292/5805
f 6917/3574/6916 6916/3572/6915 6918/3576/6917 6919/3575/6918
f 6917/3574/6916 6919/3575/6918 6920/3578/6919 6921/3577/6920
f 6917/3574/6916 6921/3577/6920 5807/2291/5806 5806/2292/5805
f 6921/3577/6920 6920/3578/6919 6922/3580/6921 6923/3579/6922
f 6921/3577/6920 6923/3579/6922 5808/2295/5807 5807/2291/5806
f 6923/3579/6922 6922/3580/6921 6924/3582/6923 6925/3581/6924
f 6923/3579/6922 6925/3581/6924 6926/3583/6925 5808/2295/5807
f 6926/3583/6925 6927/3584/6926 5809/2294/5808 5808/2295/5807
f 6926/3583/6925 6925/3581/6924 6803/3444/6802 6802/3441/6801
f 6926/3583/6925 6802/3441/6801 6801/3442/6800 6927/3584/6926
f 6927/3585/6926 6928/3586/6927 5810/2296/5809 5809/2297/5808
f 6927/3585/6926 6801/3588/6800 6929/3587/6928 6928/3586/6927
f 6929/3587/6928 6930/3590/6929 6931/3589/6930 6928/3586/6927
f 6929/3587/6928 6801/3588/6800 6799/3438/6798 5852/2348/5851
f 6929/3587/6928 5852/2348/5851 5851/2349/5850 6930/3590/6929
f 6931/3589/6930 6932/3591/6931 5810/2296/5809 6928/3586/6927
f 6931/3589/6930 6930/3590/6929 6933/3593/6932 6934/3592/6933
f 6931/3589/6930 6934/3592/6933 6935/3594/6934 6932/3591/6931
f 6935/3594/6934 6936/3596/6935 6937/3595/6936 6932/3591/6931
f 6935/3594/6934 6934/3592/6933 6938/3598/6937 6939/3597/6938
f 6935/3594/6934 6939/3597/6938 6940/3599/6939 6936/3596/6935
f 6940/3599/6939 6673/3295/6672 6671/3293/6670 6936/3596/6935
f 6940/3599/6939 6939/3597/6938 6941/3601/6940 6942/3600/6941
f 6940/3599/6939 6942/3600/6941 6675/3297/6674 6673/3295/6672
f 6942/3600/6941 6941/3601/6940 6943/3603/6942 6944/3602/6943
f 6942/3600/6941 6944/3602/6943 6677/3299/6676 6675/3297/6674
f 6944/3602/6943 6943/3603/6942 6945/3605/6944 6946/3604/6945
f 6944/3602/6943 6946/3604/6945 6679/3301/6678 6677/3299/6676
f 6946/3604/6945 6945/3605/6944 6693/3315/6692 6947/3606/6946
f 6946/3604/6945 6947/3606/6946 5700/2153/5699 6679/3301/6678
f 6947/3606/6946 6693/3315/6692 6691/3311/6690 6690/3312/6689
f 6947/3606/6946 6690/3312/6689 5701/2152/5700 5700/2153/5699
f 6945/3605/6944 6943/3603/6942 6948/3607/6947 6696/3318/6695
f 6945/3605/6944 6696/3318/6695 6694/3314/6693 6693/3315/6692
f 6948/3607/6947 6943/3603/6942 6941/3601/6940 6949/3608/6948
f 6948/3607/6947 6949/3608/6948 6950/3609/6949 6699/3321/6698
f 6948/3607/6947 6699/3321/6698 6697/3317/6696 6696/3318/6695
f 6950/3609/6949 6949/3608/6948 6938/3598/6937 6951/3610/6950
f 6950/3609/6949 6951/3610/6950 6952/3611/6951 6702/3324/6701
f 6950/3609/6949 6702/3324/6701 6700/3320/6699 6699/3321/6698
f 6952/3611/6951 6951/3610/6950 6933/3593/6932 5857/2352/5856
f 6952/3611/6951 5857/2352/5856 5856/2353/5855 6705/3327/6704
f 6952/3611/6951 6705/3327/6704 6703/3323/6702 6702/3324/6701
f 6951/3610/6950 6938/3598/6937 6934/3592/6933 6933/3593/6932
f 6949/3608/6948 6941/3601/6940 6939/3597/6938 6938/3598/6937
f 6937/3595/6936 6670/3291/6669 5802/2286/5801 5801/2287/5800
f 6937/3595/6936 5801/2287/5800 5810/2296/5809 6932/3591/6931
f 6937/3595/6936 6936/3596/6935 6671/3293/6670 6670/3291/6669
f 6933/3593/6932 6930/3590/6929 5851/2349/5850 5857/2352/5856
f 6925/3581/6924 6924/3582/6923 6805/3446/6804 6803/3444/6802
f 6924/3582/6923 6922/3580/6921 6953/3613/6952 6954/3612/6953
f 6924/3582/6923 6954/3612/6953 6807/3448/6806 6805/3446/6804
f 6954/3612/6953 6953/3613/6952 6955/3615/6954 6956/3614/6955
f 6954/3612/6953 6956/3614/6955 6809/3450/6808 6807/3448/6806
f 6956/3614/6955 6955/3615/6954 6957/3616/6956 6814/3455/6813
f 6956/3614/6955 6814/3455/6813 6811/3452/6810 6809/3450/6808
f 6957/3616/6956 6955/3615/6954 6958/3617/6957 5819/2306/5818
f 6957/3616/6956 5819/2306/5818 5818/2307/5817 6817/3458/6816
f 6957/3616/6956 6817/3458/6816 6815/3454/6814 6814/3455/6813
f 6958/3617/6957 6959/3620/6958 6960/3619/6959 6961/3618/6960
f 6958/3617/6957 6961/3618/6960 5816/2305/5815 5819/2306/5818
f 6958/3617/6957 6955/3615/6954 6953/3613/6952 6959/3620/6958
f 6961/3618/6960 6960/3619/6959 6962/3622/6961 6963/3621/6962
f 6961/3618/6960 6963/3621/6962 5817/2304/5816 5816/2305/5815
f 6963/3621/6962 6962/3622/6961 6964/3624/6963 6965/3623/6964
f 6963/3621/6962 6965/3623/6964 6966/3625/6965 5817/2304/5816
f 6966/3625/6965 6965/3623/6964 6967/3627/6966 6968/3626/6967
f 6966/3625/6965 6968/3626/6967 6969/3629/6968 6970/3628/6969
f 6966/3625/6965 6970/3628/6969 5811/2301/5810 5817/2304/5816
f 6970/3628/6969 6969/3629/6968 6971/3631/6970 6972/3630/6971
f 6970/3628/6969 6972/3630/6971 5812/2300/5811 5811/2301/5810
f 6972/3630/6971 6971/3631/6970 6973/3633/6972 6974/3632/6973
f 6972/3630/6971 6974/3632/6973 6975/3634/6974 5812/2300/5811
f 6975/3634/6974 6974/3632/6973 6976/3636/6975 6977/3635/6976
f 6975/3634/6974 6977/3635/6976 6978/3638/6977 6979/3637/6978
f 6975/3634/6974 6979/3637/6978 5813/2299/5812 5812/2300/5811
f 6979/3637/6978 6978/3638/6977 6826/3465/6825 6825/3466/6824
f 6979/3637/6978 6825/3466/6824 5814/2303/5813 5813/2299/5812
f 6978/3638/6977 6977/3635/6976 6869/3514/6868 6868/3515/6867
f 6978/3638/6977 6868/3515/6867 6827/3468/6826 6826/3465/6825
f 6977/3635/6976 6976/3636/6975 6871/3517/6870 6869/3514/6868
f 6976/3636/6975 6974/3632/6973 6973/3633/6972 6980/3639/6979
f 6976/3636/6975 6980/3639/6979 6981/3640/6980 6871/3517/6870
f 6981/3640/6980 6980/3639/6979 6982/3642/6981 6983/3641/6982
f 6981/3640/6980 6983/3641/6982 6984/3643/6983 6874/3520/6873
f 6981/3640/6980 6874/3520/6873 6872/3516/6871 6871/3517/6870
f 6984/3644/6983 6983/3647/6982 6985/3646/6984 6986/3645/6985
f 6984/3644/6983 6986/3645/6985 6987/3649/6986 6877/3648/6876
f 6984/3643/6983 6877/3523/6876 6875/3519/6874 6874/3520/6873
f 6987/3649/6986 6986/3645/6985 6988/3651/6987 6989/3650/6988
f 6987/3649/6986 6989/3650/6988 6990/3652/6989 6880/3527/6879
f 6987/3649/6986 6880/3527/6879 6878/3528/6877 6877/3648/6876
f 6990/3652/6989 6989/3650/6988 6991/3654/6990 6992/3653/6991
f 6990/3652/6989 6992/3653/6991 6993/3655/6992 6883/3532/6882
f 6990/3652/6989 6883/3532/6882 6881/3526/6880 6880/3527/6879
f 6993/3655/6992 6992/3653/6991 6994/3657/6993 6995/3656/6994
f 6993/3655/6992 6995/3656/6994 6996/3659/6995 6997/3658/6996
f 6993/3655/6992 6997/3658/6996 6884/3531/6883 6883/3532/6882
f 6997/3658/6996 6996/3659/6995 6998/3660/6997 6888/3538/6887
f 6997/3658/6996 6888/3538/6887 6885/3534/6884 6884/3531/6883
f 6998/3660/6997 6996/3659/6995 6999/3662/6998 7000/3661/6999
f 6998/3660/6997 7000/3661/6999 7001/3664/7000 7002/3663/7001
f 6998/3660/6997 7002/3663/7001 6889/3537/6888 6888/3538/6887
f 7002/3663/7001 7001/3664/7000 7003/3666/7002 7004/3665/7003
f 7002/3663/7001 7004/3665/7003 6890/3540/6889 6889/3537/6888
f 7004/3667/7003 7003/3670/7002 7005/3669/7004 7006/3668/7005
f 7004/3667/7003 7006/3668/7005 6892/3543/6891 6890/3544/6889
f 7006/3668/7005 7005/3669/7004 7007/3672/7006 7008/3671/7007
f 7006/3668/7005 7008/3671/7007 7009/3673/7008 6892/3543/6891
f 7009/3673/7008 7008/3671/7007 7010/3675/7009 7011/3674/7010
f 7009/3673/7008 7011/3674/7010 7012/3676/7011 6895/3548/6894
f 7009/3673/7008 6895/3548/6894 6893/3542/6892 6892/3543/6891
f 7012/3676/7011 7011/3674/7010 7013/3678/7012 7014/3677/7013
f 7012/3676/7011 7014/3677/7013 7015/3680/7014 7016/3679/7015
f 7012/3676/7011 7016/3679/7015 6896/3547/6895 6895/3548/6894
f 7016/3679/7015 7015/3680/7014 7017/3682/7016 7018/3681/7017
f 7016/3679/7015 7018/3681/7017 6897/3550/6896 6896/3547/6895
f 7018/3683/7017 7017/3686/7016 7019/3685/7018 7020/3684/7019
f 7018/3683/7017 7020/3684/7019 6899/3554/6898 6897/3555/6896
f 7020/3684/7019 7019/3685/7018 6910/3565/6909 6906/3562/6905
f 7020/3684/7019 6906/3562/6905 6901/3557/6900 6899/3554/6898
f 7019/3685/7018 7017/3686/7016 7021/3688/7020 7022/3687/7021
f 7019/3685/7018 7022/3687/7021 6911/3567/6910 6910/3565/6909
f 7022/3689/7021 7021/3692/7020 7023/3691/7022 7024/3690/7023
f 7022/3689/7021 7024/3690/7023 6913/3570/6912 6911/3571/6910
f 7024/3690/7023 7023/3691/7022 7025/3694/7024 7026/3693/7025
f 7024/3690/7023 7026/3693/7025 6915/3573/6914 6913/3570/6912
f 7026/3693/7025 7025/3694/7024 7027/3696/7026 7028/3695/7027
f 7026/3693/7025 7028/3695/7027 7029/3697/7028 6915/3573/6914
f 7029/3697/7028 7028/3695/7027 7030/3698/7029 6964/3624/6963
f 7029/3697/7028 6964/3624/6963 6962/3622/6961 6918/3576/6917
f 7029/3697/7028 6918/3576/6917 6916/3572/6915 6915/3573/6914
f 7030/3698/7029 7028/3695/7027 7027/3696/7026 7031/3699/7030
f 7030/3698/7029 7031/3699/7030 7032/3700/7031 6967/3627/6966
f 7030/3698/7029 6967/3627/6966 6965/3623/6964 6964/3624/6963
f 7032/3701/7031 7031/3704/7030 7033/3703/7032 7034/3702/7033
f 7032/3701/7031 7034/3702/7033 7035/3706/7034 7036/3705/7035
f 7032/3700/7031 7036/3707/7035 6968/3626/6967 6967/3627/6966
f 7036/3705/7035 7035/3706/7034 7037/3709/7036 7038/3708/7037
f 7036/3707/7035 7038/3710/7037 6969/3629/6968 6968/3626/6967
f 7038/3708/7037 7037/3709/7036 7039/3712/7038 7040/3711/7039
f 7038/3710/7037 7040/3713/7039 6971/3631/6970 6969/3629/6968
f 7040/3711/7039 7039/3712/7038 7041/3715/7040 7042/3714/7041
f 7040/3713/7039 7042/3716/7041 6973/3633/6972 6971/3631/6970
f 7042/3714/7041 7041/3715/7040 7043/3718/7042 6982/3717/6981
f 7042/3716/7041 6982/3642/6981 6980/3639/6979 6973/3633/6972
f 7043/3718/7042 7041/3715/7040 7044/3720/7043 7045/3719/7044
f 7043/3718/7042 7045/3719/7044 7046/3721/7045 6985/3646/6984
f 7043/3718/7042 6985/3646/6984 6983/3647/6982 6982/3717/6981
f 7046/3721/7045 7045/3719/7044 7047/3723/7046 7048/3722/7047
f 7046/3721/7045 7048/3722/7047 7049/3724/7048 6988/3651/6987
f 7046/3721/7045 6988/3651/6987 6986/3645/6985 6985/3646/6984
f 7049/3724/7048 7048/3722/7047 7050/3726/7049 7051/3725/7050
f 7049/3724/7048 7051/3725/7050 7052/3727/7051 6991/3654/6990
f 7049/3724/7048 6991/3654/6990 6989/3650/6988 6988/3651/6987
f 7052/3727/7051 7051/3725/7050 7053/3729/7052 7054/3728/7053
f 7052/3727/7051 7054/3728/7053 7055/3730/7054 6994/3657/6993
f 7052/3727/7051 6994/3657/6993 6992/3653/6991 6991/3654/6990
f 7055/3730/7054 7054/3728/7053 7056/3732/7055 7057/3731/7056
f 7055/3730/7054 7057/3731/7056 7058/3734/7057 7059/3733/7058
f 7055/3730/7054 7059/3733/7058 6995/3656/6994 6994/3657/6993
f 7059/3733/7058 7058/3734/7057 7060/3735/7059 6999/3662/6998
f 7059/3733/7058 6999/3662/6998 6996/3659/6995 6995/3656/6994
f 7060/3736/7059 7058/3739/7057 7061/3738/7060 7062/3737/7061
f 7060/3736/7059 7062/3737/7061 7063/3741/7062 7064/3740/7063
f 7060/3735/7059 7064/3742/7063 7000/3661/6999 6999/3662/6998
f 7064/3740/7063 7063/3741/7062 7065/3744/7064 7066/3743/7065
f 7064/3742/7063 7066/3745/7065 7001/3664/7000 7000/3661/6999
f 7066/3743/7065 7065/3744/7064 7067/3747/7066 7068/3746/7067
f 7066/3745/7065 7068/3748/7067 7003/3666/7002 7001/3664/7000
f 7068/3746/7067 7067/3747/7066 7069/3750/7068 7070/3749/7069
f 7068/3751/7067 7070/3752/7069 7005/3669/7004 7003/3670/7002
f 7070/3749/7069 7069/3750/7068 7071/3754/7070 7072/3753/7071
f 7070/3752/7069 7072/3755/7071 7007/3672/7006 7005/3669/7004
f 7072/3753/7071 7071/3754/7070 5751/2216/5750 5750/2217/5749
f 7072/3755/7071 5750/2219/5749 5753/2220/5752 7007/3672/7006
f 7071/3754/7070 7069/3750/7068 7073/3757/7072 7074/3756/7073
f 7071/3754/7070 7074/3756/7073 7075/3758/7074 5751/2216/5750
f 7075/3758/7074 7074/3756/7073 7076/3760/7075 7077/3759/7076
f 7075/3758/7074 7077/3759/7076 7078/3762/7077 7079/3761/7078
f 7075/3758/7074 7079/3761/7078 5749/2215/5748 5751/2216/5750
f 7079/3761/7078 7078/3762/7077 7080/3764/7079 7081/3763/7080
f 7079/3761/7078 7081/3763/7080 5741/2203/5740 5749/2215/5748
f 7081/3763/7080 7080/3764/7079 5734/2196/5733 5733/2197/5732
f 7081/3763/7080 5733/2197/5732 5738/2200/5737 5741/2203/5740
f 7080/3764/7079 7078/3762/7077 7082/3765/7081 5767/2240/5766
f 7080/3764/7079 5767/2240/5766 5766/2241/5765 5734/2196/5733
f 7082/3765/7081 7083/3767/7082 7084/3766/7083 5762/2239/5761
f 7082/3765/7081 5762/2239/5761 5635/2236/5634 5767/2240/5766
f 7082/3765/7081 7078/3762/7077 7077/3759/7076 7083/3767/7082
f 7084/3766/7083 5672/2117/5671 5671/2118/5670 7085/3768/7084
f 7084/3766/7083 7085/3768/7084 5763/2238/5762 5762/2239/5761
f 7084/3766/7083 7083/3767/7082 7086/3769/7085 5672/2117/5671
f 7086/3769/7085 7087/3770/7086 5668/2116/5667 5672/2117/5671
f 7086/3769/7085 7083/3767/7082 7077/3759/7076 7076/3760/7075
f 7086/3769/7085 7076/3760/7075 7088/3771/7087 7087/3770/7086
f 7088/3771/7087 7089/3773/7088 7090/3772/7089 7087/3770/7086
f 7088/3771/7087 7076/3760/7075 7074/3756/7073 7073/3757/7072
f 7088/3771/7087 7073/3757/7072 7091/3774/7090 7089/3773/7088
f 7091/3774/7090 7092/3776/7091 7093/3775/7092 7089/3773/7088
f 7091/3774/7090 7073/3757/7072 7069/3750/7068 7067/3747/7066
f 7091/3774/7090 7067/3747/7066 7065/3744/7064 7092/3776/7091
f 7093/3775/7092 7094/3778/7093 5677/2125/5676 7095/3777/7094
f 7093/3775/7092 7095/3777/7094 7090/3772/7089 7089/3773/7088
f 7093/3775/7092 7092/3776/7091 7096/3779/7095 7094/3778/7093
f 7096/3779/7095 7097/3781/7096 7098/3780/7097 7094/3778/7093
f 7096/3779/7095 7092/3776/7091 7065/3744/7064 7063/3741/7062
f 7096/3779/7095 7063/3741/7062 7062/3737/7061 7097/3781/7096
f 7098/3780/7097 7099/3782/7098 5679/2126/5678 5678/2124/5677
f 7098/3780/7097 5678/2124/5677 5677/2125/5676 7094/3778/7093
f 7098/3780/7097 7097/3781/7096 7100/3783/7099 7099/3782/7098
f 7100/3783/7099 7101/3785/7100 7102/3784/7101 7099/3782/7098
f 7100/3783/7099 7097/3781/7096 7062/3737/7061 7061/3738/7060
f 7100/3783/7099 7061/3738/7060 7103/3786/7102 7101/3785/7100
f 7103/3786/7102 7104/3788/7103 7105/3787/7104 7101/3785/7100
f 7103/3786/7102 7061/3738/7060 7058/3739/7057 7057/3789/7056
f 7103/3786/7102 7057/3789/7056 7056/3790/7055 7104/3788/7103
f 7105/3787/7104 7106/3793/7105 7107/3792/7106 7108/3791/7107
f 7105/3787/7104 7108/3791/7107 7102/3784/7101 7101/3785/7100
f 7105/3787/7104 7104/3788/7103 7109/3794/7108 7106/3793/7105
f 7109/3794/7108 7110/3796/7109 7111/3795/7110 7106/3793/7105
f 7109/3794/7108 7104/3788/7103 7056/3790/7055 7112/3797/7111
f 7109/3794/7108 7112/3797/7111 7113/3798/7112 7110/3796/7109
f 7113/3798/7112 7114/3800/7113 7115/3799/7114 7110/3796/7109
f 7113/3801/7112 7112/3803/7111 7053/3729/7052 7116/3802/7115
f 7113/3801/7112 7116/3802/7115 7117/3805/7116 7114/3804/7113
f 7117/3805/7116 7118/3807/7117 7119/3806/7118 7114/3804/7113
f 7117/3805/7116 7116/3802/7115 7050/3726/7049 7120/3808/7119
f 7117/3805/7116 7120/3808/7119 7121/3809/7120 7118/3807/7117
f 7121/3809/7120 7122/3811/7121 7123/3810/7122 7118/3807/7117
f 7121/3809/7120 7120/3808/7119 7047/3723/7046 7124/3812/7123
f 7121/3809/7120 7124/3812/7123 7125/3813/7124 7122/3811/7121
f 7125/3813/7124 7126/3815/7125 7127/3814/7126 7122/3811/7121
f 7125/3813/7124 7124/3812/7123 7044/3720/7043 7128/3816/7127
f 7125/3813/7124 7128/3816/7127 7129/3817/7128 7126/3815/7125
f 7129/3817/7128 7130/3819/7129 7131/3818/7130 7126/3815/7125
f 7129/3817/7128 7128/3816/7127 7039/3712/7038 7037/3709/7036
f 7129/3817/7128 7037/3709/7036 7035/3706/7034 7130/3819/7129
f 7131/3818/7130 7132/3822/7131 7133/3821/7132 7134/3820/7133
f 7131/3818/7130 7134/3820/7133 7127/3814/7126 7126/3815/7125
f 7131/3818/7130 7130/3819/7129 7135/3823/7134 7132/3822/7131
f 7135/3823/7134 7136/3825/7135 7137/3824/7136 7132/3822/7131
f 7135/3823/7134 7130/3819/7129 7035/3706/7034 7034/3702/7033
f 7135/3823/7134 7034/3702/7033 7033/3703/7032 7136/3825/7135
f 7137/3824/7136 7138/3828/7137 7139/3827/7138 7140/3826/7139
f 7137/3824/7136 7140/3826/7139 7133/3821/7132 7132/3822/7131
f 7137/3824/7136 7136/3825/7135 7141/3829/7140 7138/3828/7137
f 7141/3829/7140 7142/3831/7141 7143/3830/7142 7138/3828/7137
f 7141/3829/7140 7136/3825/7135 7033/3703/7032 7144/3832/7143
f 7141/3829/7140 7144/3832/7143 7145/3833/7144 7142/3831/7141
f 7145/3833/7144 7146/3835/7145 7147/3834/7146 7142/3831/7141
f 7145/3833/7144 7144/3832/7143 7027/3837/7026 7025/3836/7024
f 7145/3833/7144 7025/3836/7024 7023/3838/7022 7146/3835/7145
f 7147/3834/7146 7148/3841/7147 7149/3840/7148 7150/3839/7149
f 7147/3834/7146 7150/3839/7149 7143/3830/7142 7142/3831/7141
f 7147/3834/7146 7146/3835/7145 7151/3842/7150 7148/3841/7147
f 7151/3842/7150 7015/3680/7014 7014/3677/7013 7148/3841/7147
f 7151/3842/7150 7146/3835/7145 7023/3838/7022 7021/3843/7020
f 7151/3842/7150 7021/3843/7020 7017/3682/7016 7015/3680/7014
f 7150/3839/7149 7149/3840/7148 7152/3845/7151 7153/3844/7152
f 7150/3839/7149 7153/3844/7152 7154/3846/7153 7143/3830/7142
f 7154/3846/7153 7153/3844/7152 7155/3848/7154 7156/3847/7155
f 7154/3846/7153 7156/3847/7155 7157/3849/7156 7139/3827/7138
f 7154/3846/7153 7139/3827/7138 7138/3828/7137 7143/3830/7142
f 7157/3849/7156 7156/3847/7155 5747/3851/5746 5781/3850/5780
f 7157/3849/7156 5781/3850/5780 5780/3853/5779 7158/3852/7157
f 7157/3849/7156 7158/3852/7157 7140/3826/7139 7139/3827/7138
f 7158/3852/7157 5780/3853/5779 5782/2272/5781 5793/2273/5792
f 7158/3852/7157 5793/2273/5792 7133/3821/7132 7140/3826/7139
f 7156/3847/7155 7155/3848/7154 5744/3854/5743 5747/3851/5746
f 7155/3848/7154 5754/2222/5753 5745/2223/5744 5744/3854/5743
f 7155/3848/7154 7153/3844/7152 7152/3845/7151 5754/2222/5753
f 7152/3845/7151 7159/3855/7158 5752/2221/5751 5754/2222/5753
f 7152/3845/7151 7149/3840/7148 7013/3678/7012 7159/3855/7158
f 7159/3855/7158 7010/3675/7009 5753/2220/5752 5752/2221/5751
f 7159/3855/7158 7013/3678/7012 7011/3674/7010 7010/3675/7009
f 7149/3840/7148 7148/3841/7147 7014/3677/7013 7013/3678/7012
f 7144/3832/7143 7033/3703/7032 7031/3704/7030 7027/3837/7026
f 7134/3820/7133 7133/3821/7132 5793/2273/5792 5792/2274/5791
f 7134/3820/7133 5792/2274/5791 5794/2275/5793 7127/3814/7126
f 7128/3816/7127 7044/3720/7043 7041/3715/7040 7039/3712/7038
f 7127/3814/7126 5794/2275/5793 7123/3810/7122 7122/3811/7121
f 7124/3812/7123 7047/3723/7046 7045/3719/7044 7044/3720/7043
f 7123/3810/7122 5794/2275/5793 5791/2276/5790 7160/3856/7159
f 7123/3810/7122 7160/3856/7159 7119/3806/7118 7118/3807/7117
f 7160/3857/7159 5791/2268/5790 5790/2269/5789 7161/3858/7160
f 7160/3857/7159 7161/3858/7160 7162/3860/7161 7119/3859/7118
f 7162/3860/7161 7161/3858/7160 5797/2278/5796 5796/2279/5795
f 7162/3860/7161 5796/2279/5795 7163/3861/7162 7115/3799/7114
f 7162/3860/7161 7115/3799/7114 7114/3800/7113 7119/3859/7118
f 7163/3861/7162 5796/2279/5795 5795/2280/5794 7164/3862/7163
f 7163/3861/7162 7164/3862/7163 7165/3863/7164 7111/3795/7110
f 7163/3861/7162 7111/3795/7110 7110/3796/7109 7115/3799/7114
f 7165/3863/7164 7164/3862/7163 7166/3865/7165 7167/3864/7166
f 7165/3863/7164 7167/3864/7166 7168/3866/7167 7107/3792/7106
f 7165/3863/7164 7107/3792/7106 7106/3793/7105 7111/3795/7110
f 7168/3866/7167 7167/3864/7166 7169/3868/7168 7170/3867/7169
f 7168/3866/7167 7170/3867/7169 7171/3870/7170 7172/3869/7171
f 7168/3866/7167 7172/3869/7171 7108/3791/7107 7107/3792/7106
f 7172/3869/7171 7171/3870/7170 7173/3872/7172 7174/3871/7173
f 7172/3869/7171 7174/3871/7173 7102/3784/7101 7108/3791/7107
f 7174/3871/7173 7173/3872/7172 5674/2123/5673 5679/2126/5678
f 7174/3871/7173 5679/2126/5678 7099/3782/7098 7102/3784/7101
f 7173/3872/7172 7171/3870/7170 7175/3874/7174 7176/3873/7175
f 7173/3872/7172 7176/3873/7175 5675/2122/5674 5674/2123/5673
f 7176/3873/7175 7175/3874/7174 7177/3876/7176 7178/3875/7177
f 7176/3873/7175 7178/3875/7177 7179/3877/7178 5675/2122/5674
f 7179/3877/7178 7178/3875/7177 5673/2119/5672 5670/2114/5669
f 7179/3877/7178 5670/2114/5669 5669/2115/5668 7180/3878/7179
f 7179/3877/7178 7180/3878/7179 5676/2121/5675 5675/2122/5674
f 7180/3878/7179 5669/2115/5668 7090/3772/7089 7095/3777/7094
f 7180/3878/7179 7095/3777/7094 5677/2125/5676 5676/2121/5675
f 7178/3875/7177 7177/3876/7176 7181/3879/7180 5673/2119/5672
f 7181/3879/7180 7182/3880/7181 5763/2238/5762 7085/3768/7084
f 7181/3879/7180 7085/3768/7084 5671/2118/5670 5673/2119/5672
f 7181/3879/7180 7177/3876/7176 7183/3881/7182 7182/3880/7181
f 7183/3881/7182 7184/3883/7183 7185/3882/7184 7182/3880/7181
f 7183/3881/7182 7177/3876/7176 7175/3874/7174 7186/3884/7185
f 7183/3881/7182 7186/3884/7185 7187/3885/7186 7184/3883/7183
f 7187/3885/7186 7188/3886/7187 5774/2248/5773 7184/3883/7183
f 7187/3885/7186 7186/3884/7185 7170/3867/7169 7169/3868/7168
f 7187/3885/7186 7169/3868/7168 7189/3887/7188 7188/3886/7187
f 7189/3887/7188 7190/3889/7189 7191/3888/7190 7188/3886/7187
f 7189/3887/7188 7169/3868/7168 7167/3864/7166 7166/3865/7165
f 7189/3887/7188 7166/3865/7165 5799/2281/5798 7190/3889/7189
f 7191/3888/7190 5788/2266/5787 5784/2261/5783 5775/2253/5774
f 7191/3888/7190 5775/2253/5774 5774/2248/5773 7188/3886/7187
f 7191/3888/7190 7190/3889/7189 7192/3890/7191 5788/2266/5787
f 7192/3890/7191 7193/3891/7192 5785/2264/5784 5788/2266/5787
f 7192/3890/7191 7190/3889/7189 5799/2281/5798 5798/2282/5797
f 7192/3890/7191 5798/2282/5797 5800/2283/5799 7193/3891/7192
f 7193/3891/7192 5789/2270/5788 5786/2263/5785 5785/2264/5784
f 7193/3891/7192 5800/2283/5799 5790/2269/5789 5789/2270/5788
f 7186/3884/7185 7175/3874/7174 7171/3870/7170 7170/3867/7169
f 7185/3882/7184 5773/2249/5772 5770/2245/5769 5764/2237/5763
f 7185/3882/7184 5764/2237/5763 5763/2238/5762 7182/3880/7181
f 7185/3882/7184 7184/3883/7183 5774/2248/5773 5773/2249/5772
f 7166/3865/7165 7164/3862/7163 5795/2280/5794 5799/2281/5798
f 7161/3858/7160 5790/2269/5789 5800/2283/5799 5797/2278/5796
f 7120/3808/7119 7050/3726/7049 7048/3722/7047 7047/3723/7046
f 7116/3802/7115 7053/3729/7052 7051/3725/7050 7050/3726/7049
f 7112/3803/7111 7056/3732/7055 7054/3728/7053 7053/3729/7052
f 7090/3772/7089 5669/2115/5668 5668/2116/5667 7087/3770/7086
f 7010/3675/7009 7008/3671/7007 7007/3672/7006 5753/2220/5752
f 6962/3622/6961 6960/3619/6959 6919/3575/6918 6918/3576/6917
f 6960/3619/6959 6959/3620/6958 6920/3578/6919 6919/3575/6918
f 6959/3620/6958 6953/3613/6952 6922/3580/6921 6920/3578/6919
f 6861/3507/6860 6829/3469/6828 6828/3467/6827 6827/3468/6826
f 6853/3499/6852 6849/3494/6848 6836/3480/6835 6834/3477/6833
f 6825/3466/6824 6823/3462/6822 6822/3463/6821 5814/2303/5813
f 6822/3463/6821 6821/3461/6820 5815/2302/5814 5814/2303/5813
f 6822/3463/6821 4973/1407/4973 5605/1405/5604 6821/3461/6820
f 6821/3461/6820 6820/3460/6819 5820/2308/5819 5815/2302/5814
f 6818/3457/6817 6817/3458/6816 5818/2307/5817 5820/2308/5819
f 6797/3892/6796 6795/3429/6794 6794/3430/6793 7194/3893/7193
f 6797/3892/6796 7194/3893/7193 7195/3895/7194 7196/3894/7195
f 6797/3434/6796 7196/3896/7195 5855/2350/5854 5854/2351/5853
f 7196/3894/7195 7195/3895/7194 7197/3898/7196 7198/3897/7197
f 7196/3896/7195 7198/3900/7197 7199/3899/7198 5855/2350/5854
f 7199/3899/7198 7198/3900/7197 7200/3902/7199 7201/3901/7200
f 7199/3899/7198 7201/3901/7200 7202/3904/7201 7203/3903/7202
f 7199/3899/7198 7203/3903/7202 5652/2346/5651 5855/2350/5854
f 7203/3903/7202 7202/3904/7201 6709/3329/6708 6708/3330/6707
f 7203/3903/7202 6708/3330/6707 5856/2353/5855 5652/2346/5651
f 7202/3904/7201 7201/3901/7200 7204/3905/7203 6713/3335/6712
f 7202/3904/7201 6713/3335/6712 6710/3332/6709 6709/3329/6708
f 7204/3905/7203 7201/3901/7200 7200/3902/7199 7205/3906/7204
f 7204/3905/7203 7205/3906/7204 7206/3908/7205 7207/3907/7206
f 7204/3905/7203 7207/3907/7206 6714/3334/6713 6713/3335/6712
f 7207/3907/7206 7206/3908/7205 7208/3910/7207 7209/3909/7208
f 7207/3907/7206 7209/3909/7208 6715/3337/6714 6714/3334/6713
f 7209/3909/7208 7208/3910/7207 7210/3912/7209 7211/3911/7210
f 7209/3909/7208 7211/3911/7210 6717/3339/6716 6715/3337/6714
f 7211/3911/7210 7210/3912/7209 7212/3914/7211 7213/3913/7212
f 7211/3911/7210 7213/3913/7212 6719/3341/6718 6717/3339/6716
f 7213/3915/7212 7212/3917/7211 7214/3916/7213 6724/3348/6723
f 7213/3915/7212 6724/3348/6723 6721/3344/6720 6719/3345/6718
f 7214/3918/7213 7212/3921/7211 7215/3920/7214 7216/3919/7215
f 7214/3918/7213 7216/3919/7215 7217/3923/7216 7218/3922/7217
f 7214/3916/7213 7218/3924/7217 6725/3347/6724 6724/3348/6723
f 7218/3922/7217 7217/3923/7216 7219/3926/7218 7220/3925/7219
f 7218/3924/7217 7220/3927/7219 6726/3350/6725 6725/3347/6724
f 7220/3925/7219 7219/3926/7218 6772/3396/6771 6771/3397/6770
f 7220/3927/7219 6771/3400/6770 6728/3352/6727 6726/3350/6725
f 7219/3926/7218 7217/3923/7216 7221/3929/7220 7222/3928/7221
f 7219/3926/7218 7222/3928/7221 7223/3930/7222 6772/3396/6771
f 7223/3930/7222 7222/3928/7221 7224/3932/7223 7225/3931/7224
f 7223/3930/7222 7225/3931/7224 7226/3933/7225 6775/3402/6774
f 7223/3930/7222 6775/3402/6774 6773/3395/6772 6772/3396/6771
f 7226/3933/7225 7225/3931/7224 7227/3935/7226 7228/3934/7227
f 7226/3933/7225 7228/3934/7227 7229/3937/7228 7230/3936/7229
f 7226/3933/7225 7230/3936/7229 6776/3401/6775 6775/3402/6774
f 7230/3936/7229 7229/3937/7228 7231/3939/7230 7232/3938/7231
f 7230/3936/7229 7232/3938/7231 6777/3404/6776 6776/3401/6775
f 7232/3940/7231 7231/3943/7230 7233/3942/7232 7234/3941/7233
f 7232/3940/7231 7234/3941/7233 6779/3408/6778 6777/3409/6776
f 7234/3941/7233 7233/3942/7232 7235/3945/7234 7236/3944/7235
f 7234/3941/7233 7236/3944/7235 7237/3946/7236 6779/3408/6778
f 7237/3946/7236 7236/3944/7235 7238/3948/7237 7239/3947/7238
f 7237/3946/7236 7239/3947/7238 6784/3417/6783 6782/3413/6781
f 7237/3946/7236 6782/3413/6781 6780/3407/6779 6779/3408/6778
f 7239/3947/7238 7238/3948/7237 7240/3950/7239 7241/3949/7240
f 7239/3947/7238 7241/3949/7240 6786/3420/6785 6784/3417/6783
f 7241/3949/7240 7240/3950/7239 7242/3952/7241 7243/3951/7242
f 7241/3949/7240 7243/3951/7242 6793/3428/6792 6786/3420/6785
f 7243/3951/7242 7242/3952/7241 7244/3954/7243 7245/3953/7244
f 7243/3951/7242 7245/3953/7244 6794/3430/6793 6793/3428/6792
f 7245/3953/7244 7244/3954/7243 7246/3956/7245 7247/3955/7246
f 7245/3953/7244 7247/3955/7246 7194/3893/7193 6794/3430/6793
f 7247/3955/7246 7246/3956/7245 7248/3958/7247 7249/3957/7248
f 7247/3955/7246 7249/3957/7248 7195/3895/7194 7194/3893/7193
f 7249/3957/7248 7248/3958/7247 7250/3960/7249 7251/3959/7250
f 7249/3957/7248 7251/3959/7250 7197/3898/7196 7195/3895/7194
f 7251/3959/7250 7250/3960/7249 7252/3962/7251 7253/3961/7252
f 7251/3959/7250 7253/3961/7252 7254/3963/7253 7197/3898/7196
f 7254/3963/7253 7253/3961/7252 7255/3965/7254 7256/3964/7255
f 7254/3963/7253 7256/3964/7255 7205/3967/7204 7200/3966/7199
f 7254/3963/7253 7200/3966/7199 7198/3897/7197 7197/3898/7196
f 7256/3964/7255 7255/3965/7254 7257/3969/7256 7258/3968/7257
f 7256/3964/7255 7258/3968/7257 7206/3970/7205 7205/3967/7204
f 7258/3968/7257 7257/3969/7256 7259/3972/7258 7260/3971/7259
f 7258/3968/7257 7260/3971/7259 7208/3973/7207 7206/3970/7205
f 7260/3971/7259 7259/3972/7258 7261/3975/7260 7262/3974/7261
f 7260/3971/7259 7262/3974/7261 7210/3976/7209 7208/3973/7207
f 7262/3974/7261 7261/3975/7260 7263/3977/7262 7215/3920/7214
f 7262/3974/7261 7215/3920/7214 7212/3921/7211 7210/3976/7209
f 7263/3977/7262 7261/3975/7260 7264/3979/7263 7265/3978/7264
f 7263/3977/7262 7265/3978/7264 7266/3981/7265 7267/3980/7266
f 7263/3977/7262 7267/3980/7266 7216/3919/7215 7215/3920/7214
f 7267/3980/7266 7266/3981/7265 7268/3982/7267 7221/3929/7220
f 7267/3980/7266 7221/3929/7220 7217/3923/7216 7216/3919/7215
f 7268/3982/7267 7266/3981/7265 7269/3984/7268 7270/3983/7269
f 7268/3982/7267 7270/3983/7269 7271/3985/7270 7224/3932/7223
f 7268/3982/7267 7224/3932/7223 7222/3928/7221 7221/3929/7220
f 7271/3985/7270 7270/3983/7269 7272/3986/7271 5912/2424/5911
f 7271/3985/7270 5912/2424/5911 5911/2425/5910 7227/3935/7226
f 7271/3985/7270 7227/3935/7226 7225/3931/7224 7224/3932/7223
f 7272/3986/7271 5889/2393/5888 5888/2394/5887 7273/3987/7272
f 7272/3986/7271 7273/3987/7272 5893/2423/5892 5912/2424/5911
f 7272/3986/7271 7270/3983/7269 7269/3984/7268 5889/2393/5888
f 7273/3988/7272 5888/2389/5887 5887/2390/5886 5898/2406/5897
f 7273/3988/7272 5898/2406/5897 5894/2399/5893 5893/2400/5892
f 7269/3984/7268 7274/3989/7273 5890/2392/5889 5889/2393/5888
f 7269/3984/7268 7266/3981/7265 7265/3978/7264 7274/3989/7273
f 7274/3989/7273 7275/3990/7274 5891/2396/5890 5890/2392/5889
f 7274/3989/7273 7265/3978/7264 7264/3979/7263 7275/3990/7274
f 7275/3990/7274 7276/3992/7275 7277/3991/7276 5891/2396/5890
f 7275/3990/7274 7264/3979/7263 7278/3993/7277 7276/3992/7275
f 7278/3993/7277 7279/3995/7278 7280/3994/7279 7276/3992/7275
f 7278/3993/7277 7264/3979/7263 7261/3975/7260 7259/3972/7258
f 7278/3993/7277 7259/3972/7258 7257/3969/7256 7279/3995/7278
f 7280/3994/7279 7281/3998/7280 7282/3997/7281 7283/3996/7282
f 7280/3994/7279 7283/3996/7282 7277/3991/7276 7276/3992/7275
f 7280/3994/7279 7279/3995/7278 7284/3999/7283 7281/3998/7280
f 7284/3999/7283 7252/3962/7251 7285/4000/7284 7281/3998/7280
f 7284/3999/7283 7279/3995/7278 7257/3969/7256 7255/3965/7254
f 7284/3999/7283 7255/3965/7254 7253/3961/7252 7252/3962/7251
f 7285/4000/7284 7286/4003/7285 7287/4002/7286 7288/4001/7287
f 7285/4000/7284 7288/4001/7287 7282/3997/7281 7281/3998/7280
f 7285/4000/7284 7252/3962/7251 7250/3960/7249 7286/4003/7285
f 7288/4001/7287 7287/4002/7286 5834/4005/5833 7289/4004/7288
f 7288/4001/7287 7289/4004/7288 7290/4006/7289 7282/3997/7281
f 7290/4007/7289 7289/4009/7288 7291/4008/7290 5840/2333/5839
f 7290/4007/7289 5840/2333/5839 5839/2334/5838 7292/4010/7291
f 7290/4006/7289 7292/4011/7291 7283/3996/7282 7282/3997/7281
f 7292/4010/7291 5839/2334/5838 5841/2335/5840 5850/2344/5849
f 7292/4011/7291 5850/4012/5849 7277/3991/7276 7283/3996/7282
f 7291/4008/7290 5833/2323/5832 5832/2324/5831 7293/4013/7292
f 7291/4008/7290 7293/4013/7292 5836/2332/5835 5840/2333/5839
f 7291/4008/7290 7289/4009/7288 5834/2325/5833 5833/2323/5832
f 7293/4013/7292 5832/2324/5831 5845/2338/5844 7294/4014/7293
f 7293/4013/7292 7294/4014/7293 5837/2331/5836 5836/2332/5835
f 7294/4014/7293 7295/4016/7294 7296/4015/7295 5837/2331/5836
f 7294/4014/7293 5845/2338/5844 5844/2339/5843 7295/4016/7294
f 7296/4015/7295 7297/4017/7296 5847/2343/5846 5846/2341/5845
f 7296/4015/7295 5846/2341/5845 5838/2330/5837 5837/2331/5836
f 7296/4015/7295 7295/4016/7294 7298/4018/7297 7297/4017/7296
f 7298/4018/7297 7299/4020/7298 7300/4019/7299 7297/4017/7296
f 7298/4018/7297 7295/4016/7294 5844/2339/5843 7301/4021/7300
f 7298/4018/7297 7301/4021/7300 7302/4022/7301 7299/4020/7298
f 7302/4022/7301 5904/2414/5903 7303/4023/7302 7299/4020/7298
f 7302/4022/7301 7301/4021/7300 7304/4025/7303 7305/4024/7304
f 7302/4022/7301 7305/4024/7304 5902/2413/5901 5904/2414/5903
f 7305/4024/7304 7304/4025/7303 7306/4026/7305 5908/2419/5907
f 7305/4024/7304 5908/2419/5907 5903/2412/5902 5902/2413/5901
f 7306/4026/7305 7304/4025/7303 5843/2336/5842 5842/2337/5841
f 7306/4026/7305 5842/2337/5841 7307/4028/7306 7308/4027/7307
f 7306/4026/7305 7308/4027/7307 5905/2418/5904 5908/2419/5907
f 7308/4027/7307 7307/4028/7306 7309/4030/7308 7310/4029/7309
f 7308/4027/7307 7310/4029/7309 5906/2417/5905 5905/2418/5904
f 7310/4029/7309 7309/4030/7308 7311/4032/7310 7312/4031/7311
f 7310/4029/7309 7312/4031/7311 7313/4033/7312 5906/2417/5905
f 7313/4033/7312 7314/4034/7313 5907/2416/5906 5906/2417/5905
f 7313/4033/7312 7312/4031/7311 7315/4036/7314 7316/4035/7315
f 7313/4033/7312 7316/4035/7315 7317/4037/7316 7314/4034/7313
f 7317/4037/7316 5909/2421/5908 5901/2410/5900 7314/4034/7313
f 7317/4038/7316 7316/4041/7315 7318/4040/7317 7319/4039/7318
f 7317/4042/7316 7319/4045/7318 7320/4044/7319 5909/4043/5908
f 7320/4044/7319 7321/4047/7320 5910/4046/5909 5909/4043/5908
f 7320/4044/7319 7319/4045/7318 7231/3939/7230 7229/3937/7228
f 7320/4044/7319 7229/3937/7228 7228/3934/7227 7321/4047/7320
f 7321/4047/7320 5911/2425/5910 5664/2422/5663 5910/4046/5909
f 7321/4047/7320 7228/3934/7227 7227/3935/7226 5911/2425/5910
f 7319/4039/7318 7318/4040/7317 7233/3942/7232 7231/3943/7230
f 7318/4040/7317 7316/4041/7315 7315/4049/7314 7322/4048/7321
f 7318/4040/7317 7322/4048/7321 7235/3945/7234 7233/3942/7232
f 7322/4048/7321 7315/4049/7314 7323/4051/7322 7324/4050/7323
f 7322/4048/7321 7324/4050/7323 7325/4052/7324 7235/3945/7234
f 7325/4052/7324 7324/4050/7323 7326/4054/7325 7327/4053/7326
f 7325/4052/7324 7327/4053/7326 7240/3950/7239 7238/3948/7237
f 7325/4052/7324 7238/3948/7237 7236/3944/7235 7235/3945/7234
f 7327/4053/7326 7326/4054/7325 7328/4056/7327 7329/4055/7328
f 7327/4053/7326 7329/4055/7328 7242/3952/7241 7240/3950/7239
f 7329/4055/7328 7328/4056/7327 7330/4058/7329 7331/4057/7330
f 7329/4055/7328 7331/4057/7330 7244/3954/7243 7242/3952/7241
f 7331/4057/7330 7330/4058/7329 7332/4060/7331 7333/4059/7332
f 7331/4057/7330 7333/4059/7332 7246/3956/7245 7244/3954/7243
f 7333/4059/7332 7332/4060/7331 7334/4062/7333 7335/4061/7334
f 7333/4059/7332 7335/4061/7334 7248/3958/7247 7246/3956/7245
f 7335/4061/7334 7334/4062/7333 7287/4002/7286 7286/4003/7285
f 7335/4061/7334 7286/4003/7285 7250/3960/7249 7248/3958/7247
f 7334/4062/7333 7332/4060/7331 5828/4064/5827 5827/4063/5826
f 7334/4062/7333 5827/4063/5826 5834/4005/5833 7287/4002/7286
f 7332/4060/7331 7330/4058/7329 7336/4065/7335 5828/4064/5827
f 7336/4066/7335 7337/4069/7336 7338/4068/7337 7339/4067/7338
f 7336/4066/7335 7339/4067/7338 5829/2317/5828 5828/2318/5827
f 7336/4065/7335 7330/4058/7329 7328/4056/7327 7337/4070/7336
f 7339/4067/7338 7338/4068/7337 5822/2311/5821 5821/2312/5820
f 7339/4067/7338 5821/2312/5820 5826/2315/5825 5829/2317/5828
f 7338/4068/7337 7340/4072/7339 7341/4071/7340 5822/2311/5821
f 7338/4068/7337 7337/4069/7336 7342/4073/7341 7340/4072/7339
f 7342/4073/7341 7323/4074/7322 7311/4032/7310 7340/4072/7339
f 7342/4075/7341 7337/4070/7336 7328/4056/7327 7326/4054/7325
f 7342/4075/7341 7326/4054/7325 7324/4050/7323 7323/4051/7322
f 7341/4071/7340 7309/4030/7308 7307/4028/7306 7343/4076/7342
f 7341/4071/7340 7343/4076/7342 5823/2310/5822 5822/2311/5821
f 7341/4071/7340 7340/4072/7339 7311/4032/7310 7309/4030/7308
f 7343/4076/7342 7307/4028/7306 5842/2337/5841 5835/2328/5834
f 7343/4076/7342 5835/2328/5834 5824/2314/5823 5823/2310/5822
f 7323/4074/7322 7315/4036/7314 7312/4031/7311 7311/4032/7310
f 7314/4034/7313 5901/2410/5900 5900/2411/5899 5907/2416/5906
f 7304/4025/7303 7301/4021/7300 5844/2339/5843 5843/2336/5842
f 7303/4023/7302 5897/2404/5896 5896/2402/5895 7344/4077/7343
f 7303/4023/7302 7344/4077/7343 7300/4019/7299 7299/4020/7298
f 7303/4023/7302 5904/2414/5903 5663/2409/5662 5897/2404/5896
f 7344/4077/7343 5896/2402/5895 5895/2403/5894 5899/2407/5898
f 7344/4077/7343 5899/2407/5898 7345/4078/7344 7300/4019/7299
f 7345/4078/7344 5899/2407/5898 5892/2397/5891 5886/2388/5885
f 7345/4078/7344 5886/2388/5885 5848/2342/5847 5847/2343/5846
f 7345/4078/7344 5847/2343/5846 7297/4017/7296 7300/4019/7299
f 7277/3991/7276 5850/4012/5849 5849/2395/5848 5891/2396/5890
f 6762/3385/6761 6746/3370/6745 6744/3368/6743 6737/3361/6736
f 6761/3383/6760 6760/3384/6759 5866/2364/5865 5865/2365/5864
f 6758/3381/6757 6748/3371/6747 6747/3369/6746 6746/3370/6745
f 6754/3377/6753 5602/1317/5601 4896/1308/4896 6748/3371/6747
f 6744/3368/6743 6740/3364/6739 6738/3360/6737 6737/3361/6736
f 6708/3330/6707 6706/3326/6705 6705/3327/6704 5856/2353/5855
f 6690/3312/6689 6688/3309/6687 5704/2157/5703 5701/2152/5700
f 6685/3307/6684 6683/3304/6682 5702/2156/5701 5704/2157/5703
f 6680/3300/6679 6679/3301/6678 5700/2153/5699 5699/2154/5698
f 6668/3288/6667 6667/3289/6666 5803/2285/5802 5802/2286/5801
f 6655/3277/6654 6653/3273/6652 6652/3274/6651 5721/2177/5720
f 6634/3252/6633 6337/2903/6336 6335/2899/6334 6334/2900/6333
f 6634/3252/6633 6334/2900/6333 6322/2881/6321 6321/2878/6320
f 6633/3253/6632 6340/2906/6339 6338/2902/6337 6337/2903/6336
f 6593/3211/6592 6591/3208/6590 6585/3201/6584 6584/3202/6583
f 6577/3194/6576 5705/2161/5704 5710/2164/5709 5715/2169/5714
f 5504/4079/5504 6358/2928/6357 6354/2922/6353 5580/2923/5579
f 5504/4079/5504 5596/3144/5595 6539/3145/6538 6358/2928/6357
f 6539/3145/6538 6363/2933/6362 6359/2927/6358 6358/2928/6357
f 6539/3145/6538 6538/3140/6537 6537/3141/6536 6363/2933/6362
f 6537/3141/6536 6368/2938/6367 6364/2932/6363 6363/2933/6362
f 6537/3141/6536 6534/3138/6533 6532/3136/6531 6368/2938/6367
f 6532/3136/6531 6373/2943/6372 6369/2937/6368 6368/2938/6367
f 6506/3099/6505 5681/2129/5680 5680/2130/5679 6503/3097/6502
f 6500/3091/6499 5719/2174/5718 5718/2172/5717 6497/3088/6496
f 6495/3086/6494 5716/2171/5715 5710/2164/5709 5709/2162/5708
f 6495/3086/6494 5709/2162/5708 5708/2163/5707 5729/2188/5728
f 6435/3013/6434 5732/2192/5731 4562/2036/4562 5587/944/5586
f 4562/2036/4562 5732/2192/5731 5731/2191/5730 5610/2037/5609
f 5610/2037/5609 5731/2191/5730 6276/2832/6275 5577/751/5576
f 6400/2973/6399 6399/2969/6398 6398/2970/6397 5697/2148/5696
f 6395/2965/6394 6391/2960/6390 5690/2142/5689 5692/2143/5691
f 6384/2952/6383 6383/2953/6382 5688/2139/5687 5687/2140/5686
f 6334/2900/6333 6332/2897/6331 6324/2884/6323 6322/2881/6321
f 6278/2834/6277 6276/2832/6275 5731/2191/5730 5730/2193/5729
f 6255/2811/6254 6251/2806/6250 6227/2783/6226 6225/2781/6224
f 5505/2038/5505 5506/2039/5506 7346/4081/7345 6212/4080/6211
f 5505/2042/5505 6212/2766/6211 6211/2767/6210 4320/681/4320
f 7346/4081/7345 5506/2039/5506 5508/2043/5508 7347/4082/7346
f 7346/4081/7345 7347/4082/7346 7348/4083/7347 6207/2758/6206
f 7346/4081/7345 6207/2758/6206 6206/2759/6205 6212/4080/6211
f 7348/4083/7347 7347/4082/7346 7349/4085/7348 7350/4084/7349
f 7348/4083/7347 7350/4084/7349 7351/4086/7350 6204/2755/6203
f 7348/4083/7347 6204/2755/6203 6203/2756/6202 6207/2758/6206
f 7351/4086/7350 7350/4084/7349 7352/4088/7351 7353/4087/7352
f 7351/4086/7350 7353/4087/7352 7354/4089/7353 5864/2360/5863
f 7351/4086/7350 5864/2360/5863 5863/2361/5862 6204/2755/6203
f 7354/4089/7353 7353/4087/7352 7355/4091/7354 7356/4090/7355
f 7354/4089/7353 7356/4090/7355 7357/4093/7356 7358/4092/7357
f 7354/4089/7353 7358/4092/7357 5653/2354/5652 5864/2360/5863
f 7358/4092/7357 7357/4093/7356 6152/2698/6151 6150/2696/6149
f 7358/4092/7357 6150/2696/6149 5861/2359/5860 5653/2354/5652
f 7357/4093/7356 7356/4090/7355 7359/4095/7358 7360/4094/7359
f 7357/4093/7356 7360/4094/7359 6154/2700/6153 6152/2698/6151
f 7360/4094/7359 7359/4095/7358 7361/4097/7360 7362/4096/7361
f 7360/4094/7359 7362/4096/7361 7363/4098/7362 6154/2700/6153
f 7363/4098/7362 7362/4096/7361 7364/4100/7363 7365/4099/7364
f 7363/4098/7362 7365/4099/7364 6159/2707/6158 6157/2703/6156
f 7363/4098/7362 6157/2703/6156 6155/2699/6154 6154/2700/6153
f 7365/4099/7364 7364/4100/7363 7366/4102/7365 7367/4101/7366
f 7365/4099/7364 7367/4101/7366 7368/4103/7367 6159/2707/6158
f 7368/4103/7367 7367/4101/7366 7369/4105/7368 7370/4104/7369
f 7368/4103/7367 7370/4104/7369 7371/4106/7370 6162/2710/6161
f 7368/4103/7367 6162/2710/6161 6160/2706/6159 6159/2707/6158
f 7371/4106/7370 7370/4104/7369 7372/4108/7371 7373/4107/7372
f 7371/4106/7370 7373/4107/7372 7374/4110/7373 6165/4109/6164
f 7371/4106/7370 6165/4109/6164 6163/2709/6162 6162/2710/6161
f 7374/4110/7373 7373/4107/7372 5537/2073/5537 5538/2074/5538
f 7374/4111/7373 5538/2076/5538 5539/2077/5539 6168/2718/6167
f 7374/4111/7373 6168/2718/6167 6166/2714/6165 6165/2715/6164
f 5539/2077/5539 5572/623/5571 6169/2717/6168 6168/2718/6167
f 5540/2078/5540 5611/2079/5610 7375/4112/7374 7349/4085/7348
f 5540/2078/5540 7349/4085/7348 7347/4082/7346 5508/2043/5508
f 7375/4112/7374 5611/2079/5610 5612/2081/5611 7376/4113/7375
f 7375/4112/7374 7376/4113/7375 7377/4114/7376 7352/4088/7351
f 7375/4112/7374 7352/4088/7351 7350/4084/7349 7349/4085/7348
f 7377/4114/7376 7376/4113/7375 7378/4116/7377 7379/4115/7378
f 7377/4114/7376 7379/4115/7378 7380/4117/7379 7355/4091/7354
f 7377/4114/7376 7355/4091/7354 7353/4087/7352 7352/4088/7351
f 7380/4117/7379 7379/4115/7378 7381/4119/7380 7382/4118/7381
f 7380/4117/7379 7382/4118/7381 7361/4097/7360 7359/4095/7358
f 7380/4117/7379 7359/4095/7358 7356/4090/7355 7355/4091/7354
f 7382/4118/7381 7381/4119/7380 7383/4121/7382 7384/4120/7383
f 7382/4118/7381 7384/4120/7383 7385/4122/7384 7361/4097/7360
f 7385/4122/7384 7384/4120/7383 5917/2430/5916 7386/4123/7385
f 7385/4122/7384 7386/4123/7385 7366/4102/7365 7364/4100/7363
f 7385/4122/7384 7364/4100/7363 7362/4096/7361 7361/4097/7360
f 7386/4123/7385 5917/2430/5916 5916/2431/5915 7387/4124/7386
f 7386/4123/7385 7387/4124/7386 7388/4125/7387 7366/4102/7365
f 7388/4125/7387 7387/4124/7386 7389/4127/7388 7390/4126/7389
f 7388/4125/7387 7390/4126/7389 7391/4128/7390 7369/4105/7368
f 7388/4125/7387 7369/4105/7368 7367/4101/7366 7366/4102/7365
f 7391/4128/7390 7390/4126/7389 5558/2098/5558 5559/2099/5559
f 7391/4128/7390 5559/2099/5559 5560/2100/5560 7372/4108/7371
f 7391/4128/7390 7372/4108/7371 7370/4104/7369 7369/4105/7368
f 5560/2100/5560 5537/2073/5537 7373/4107/7372 7372/4108/7371
f 5613/2101/5612 5561/2102/5561 7392/4129/7391 7378/4116/7377
f 5613/2101/5612 7378/4116/7377 7376/4113/7375 5612/2081/5611
f 7392/4129/7391 5561/2102/5561 5563/2104/5563 7393/4130/7392
f 7392/4129/7391 7393/4130/7392 7383/4121/7382 7381/4119/7380
f 7392/4129/7391 7381/4119/7380 7379/4115/7378 7378/4116/7377
f 7393/4130/7392 5563/2104/5563 5614/2106/5613 5914/2428/5913
f 7393/4130/7392 5914/2428/5913 5913/2429/5912 7383/4121/7382
f 5614/2106/5613 5565/2107/5565 5915/2427/5914 5914/2428/5913
f 5616/2108/5615 5615/2109/5614 7389/4127/7388 5918/2432/5917
f 5616/2108/5615 5918/2432/5917 5915/2427/5914 5565/2107/5565
f 5615/2109/5614 5558/2098/5558 7390/4126/7389 7389/4127/7388
f 7389/4127/7388 7387/4124/7386 5916/2431/5915 5918/2432/5917
f 7384/4120/7383 7383/4121/7382 5913/2429/5912 5917/2430/5916
f 6191/2741/6190 6189/2737/6188 6188/2738/6187 5873/2372/5872
f 6146/2690/6145 6145/2691/6144 5859/2356/5858 5858/2357/5857
f 5948/2465/5947 5944/2460/5943 5926/2442/5925 5925/2443/5924
f 5947/2462/5946 5923/2437/5922 5922/2438/5921 5943/2459/5942
f 5787/2265/5786 5779/2255/5778 5776/2251/5775 5783/2262/5782
f 5784/2261/5783 5783/2262/5782 5776/2251/5775 5775/2253/5774
f 5781/2256/5780 5747/2211/5746 5746/2212/5745 5761/2234/5760
f 5778/2254/5777 5758/2230/5757 5756/2225/5755 5760/2233/5759
f 5778/2254/5777 5760/2233/5759 5771/2246/5770 7394/4131/7393
f 5778/2254/5777 7394/4131/7393 5772/2250/5771 5777/2252/5776
f 7394/4131/7393 5771/2246/5770 5768/2244/5767 5770/2245/5769
f 7394/4131/7393 5770/2245/5769 5773/2249/5772 5772/2250/5771
f 5771/2246/5770 5759/2232/5758 5769/2243/5768 5768/2244/5767
f 5769/2243/5768 5759/2232/5758 5755/2227/5754 5757/2228/5756
f 5769/2243/5768 5757/2228/5756 7395/4132/7394 5765/2242/5764
f 7395/4132/7394 5757/2228/5756 5634/2229/5633 5748/2213/5747
f 7395/4132/7394 5748/2213/5747 5743/2208/5742 7396/4133/7395
f 7395/4132/7394 7396/4133/7395 5766/2241/5765 5765/2242/5764
f 7396/4133/7395 5743/2208/5742 5736/2199/5735 5735/2195/5734
f 7396/4133/7395 5735/2195/5734 5734/2196/5733 5766/2241/5765
